mode: set
github.com/openagentsinc/bahia/internal/service/adoption.go:55.113,56.34 1 1
github.com/openagentsinc/bahia/internal/service/adoption.go:56.34,59.3 2 1
github.com/openagentsinc/bahia/internal/service/adoption.go:64.74,65.34 1 1
github.com/openagentsinc/bahia/internal/service/adoption.go:65.34,67.3 1 1
github.com/openagentsinc/bahia/internal/service/adoption.go:71.119,72.34 1 1
github.com/openagentsinc/bahia/internal/service/adoption.go:72.34,75.3 2 1
github.com/openagentsinc/bahia/internal/service/adoption.go:79.85,80.34 1 1
github.com/openagentsinc/bahia/internal/service/adoption.go:80.34,82.3 1 1
github.com/openagentsinc/bahia/internal/service/adoption.go:97.20,98.19 1 1
github.com/openagentsinc/bahia/internal/service/adoption.go:98.19,100.3 1 0
github.com/openagentsinc/bahia/internal/service/adoption.go:101.2,101.22 1 1
github.com/openagentsinc/bahia/internal/service/adoption.go:101.22,103.3 1 0
github.com/openagentsinc/bahia/internal/service/adoption.go:104.2,117.27 2 1
github.com/openagentsinc/bahia/internal/service/adoption.go:117.27,119.3 1 1
github.com/openagentsinc/bahia/internal/service/adoption.go:120.2,120.12 1 1
github.com/openagentsinc/bahia/internal/service/adoption.go:190.105,193.16 3 1
github.com/openagentsinc/bahia/internal/service/adoption.go:193.16,196.3 2 1
github.com/openagentsinc/bahia/internal/service/adoption.go:197.2,198.16 2 1
github.com/openagentsinc/bahia/internal/service/adoption.go:198.16,201.3 2 0
github.com/openagentsinc/bahia/internal/service/adoption.go:202.2,226.22 6 1
github.com/openagentsinc/bahia/internal/service/adoption.go:230.114,233.16 3 1
github.com/openagentsinc/bahia/internal/service/adoption.go:233.16,236.3 2 0
github.com/openagentsinc/bahia/internal/service/adoption.go:237.2,238.16 2 1
github.com/openagentsinc/bahia/internal/service/adoption.go:238.16,241.3 2 0
github.com/openagentsinc/bahia/internal/service/adoption.go:243.2,244.16 2 1
github.com/openagentsinc/bahia/internal/service/adoption.go:244.16,247.3 2 0
github.com/openagentsinc/bahia/internal/service/adoption.go:248.2,252.35 4 1
github.com/openagentsinc/bahia/internal/service/adoption.go:252.35,253.26 1 1
github.com/openagentsinc/bahia/internal/service/adoption.go:253.26,254.21 1 1
github.com/openagentsinc/bahia/internal/service/adoption.go:254.21,256.5 1 0
github.com/openagentsinc/bahia/internal/service/adoption.go:256.10,257.86 1 1
github.com/openagentsinc/bahia/internal/service/adoption.go:257.86,260.6 2 1
github.com/openagentsinc/bahia/internal/service/adoption.go:262.4,262.12 1 1
github.com/openagentsinc/bahia/internal/service/adoption.go:264.3,264.48 1 1
github.com/openagentsinc/bahia/internal/service/adoption.go:264.48,267.16 3 1
github.com/openagentsinc/bahia/internal/service/adoption.go:267.16,269.5 1 1
github.com/openagentsinc/bahia/internal/service/adoption.go:270.4,270.35 1 1
github.com/openagentsinc/bahia/internal/service/adoption.go:270.35,271.13 1 1
github.com/openagentsinc/bahia/internal/service/adoption.go:273.4,274.55 2 1
github.com/openagentsinc/bahia/internal/service/adoption.go:274.55,276.5 1 1
github.com/openagentsinc/bahia/internal/service/adoption.go:277.4,277.95 1 1
github.com/openagentsinc/bahia/internal/service/adoption.go:280.2,280.20 1 1
github.com/openagentsinc/bahia/internal/service/adoption.go:280.20,281.44 1 1
github.com/openagentsinc/bahia/internal/service/adoption.go:281.44,282.45 1 1
github.com/openagentsinc/bahia/internal/service/adoption.go:282.45,283.13 1 1
github.com/openagentsinc/bahia/internal/service/adoption.go:285.4,285.201 1 1
github.com/openagentsinc/bahia/internal/service/adoption.go:288.2,290.22 3 1
github.com/openagentsinc/bahia/internal/service/adoption.go:290.22,292.3 1 1
github.com/openagentsinc/bahia/internal/service/adoption.go:293.2,293.64 1 1
github.com/openagentsinc/bahia/internal/service/adoption.go:293.64,295.3 1 1
github.com/openagentsinc/bahia/internal/service/adoption.go:296.2,306.22 2 1
github.com/openagentsinc/bahia/internal/service/adoption.go:309.147,312.33 3 1
github.com/openagentsinc/bahia/internal/service/adoption.go:312.33,315.25 3 1
github.com/openagentsinc/bahia/internal/service/adoption.go:315.25,317.12 2 1
github.com/openagentsinc/bahia/internal/service/adoption.go:319.3,319.48 1 1
github.com/openagentsinc/bahia/internal/service/adoption.go:319.48,325.35 6 1
github.com/openagentsinc/bahia/internal/service/adoption.go:325.35,327.32 2 1
github.com/openagentsinc/bahia/internal/service/adoption.go:327.32,330.6 2 1
github.com/openagentsinc/bahia/internal/service/adoption.go:332.4,342.23 2 1
github.com/openagentsinc/bahia/internal/service/adoption.go:342.23,345.5 2 1
github.com/openagentsinc/bahia/internal/service/adoption.go:346.4,346.62 1 1
github.com/openagentsinc/bahia/internal/service/adoption.go:348.3,348.24 1 1
github.com/openagentsinc/bahia/internal/service/adoption.go:350.2,350.17 1 1
github.com/openagentsinc/bahia/internal/service/adoption.go:353.164,355.16 2 1
github.com/openagentsinc/bahia/internal/service/adoption.go:355.16,357.3 1 0
github.com/openagentsinc/bahia/internal/service/adoption.go:358.2,359.82 2 1
github.com/openagentsinc/bahia/internal/service/adoption.go:359.82,362.83 3 0
github.com/openagentsinc/bahia/internal/service/adoption.go:362.83,364.4 1 0
github.com/openagentsinc/bahia/internal/service/adoption.go:366.2,367.13 2 1
github.com/openagentsinc/bahia/internal/service/adoption.go:370.150,372.35 2 1
github.com/openagentsinc/bahia/internal/service/adoption.go:372.35,374.3 1 1
github.com/openagentsinc/bahia/internal/service/adoption.go:375.2,375.57 1 1
github.com/openagentsinc/bahia/internal/service/adoption.go:378.164,389.26 3 1
github.com/openagentsinc/bahia/internal/service/adoption.go:389.26,394.3 4 1
github.com/openagentsinc/bahia/internal/service/adoption.go:395.2,395.64 1 1
github.com/openagentsinc/bahia/internal/service/adoption.go:395.64,400.3 4 0
github.com/openagentsinc/bahia/internal/service/adoption.go:401.2,401.23 1 1
github.com/openagentsinc/bahia/internal/service/adoption.go:401.23,406.3 4 0
github.com/openagentsinc/bahia/internal/service/adoption.go:408.2,411.96 4 1
github.com/openagentsinc/bahia/internal/service/adoption.go:411.96,416.3 4 1
github.com/openagentsinc/bahia/internal/service/adoption.go:418.2,420.50 3 1
github.com/openagentsinc/bahia/internal/service/adoption.go:420.50,426.17 5 1
github.com/openagentsinc/bahia/internal/service/adoption.go:426.17,428.4 1 1
github.com/openagentsinc/bahia/internal/service/adoption.go:429.3,432.17 3 1
github.com/openagentsinc/bahia/internal/service/adoption.go:432.17,434.4 1 0
github.com/openagentsinc/bahia/internal/service/adoption.go:435.3,439.17 4 1
github.com/openagentsinc/bahia/internal/service/adoption.go:439.17,441.4 1 0
github.com/openagentsinc/bahia/internal/service/adoption.go:442.3,445.17 3 1
github.com/openagentsinc/bahia/internal/service/adoption.go:445.17,447.4 1 1
github.com/openagentsinc/bahia/internal/service/adoption.go:448.3,456.56 3 1
github.com/openagentsinc/bahia/internal/service/adoption.go:456.56,458.4 1 1
github.com/openagentsinc/bahia/internal/service/adoption.go:460.3,461.62 2 1
github.com/openagentsinc/bahia/internal/service/adoption.go:461.62,463.4 1 0
github.com/openagentsinc/bahia/internal/service/adoption.go:465.3,465.130 1 1
github.com/openagentsinc/bahia/internal/service/adoption.go:465.130,467.4 1 0
github.com/openagentsinc/bahia/internal/service/adoption.go:469.3,470.21 2 1
github.com/openagentsinc/bahia/internal/service/adoption.go:470.21,472.4 1 1
github.com/openagentsinc/bahia/internal/service/adoption.go:473.3,488.13 4 1
github.com/openagentsinc/bahia/internal/service/adoption.go:491.2,492.25 2 1
github.com/openagentsinc/bahia/internal/service/adoption.go:492.25,493.44 1 1
github.com/openagentsinc/bahia/internal/service/adoption.go:493.44,497.52 4 1
github.com/openagentsinc/bahia/internal/service/adoption.go:497.52,498.10 1 1
github.com/openagentsinc/bahia/internal/service/adoption.go:501.8,503.3 1 1
github.com/openagentsinc/bahia/internal/service/adoption.go:504.2,504.16 1 1
github.com/openagentsinc/bahia/internal/service/adoption.go:504.16,509.3 4 1
github.com/openagentsinc/bahia/internal/service/adoption.go:510.2,510.34 1 1
github.com/openagentsinc/bahia/internal/service/adoption.go:510.34,512.3 1 1
github.com/openagentsinc/bahia/internal/service/adoption.go:513.2,513.28 1 1
github.com/openagentsinc/bahia/internal/service/adoption.go:513.28,515.3 1 1
github.com/openagentsinc/bahia/internal/service/adoption.go:516.2,517.15 2 1
github.com/openagentsinc/bahia/internal/service/adoption.go:520.119,533.29 2 1
github.com/openagentsinc/bahia/internal/service/adoption.go:533.29,535.3 1 1
github.com/openagentsinc/bahia/internal/service/adoption.go:536.2,536.33 1 1
github.com/openagentsinc/bahia/internal/service/adoption.go:536.33,538.3 1 1
github.com/openagentsinc/bahia/internal/service/adoption.go:539.2,539.30 1 1
github.com/openagentsinc/bahia/internal/service/adoption.go:539.30,541.3 1 1
github.com/openagentsinc/bahia/internal/service/adoption.go:542.2,542.24 1 1
github.com/openagentsinc/bahia/internal/service/adoption.go:542.24,544.3 1 1
github.com/openagentsinc/bahia/internal/service/adoption.go:545.2,545.65 1 1
github.com/openagentsinc/bahia/internal/service/adoption.go:548.47,550.29 2 1
github.com/openagentsinc/bahia/internal/service/adoption.go:550.29,552.3 1 1
github.com/openagentsinc/bahia/internal/service/adoption.go:553.2,553.20 1 1
github.com/openagentsinc/bahia/internal/service/adoption.go:554.33,555.14 1 1
github.com/openagentsinc/bahia/internal/service/adoption.go:556.10,557.15 1 0
github.com/openagentsinc/bahia/internal/service/adoption.go:561.149,562.35 1 1
github.com/openagentsinc/bahia/internal/service/adoption.go:562.35,563.26 1 1
github.com/openagentsinc/bahia/internal/service/adoption.go:563.26,565.4 1 0
github.com/openagentsinc/bahia/internal/service/adoption.go:566.3,567.48 2 1
github.com/openagentsinc/bahia/internal/service/adoption.go:567.48,570.4 2 1
github.com/openagentsinc/bahia/internal/service/adoption.go:572.2,572.85 1 1
github.com/openagentsinc/bahia/internal/service/adoption.go:575.146,576.33 1 1
github.com/openagentsinc/bahia/internal/service/adoption.go:576.33,577.66 1 1
github.com/openagentsinc/bahia/internal/service/adoption.go:577.66,579.4 1 1
github.com/openagentsinc/bahia/internal/service/adoption.go:579.9,581.4 1 1
github.com/openagentsinc/bahia/internal/service/adoption.go:582.3,583.57 2 1
github.com/openagentsinc/bahia/internal/service/adoption.go:585.2,585.79 1 1
github.com/openagentsinc/bahia/internal/service/adoption.go:588.88,589.27 1 1
github.com/openagentsinc/bahia/internal/service/adoption.go:589.27,591.3 1 1
github.com/openagentsinc/bahia/internal/service/adoption.go:592.2,592.31 1 1
github.com/openagentsinc/bahia/internal/service/adoption.go:592.31,594.3 1 1
github.com/openagentsinc/bahia/internal/service/adoption.go:595.2,595.25 1 1
github.com/openagentsinc/bahia/internal/service/adoption.go:595.25,597.3 1 1
github.com/openagentsinc/bahia/internal/service/adoption.go:598.2,598.28 1 1
github.com/openagentsinc/bahia/internal/service/adoption.go:598.28,600.3 1 1
github.com/openagentsinc/bahia/internal/service/adoption.go:601.2,601.24 1 1
github.com/openagentsinc/bahia/internal/service/adoption.go:601.24,603.3 1 1
github.com/openagentsinc/bahia/internal/service/adoption.go:604.2,604.31 1 1
github.com/openagentsinc/bahia/internal/service/adoption.go:604.31,606.3 1 1
github.com/openagentsinc/bahia/internal/service/adoption.go:607.2,607.26 1 1
github.com/openagentsinc/bahia/internal/service/adoption.go:607.26,609.3 1 1
github.com/openagentsinc/bahia/internal/service/adoption.go:610.2,610.14 1 1
github.com/openagentsinc/bahia/internal/service/adoption.go:613.87,627.2 1 1
github.com/openagentsinc/bahia/internal/service/adoption.go:629.200,631.16 2 1
github.com/openagentsinc/bahia/internal/service/adoption.go:631.16,633.3 1 0
github.com/openagentsinc/bahia/internal/service/adoption.go:634.2,639.30 2 1
github.com/openagentsinc/bahia/internal/service/adoption.go:639.30,641.3 1 1
github.com/openagentsinc/bahia/internal/service/adoption.go:641.8,643.3 1 1
github.com/openagentsinc/bahia/internal/service/adoption.go:644.2,644.21 1 1
github.com/openagentsinc/bahia/internal/service/adoption.go:644.21,649.62 2 1
github.com/openagentsinc/bahia/internal/service/adoption.go:649.62,651.4 1 0
github.com/openagentsinc/bahia/internal/service/adoption.go:652.3,652.18 1 1
github.com/openagentsinc/bahia/internal/service/adoption.go:655.2,655.35 1 1
github.com/openagentsinc/bahia/internal/service/adoption.go:655.35,657.3 1 0
github.com/openagentsinc/bahia/internal/service/adoption.go:658.2,658.146 1 1
github.com/openagentsinc/bahia/internal/service/adoption.go:658.146,660.3 1 1
github.com/openagentsinc/bahia/internal/service/adoption.go:661.2,661.141 1 1
github.com/openagentsinc/bahia/internal/service/adoption.go:661.141,663.3 1 0
github.com/openagentsinc/bahia/internal/service/adoption.go:664.2,664.161 1 1
github.com/openagentsinc/bahia/internal/service/adoption.go:664.161,666.3 1 0
github.com/openagentsinc/bahia/internal/service/adoption.go:667.2,667.138 1 1
github.com/openagentsinc/bahia/internal/service/adoption.go:667.138,669.3 1 0
github.com/openagentsinc/bahia/internal/service/adoption.go:670.2,671.30 2 1
github.com/openagentsinc/bahia/internal/service/adoption.go:671.30,672.57 1 0
github.com/openagentsinc/bahia/internal/service/adoption.go:672.57,675.4 2 0
github.com/openagentsinc/bahia/internal/service/adoption.go:676.8,676.64 1 1
github.com/openagentsinc/bahia/internal/service/adoption.go:676.64,679.3 2 0
github.com/openagentsinc/bahia/internal/service/adoption.go:680.2,680.27 1 1
github.com/openagentsinc/bahia/internal/service/adoption.go:680.27,681.37 1 1
github.com/openagentsinc/bahia/internal/service/adoption.go:681.37,684.4 2 0
github.com/openagentsinc/bahia/internal/service/adoption.go:686.2,686.13 1 1
github.com/openagentsinc/bahia/internal/service/adoption.go:686.13,687.67 1 0
github.com/openagentsinc/bahia/internal/service/adoption.go:687.67,689.4 1 0
github.com/openagentsinc/bahia/internal/service/adoption.go:691.2,691.22 1 1
github.com/openagentsinc/bahia/internal/service/adoption.go:694.290,697.16 3 1
github.com/openagentsinc/bahia/internal/service/adoption.go:697.16,699.3 1 0
github.com/openagentsinc/bahia/internal/service/adoption.go:700.2,701.16 2 1
github.com/openagentsinc/bahia/internal/service/adoption.go:701.16,703.3 1 0
github.com/openagentsinc/bahia/internal/service/adoption.go:704.2,704.70 1 1
github.com/openagentsinc/bahia/internal/service/adoption.go:704.70,706.3 1 0
github.com/openagentsinc/bahia/internal/service/adoption.go:707.2,707.69 1 1
github.com/openagentsinc/bahia/internal/service/adoption.go:707.69,709.3 1 0
github.com/openagentsinc/bahia/internal/service/adoption.go:711.2,712.21 2 1
github.com/openagentsinc/bahia/internal/service/adoption.go:712.21,714.3 1 1
github.com/openagentsinc/bahia/internal/service/adoption.go:715.2,715.21 1 1
github.com/openagentsinc/bahia/internal/service/adoption.go:715.21,722.58 2 1
github.com/openagentsinc/bahia/internal/service/adoption.go:722.58,724.4 1 0
github.com/openagentsinc/bahia/internal/service/adoption.go:725.3,725.24 1 1
github.com/openagentsinc/bahia/internal/service/adoption.go:727.2,730.62 4 1
github.com/openagentsinc/bahia/internal/service/adoption.go:730.62,732.3 1 0
github.com/openagentsinc/bahia/internal/service/adoption.go:733.2,733.29 1 1
github.com/openagentsinc/bahia/internal/service/adoption.go:736.205,738.16 2 1
github.com/openagentsinc/bahia/internal/service/adoption.go:738.16,740.3 1 0
github.com/openagentsinc/bahia/internal/service/adoption.go:741.2,741.26 1 1
github.com/openagentsinc/bahia/internal/service/adoption.go:741.26,742.58 1 1
github.com/openagentsinc/bahia/internal/service/adoption.go:742.58,744.4 1 1
github.com/openagentsinc/bahia/internal/service/adoption.go:746.2,746.17 1 1
github.com/openagentsinc/bahia/internal/service/adoption.go:749.210,752.16 3 1
github.com/openagentsinc/bahia/internal/service/adoption.go:752.16,754.3 1 0
github.com/openagentsinc/bahia/internal/service/adoption.go:755.2,755.21 1 1
github.com/openagentsinc/bahia/internal/service/adoption.go:755.21,756.38 1 1
github.com/openagentsinc/bahia/internal/service/adoption.go:756.38,758.4 1 0
github.com/openagentsinc/bahia/internal/service/adoption.go:759.3,759.23 1 1
github.com/openagentsinc/bahia/internal/service/adoption.go:761.2,762.18 2 1
github.com/openagentsinc/bahia/internal/service/adoption.go:762.18,764.3 1 1
github.com/openagentsinc/bahia/internal/service/adoption.go:765.2,766.18 2 1
github.com/openagentsinc/bahia/internal/service/adoption.go:766.18,768.3 1 0
github.com/openagentsinc/bahia/internal/service/adoption.go:769.2,786.52 2 1
github.com/openagentsinc/bahia/internal/service/adoption.go:786.52,788.3 1 1
github.com/openagentsinc/bahia/internal/service/adoption.go:789.2,792.50 4 1
github.com/openagentsinc/bahia/internal/service/adoption.go:792.50,794.3 1 0
github.com/openagentsinc/bahia/internal/service/adoption.go:795.2,795.19 1 1
github.com/openagentsinc/bahia/internal/service/adoption.go:798.208,800.16 2 1
github.com/openagentsinc/bahia/internal/service/adoption.go:800.16,802.3 1 0
github.com/openagentsinc/bahia/internal/service/adoption.go:803.2,803.21 1 1
github.com/openagentsinc/bahia/internal/service/adoption.go:803.21,804.38 1 1
github.com/openagentsinc/bahia/internal/service/adoption.go:804.38,806.4 1 1
github.com/openagentsinc/bahia/internal/service/adoption.go:807.3,807.23 1 1
github.com/openagentsinc/bahia/internal/service/adoption.go:809.2,810.20 2 1
github.com/openagentsinc/bahia/internal/service/adoption.go:810.20,812.3 1 0
github.com/openagentsinc/bahia/internal/service/adoption.go:813.2,828.56 2 1
github.com/openagentsinc/bahia/internal/service/adoption.go:828.56,830.3 1 0
github.com/openagentsinc/bahia/internal/service/adoption.go:831.2,831.22 1 1
github.com/openagentsinc/bahia/internal/service/adoption.go:834.104,835.23 1 1
github.com/openagentsinc/bahia/internal/service/adoption.go:835.23,837.3 1 0
github.com/openagentsinc/bahia/internal/service/adoption.go:838.2,840.33 3 1
github.com/openagentsinc/bahia/internal/service/adoption.go:840.33,844.35 4 1
github.com/openagentsinc/bahia/internal/service/adoption.go:844.35,846.4 1 1
github.com/openagentsinc/bahia/internal/service/adoption.go:847.3,848.24 2 1
github.com/openagentsinc/bahia/internal/service/adoption.go:848.24,850.4 1 0
github.com/openagentsinc/bahia/internal/service/adoption.go:851.3,851.58 1 1
github.com/openagentsinc/bahia/internal/service/adoption.go:851.58,853.4 1 0
github.com/openagentsinc/bahia/internal/service/adoption.go:854.3,854.58 1 1
github.com/openagentsinc/bahia/internal/service/adoption.go:854.58,856.4 1 0
github.com/openagentsinc/bahia/internal/service/adoption.go:857.3,857.31 1 1
github.com/openagentsinc/bahia/internal/service/adoption.go:857.31,859.11 2 1
github.com/openagentsinc/bahia/internal/service/adoption.go:859.11,861.5 1 0
github.com/openagentsinc/bahia/internal/service/adoption.go:862.4,862.52 1 1
github.com/openagentsinc/bahia/internal/service/adoption.go:862.52,864.5 1 0
github.com/openagentsinc/bahia/internal/service/adoption.go:865.4,867.62 3 1
github.com/openagentsinc/bahia/internal/service/adoption.go:868.9,869.30 1 1
github.com/openagentsinc/bahia/internal/service/adoption.go:869.30,871.5 1 1
github.com/openagentsinc/bahia/internal/service/adoption.go:872.4,872.31 1 1
github.com/openagentsinc/bahia/internal/service/adoption.go:872.31,874.5 1 0
github.com/openagentsinc/bahia/internal/service/adoption.go:876.3,876.37 1 1
github.com/openagentsinc/bahia/internal/service/adoption.go:876.37,878.4 1 0
github.com/openagentsinc/bahia/internal/service/adoption.go:879.3,880.28 2 1
github.com/openagentsinc/bahia/internal/service/adoption.go:882.2,882.17 1 1
github.com/openagentsinc/bahia/internal/service/adoption.go:885.99,886.48 1 1
github.com/openagentsinc/bahia/internal/service/adoption.go:886.48,888.3 1 0
github.com/openagentsinc/bahia/internal/service/adoption.go:889.2,890.43 2 1
github.com/openagentsinc/bahia/internal/service/adoption.go:890.43,894.64 4 1
github.com/openagentsinc/bahia/internal/service/adoption.go:894.64,896.4 1 0
github.com/openagentsinc/bahia/internal/service/adoption.go:897.3,897.42 1 1
github.com/openagentsinc/bahia/internal/service/adoption.go:897.42,899.43 2 1
github.com/openagentsinc/bahia/internal/service/adoption.go:899.43,901.5 1 0
github.com/openagentsinc/bahia/internal/service/adoption.go:903.3,903.77 1 1
github.com/openagentsinc/bahia/internal/service/adoption.go:905.2,905.17 1 1
github.com/openagentsinc/bahia/internal/service/adoption.go:908.89,910.33 2 1
github.com/openagentsinc/bahia/internal/service/adoption.go:910.33,912.3 1 1
github.com/openagentsinc/bahia/internal/service/adoption.go:913.2,913.12 1 1
github.com/openagentsinc/bahia/internal/service/adoption.go:916.73,917.111 1 1
github.com/openagentsinc/bahia/internal/service/adoption.go:917.111,919.3 1 1
github.com/openagentsinc/bahia/internal/service/adoption.go:920.2,920.56 1 1
github.com/openagentsinc/bahia/internal/service/adoption.go:923.159,941.2 1 1
github.com/openagentsinc/bahia/internal/service/adoption.go:943.113,944.80 1 1
github.com/openagentsinc/bahia/internal/service/adoption.go:944.80,946.3 1 0
github.com/openagentsinc/bahia/internal/service/adoption.go:947.2,948.88 2 1
github.com/openagentsinc/bahia/internal/service/adoption.go:951.67,953.2 1 1
github.com/openagentsinc/bahia/internal/service/adoption.go:955.90,957.2 1 1
github.com/openagentsinc/bahia/internal/service/adoption.go:959.185,960.28 1 1
github.com/openagentsinc/bahia/internal/service/adoption.go:960.28,962.3 1 1
github.com/openagentsinc/bahia/internal/service/adoption.go:963.2,963.48 1 1
github.com/openagentsinc/bahia/internal/service/adoption.go:963.48,965.3 1 0
github.com/openagentsinc/bahia/internal/service/adoption.go:966.2,967.27 2 1
github.com/openagentsinc/bahia/internal/service/adoption.go:967.27,970.17 3 1
github.com/openagentsinc/bahia/internal/service/adoption.go:970.17,972.4 1 0
github.com/openagentsinc/bahia/internal/service/adoption.go:973.3,973.75 1 1
github.com/openagentsinc/bahia/internal/service/adoption.go:973.75,975.4 1 0
github.com/openagentsinc/bahia/internal/service/adoption.go:976.3,986.53 2 1
github.com/openagentsinc/bahia/internal/service/adoption.go:986.53,988.4 1 0
github.com/openagentsinc/bahia/internal/service/adoption.go:990.2,990.12 1 1
github.com/openagentsinc/bahia/internal/service/adoption.go:1002.106,1011.2 1 1
github.com/openagentsinc/bahia/internal/service/adoption.go:1013.49,1015.13 2 1
github.com/openagentsinc/bahia/internal/service/adoption.go:1015.13,1017.3 1 0
github.com/openagentsinc/bahia/internal/service/adoption.go:1018.2,1018.359 1 1
github.com/openagentsinc/bahia/internal/service/adoption.go:1018.359,1019.33 1 1
github.com/openagentsinc/bahia/internal/service/adoption.go:1019.33,1021.4 1 1
github.com/openagentsinc/bahia/internal/service/adoption.go:1023.2,1023.162 1 1
github.com/openagentsinc/bahia/internal/service/adoption.go:1023.162,1024.35 1 1
github.com/openagentsinc/bahia/internal/service/adoption.go:1024.35,1026.4 1 0
github.com/openagentsinc/bahia/internal/service/adoption.go:1028.2,1028.110 1 1
github.com/openagentsinc/bahia/internal/service/adoption.go:1031.43,1033.13 2 1
github.com/openagentsinc/bahia/internal/service/adoption.go:1033.13,1035.3 1 0
github.com/openagentsinc/bahia/internal/service/adoption.go:1036.2,1036.170 1 1
github.com/openagentsinc/bahia/internal/service/adoption.go:1036.170,1037.33 1 1
github.com/openagentsinc/bahia/internal/service/adoption.go:1037.33,1039.4 1 1
github.com/openagentsinc/bahia/internal/service/adoption.go:1041.2,1041.14 1 1
github.com/openagentsinc/bahia/internal/service/adoption.go:1044.89,1045.18 1 1
github.com/openagentsinc/bahia/internal/service/adoption.go:1045.18,1047.3 1 1
github.com/openagentsinc/bahia/internal/service/adoption.go:1048.2,1049.23 2 1
github.com/openagentsinc/bahia/internal/service/adoption.go:1049.23,1050.22 1 1
github.com/openagentsinc/bahia/internal/service/adoption.go:1050.22,1052.4 1 1
github.com/openagentsinc/bahia/internal/service/adoption.go:1054.2,1054.19 1 1
github.com/openagentsinc/bahia/internal/service/adoption.go:1054.19,1056.3 1 0
github.com/openagentsinc/bahia/internal/service/adoption.go:1057.2,1057.12 1 1
github.com/openagentsinc/bahia/internal/service/adoption.go:1060.94,1061.18 1 1
github.com/openagentsinc/bahia/internal/service/adoption.go:1061.18,1063.3 1 1
github.com/openagentsinc/bahia/internal/service/adoption.go:1064.2,1065.23 2 1
github.com/openagentsinc/bahia/internal/service/adoption.go:1065.23,1066.21 1 1
github.com/openagentsinc/bahia/internal/service/adoption.go:1066.21,1068.4 1 1
github.com/openagentsinc/bahia/internal/service/adoption.go:1070.2,1070.19 1 1
github.com/openagentsinc/bahia/internal/service/adoption.go:1070.19,1072.3 1 1
github.com/openagentsinc/bahia/internal/service/adoption.go:1073.2,1073.12 1 1
github.com/openagentsinc/bahia/internal/service/adoption.go:1076.82,1077.18 1 1
github.com/openagentsinc/bahia/internal/service/adoption.go:1077.18,1079.3 1 1
github.com/openagentsinc/bahia/internal/service/adoption.go:1080.2,1081.20 2 1
github.com/openagentsinc/bahia/internal/service/adoption.go:1081.20,1082.21 1 1
github.com/openagentsinc/bahia/internal/service/adoption.go:1082.21,1084.4 1 1
github.com/openagentsinc/bahia/internal/service/adoption.go:1086.2,1087.13 2 1
github.com/openagentsinc/bahia/internal/service/adoption.go:1090.54,1092.20 2 1
github.com/openagentsinc/bahia/internal/service/adoption.go:1092.20,1094.3 1 1
github.com/openagentsinc/bahia/internal/service/adoption.go:1095.2,1096.13 2 1
github.com/openagentsinc/bahia/internal/service/adoption.go:1099.150,1119.52 2 1
github.com/openagentsinc/bahia/internal/service/adoption.go:1119.52,1121.3 1 1
github.com/openagentsinc/bahia/internal/service/adoption.go:1122.2,1122.12 1 1
github.com/openagentsinc/bahia/internal/service/adoption.go:1125.68,1126.30 1 1
github.com/openagentsinc/bahia/internal/service/adoption.go:1126.30,1128.3 1 1
github.com/openagentsinc/bahia/internal/service/adoption.go:1129.2,1129.29 1 1
github.com/openagentsinc/bahia/internal/service/adoption.go:1129.29,1131.3 1 1
github.com/openagentsinc/bahia/internal/service/adoption.go:1132.2,1132.12 1 0
github.com/openagentsinc/bahia/internal/service/adoption.go:1135.106,1138.41 3 1
github.com/openagentsinc/bahia/internal/service/adoption.go:1138.41,1139.37 1 1
github.com/openagentsinc/bahia/internal/service/adoption.go:1139.37,1141.4 1 1
github.com/openagentsinc/bahia/internal/service/adoption.go:1143.2,1143.12 1 1
github.com/openagentsinc/bahia/internal/service/adoption.go:1146.58,1148.2 1 1
github.com/openagentsinc/bahia/internal/service/adoption.go:1150.32,1152.19 2 0
github.com/openagentsinc/bahia/internal/service/adoption.go:1152.19,1154.3 1 0
github.com/openagentsinc/bahia/internal/service/adoption.go:1155.2,1155.16 1 0
github.com/openagentsinc/bahia/internal/service/adoption.go:1160.48,1164.35 4 1
github.com/openagentsinc/bahia/internal/service/adoption.go:1164.35,1166.3 1 0
github.com/openagentsinc/bahia/internal/service/adoption.go:1167.2,1167.13 1 1
github.com/openagentsinc/bahia/internal/service/adoption.go:1170.42,1172.9 2 1
github.com/openagentsinc/bahia/internal/service/adoption.go:1172.9,1174.3 1 1
github.com/openagentsinc/bahia/internal/service/adoption.go:1175.2,1175.35 1 1
github.com/openagentsinc/bahia/internal/service/adoption.go:1178.60,1179.18 1 1
github.com/openagentsinc/bahia/internal/service/adoption.go:1179.18,1181.3 1 0
github.com/openagentsinc/bahia/internal/service/adoption.go:1182.2,1183.23 2 1
github.com/openagentsinc/bahia/internal/service/adoption.go:1183.23,1185.3 1 1
github.com/openagentsinc/bahia/internal/service/adoption.go:1186.2,1186.12 1 1
github.com/openagentsinc/bahia/internal/service/job_stats.go:46.60,47.23 1 1
github.com/openagentsinc/bahia/internal/service/job_stats.go:47.23,49.3 1 1
github.com/openagentsinc/bahia/internal/service/job_stats.go:50.2,53.3 1 1
github.com/openagentsinc/bahia/internal/service/job_stats.go:57.100,62.9 4 1
github.com/openagentsinc/bahia/internal/service/job_stats.go:62.9,67.3 2 1
github.com/openagentsinc/bahia/internal/service/job_stats.go:69.2,72.13 3 1
github.com/openagentsinc/bahia/internal/service/job_stats.go:72.13,74.3 1 1
github.com/openagentsinc/bahia/internal/service/job_stats.go:74.8,76.3 1 1
github.com/openagentsinc/bahia/internal/service/job_stats.go:79.2,85.41 2 1
github.com/openagentsinc/bahia/internal/service/job_stats.go:85.41,87.3 1 1
github.com/openagentsinc/bahia/internal/service/job_stats.go:87.8,90.3 2 1
github.com/openagentsinc/bahia/internal/service/job_stats.go:94.66,99.9 4 1
github.com/openagentsinc/bahia/internal/service/job_stats.go:99.9,101.3 1 1
github.com/openagentsinc/bahia/internal/service/job_stats.go:103.2,113.36 4 1
github.com/openagentsinc/bahia/internal/service/job_stats.go:113.36,114.40 1 1
github.com/openagentsinc/bahia/internal/service/job_stats.go:114.40,117.4 2 1
github.com/openagentsinc/bahia/internal/service/job_stats.go:119.2,119.15 1 1
github.com/openagentsinc/bahia/internal/service/job_stats.go:119.15,121.3 1 1
github.com/openagentsinc/bahia/internal/service/job_stats.go:123.2,123.14 1 1
github.com/openagentsinc/bahia/internal/service/job_stats.go:127.52,132.32 4 1
github.com/openagentsinc/bahia/internal/service/job_stats.go:132.32,138.3 4 1
github.com/openagentsinc/bahia/internal/service/job_stats.go:139.2,139.15 1 1
github.com/openagentsinc/bahia/internal/service/job_stats.go:143.68,146.16 3 1
github.com/openagentsinc/bahia/internal/service/job_stats.go:146.16,148.3 1 1
github.com/openagentsinc/bahia/internal/service/job_stats.go:149.2,149.55 1 1
github.com/openagentsinc/bahia/internal/service/llm_placement.go:29.110,30.19 1 1
github.com/openagentsinc/bahia/internal/service/llm_placement.go:30.19,32.3 1 0
github.com/openagentsinc/bahia/internal/service/llm_placement.go:33.2,33.69 1 1
github.com/openagentsinc/bahia/internal/service/llm_placement.go:37.177,38.20 1 1
github.com/openagentsinc/bahia/internal/service/llm_placement.go:38.20,40.3 1 0
github.com/openagentsinc/bahia/internal/service/llm_placement.go:41.2,43.80 3 1
github.com/openagentsinc/bahia/internal/service/llm_placement.go:43.80,44.39 1 1
github.com/openagentsinc/bahia/internal/service/llm_placement.go:44.39,49.4 1 1
github.com/openagentsinc/bahia/internal/service/llm_placement.go:50.3,50.157 1 0
github.com/openagentsinc/bahia/internal/service/llm_placement.go:53.2,54.16 2 1
github.com/openagentsinc/bahia/internal/service/llm_placement.go:54.16,56.3 1 0
github.com/openagentsinc/bahia/internal/service/llm_placement.go:57.2,57.59 1 1
github.com/openagentsinc/bahia/internal/service/llm_placement.go:57.59,59.3 1 1
github.com/openagentsinc/bahia/internal/service/llm_placement.go:60.2,61.35 2 1
github.com/openagentsinc/bahia/internal/service/llm_placement.go:61.35,62.47 1 1
github.com/openagentsinc/bahia/internal/service/llm_placement.go:62.47,63.40 1 1
github.com/openagentsinc/bahia/internal/service/llm_placement.go:63.40,68.5 1 0
github.com/openagentsinc/bahia/internal/service/llm_placement.go:69.4,70.12 2 1
github.com/openagentsinc/bahia/internal/service/llm_placement.go:72.3,74.27 3 1
github.com/openagentsinc/bahia/internal/service/llm_placement.go:74.27,75.12 1 1
github.com/openagentsinc/bahia/internal/service/llm_placement.go:77.3,77.52 1 1
github.com/openagentsinc/bahia/internal/service/llm_placement.go:77.52,78.88 1 0
github.com/openagentsinc/bahia/internal/service/llm_placement.go:78.88,80.5 1 0
github.com/openagentsinc/bahia/internal/service/llm_placement.go:81.4,81.50 1 0
github.com/openagentsinc/bahia/internal/service/llm_placement.go:81.50,83.5 1 0
github.com/openagentsinc/bahia/internal/service/llm_placement.go:84.4,84.82 1 0
github.com/openagentsinc/bahia/internal/service/llm_placement.go:86.3,92.20 3 1
github.com/openagentsinc/bahia/internal/service/llm_placement.go:94.2,94.118 1 1
github.com/openagentsinc/bahia/internal/service/llm_placement.go:97.225,100.25 3 1
github.com/openagentsinc/bahia/internal/service/llm_placement.go:100.25,102.29 2 1
github.com/openagentsinc/bahia/internal/service/llm_placement.go:102.29,104.12 2 1
github.com/openagentsinc/bahia/internal/service/llm_placement.go:106.3,106.61 1 1
github.com/openagentsinc/bahia/internal/service/llm_placement.go:106.61,108.12 2 0
github.com/openagentsinc/bahia/internal/service/llm_placement.go:110.3,110.53 1 1
github.com/openagentsinc/bahia/internal/service/llm_placement.go:110.53,112.12 2 0
github.com/openagentsinc/bahia/internal/service/llm_placement.go:114.3,114.26 1 1
github.com/openagentsinc/bahia/internal/service/llm_placement.go:114.26,115.70 1 0
github.com/openagentsinc/bahia/internal/service/llm_placement.go:115.70,117.13 2 0
github.com/openagentsinc/bahia/internal/service/llm_placement.go:120.3,120.110 1 1
github.com/openagentsinc/bahia/internal/service/llm_placement.go:120.110,122.12 2 0
github.com/openagentsinc/bahia/internal/service/llm_placement.go:124.3,124.48 1 1
github.com/openagentsinc/bahia/internal/service/llm_placement.go:124.48,126.12 2 1
github.com/openagentsinc/bahia/internal/service/llm_placement.go:128.3,130.36 3 1
github.com/openagentsinc/bahia/internal/service/llm_placement.go:130.36,132.4 1 1
github.com/openagentsinc/bahia/internal/service/llm_placement.go:133.3,138.5 1 1
github.com/openagentsinc/bahia/internal/service/llm_placement.go:140.2,140.29 1 1
github.com/openagentsinc/bahia/internal/service/llm_placement.go:143.137,145.44 2 1
github.com/openagentsinc/bahia/internal/service/llm_placement.go:145.44,146.73 1 1
github.com/openagentsinc/bahia/internal/service/llm_placement.go:146.73,148.4 1 0
github.com/openagentsinc/bahia/internal/service/llm_placement.go:150.2,150.57 1 1
github.com/openagentsinc/bahia/internal/service/llm_placement.go:150.57,152.3 1 0
github.com/openagentsinc/bahia/internal/service/llm_placement.go:153.2,153.54 1 1
github.com/openagentsinc/bahia/internal/service/llm_placement.go:153.54,155.3 1 0
github.com/openagentsinc/bahia/internal/service/llm_placement.go:156.2,156.12 1 1
github.com/openagentsinc/bahia/internal/service/llm_placement.go:159.90,160.38 1 0
github.com/openagentsinc/bahia/internal/service/llm_placement.go:160.38,162.3 1 0
github.com/openagentsinc/bahia/internal/service/llm_placement.go:163.2,163.38 1 0
github.com/openagentsinc/bahia/internal/service/llm_placement.go:163.38,165.3 1 0
github.com/openagentsinc/bahia/internal/service/llm_placement.go:166.2,166.30 1 0
github.com/openagentsinc/bahia/internal/service/llm_placement.go:166.30,168.3 1 0
github.com/openagentsinc/bahia/internal/service/llm_placement.go:169.2,169.33 1 0
github.com/openagentsinc/bahia/internal/service/llm_placement.go:169.33,171.3 1 0
github.com/openagentsinc/bahia/internal/service/llm_placement.go:172.2,172.36 1 0
github.com/openagentsinc/bahia/internal/service/llm_placement.go:172.36,174.3 1 0
github.com/openagentsinc/bahia/internal/service/llm_placement.go:175.2,175.27 1 0
github.com/openagentsinc/bahia/internal/service/llm_placement.go:175.27,177.3 1 0
github.com/openagentsinc/bahia/internal/service/llm_placement.go:178.2,178.67 1 0
github.com/openagentsinc/bahia/internal/service/llm_placement.go:181.66,183.35 2 0
github.com/openagentsinc/bahia/internal/service/llm_placement.go:183.35,185.3 1 0
github.com/openagentsinc/bahia/internal/service/llm_placement.go:186.2,186.39 1 0
github.com/openagentsinc/bahia/internal/service/llm_placement.go:186.39,188.3 1 0
github.com/openagentsinc/bahia/internal/service/llm_placement.go:189.2,189.43 1 0
github.com/openagentsinc/bahia/internal/service/llm_placement.go:189.43,191.3 1 0
github.com/openagentsinc/bahia/internal/service/llm_placement.go:192.2,192.46 1 0
github.com/openagentsinc/bahia/internal/service/llm_placement.go:192.46,194.3 1 0
github.com/openagentsinc/bahia/internal/service/llm_placement.go:195.2,195.47 1 0
github.com/openagentsinc/bahia/internal/service/llm_placement.go:195.47,197.3 1 0
github.com/openagentsinc/bahia/internal/service/llm_placement.go:198.2,198.53 1 0
github.com/openagentsinc/bahia/internal/service/llm_placement.go:198.53,199.30 1 0
github.com/openagentsinc/bahia/internal/service/llm_placement.go:199.30,200.34 1 0
github.com/openagentsinc/bahia/internal/service/llm_placement.go:200.34,202.5 1 0
github.com/openagentsinc/bahia/internal/service/llm_placement.go:205.2,205.65 1 0
github.com/openagentsinc/bahia/internal/service/llm_placement.go:205.65,207.3 1 0
github.com/openagentsinc/bahia/internal/service/llm_placement.go:208.2,208.10 1 0
github.com/openagentsinc/bahia/internal/service/llm_placement.go:211.139,212.20 1 1
github.com/openagentsinc/bahia/internal/service/llm_placement.go:212.20,213.165 1 1
github.com/openagentsinc/bahia/internal/service/llm_placement.go:213.165,215.4 1 1
github.com/openagentsinc/bahia/internal/service/llm_placement.go:216.3,216.42 1 1
github.com/openagentsinc/bahia/internal/service/llm_placement.go:216.42,218.4 1 0
github.com/openagentsinc/bahia/internal/service/llm_placement.go:220.2,220.36 1 1
github.com/openagentsinc/bahia/internal/service/llm_placement.go:220.36,222.3 1 0
github.com/openagentsinc/bahia/internal/service/llm_placement.go:223.2,223.113 1 1
github.com/openagentsinc/bahia/internal/service/llm_placement.go:223.113,225.3 1 0
github.com/openagentsinc/bahia/internal/service/llm_placement.go:226.2,226.153 1 1
github.com/openagentsinc/bahia/internal/service/llm_placement.go:229.89,230.54 1 1
github.com/openagentsinc/bahia/internal/service/llm_placement.go:230.54,232.3 1 1
github.com/openagentsinc/bahia/internal/service/llm_placement.go:233.2,233.55 1 1
github.com/openagentsinc/bahia/internal/service/llm_placement.go:233.55,235.3 1 1
github.com/openagentsinc/bahia/internal/service/llm_placement.go:236.2,236.50 1 0
github.com/openagentsinc/bahia/internal/service/llm_placement.go:236.50,237.47 1 0
github.com/openagentsinc/bahia/internal/service/llm_placement.go:237.47,239.4 1 0
github.com/openagentsinc/bahia/internal/service/llm_placement.go:241.2,241.29 1 0
github.com/openagentsinc/bahia/internal/service/llm_placement.go:244.132,247.20 3 1
github.com/openagentsinc/bahia/internal/service/llm_placement.go:247.20,249.3 1 1
github.com/openagentsinc/bahia/internal/service/llm_placement.go:250.2,251.56 2 1
github.com/openagentsinc/bahia/internal/service/llm_placement.go:251.56,253.3 1 1
github.com/openagentsinc/bahia/internal/service/llm_placement.go:254.2,254.39 1 1
github.com/openagentsinc/bahia/internal/service/llm_placement.go:254.39,256.130 2 1
github.com/openagentsinc/bahia/internal/service/llm_placement.go:256.130,258.4 1 1
github.com/openagentsinc/bahia/internal/service/llm_placement.go:260.2,260.49 1 1
github.com/openagentsinc/bahia/internal/service/llm_placement.go:260.49,262.3 1 0
github.com/openagentsinc/bahia/internal/service/llm_placement.go:263.2,263.54 1 1
github.com/openagentsinc/bahia/internal/service/llm_placement.go:263.54,265.3 1 0
github.com/openagentsinc/bahia/internal/service/llm_placement.go:266.2,266.13 1 1
github.com/openagentsinc/bahia/internal/service/llm_placement.go:269.126,270.114 1 1
github.com/openagentsinc/bahia/internal/service/llm_placement.go:270.114,272.3 1 0
github.com/openagentsinc/bahia/internal/service/llm_placement.go:273.2,273.36 1 1
github.com/openagentsinc/bahia/internal/service/llm_placement.go:273.36,275.3 1 0
github.com/openagentsinc/bahia/internal/service/llm_placement.go:276.2,276.116 1 1
github.com/openagentsinc/bahia/internal/service/llm_placement.go:279.81,282.28 3 1
github.com/openagentsinc/bahia/internal/service/llm_placement.go:282.28,284.97 2 1
github.com/openagentsinc/bahia/internal/service/llm_placement.go:284.97,286.4 1 1
github.com/openagentsinc/bahia/internal/service/llm_placement.go:287.3,287.123 1 1
github.com/openagentsinc/bahia/internal/service/llm_placement.go:287.123,289.4 1 1
github.com/openagentsinc/bahia/internal/service/llm_placement.go:291.2,291.18 1 1
github.com/openagentsinc/bahia/internal/service/llm_placement.go:291.18,293.3 1 1
github.com/openagentsinc/bahia/internal/service/llm_placement.go:294.2,294.17 1 1
github.com/openagentsinc/bahia/internal/service/llm_placement.go:294.17,296.3 1 1
github.com/openagentsinc/bahia/internal/service/llm_placement.go:297.2,297.153 1 0
github.com/openagentsinc/bahia/internal/service/llm_placement.go:300.92,301.36 1 1
github.com/openagentsinc/bahia/internal/service/llm_placement.go:301.36,303.3 1 0
github.com/openagentsinc/bahia/internal/service/llm_placement.go:304.2,304.16 1 1
github.com/openagentsinc/bahia/internal/service/llm_placement.go:304.16,306.3 1 1
github.com/openagentsinc/bahia/internal/service/llm_placement.go:307.2,307.12 1 1
github.com/openagentsinc/bahia/internal/service/llm_placement.go:310.76,312.14 2 1
github.com/openagentsinc/bahia/internal/service/llm_placement.go:313.33,314.100 1 1
github.com/openagentsinc/bahia/internal/service/llm_placement.go:315.66,316.126 1 1
github.com/openagentsinc/bahia/internal/service/llm_placement.go:317.10,318.15 1 0
github.com/openagentsinc/bahia/internal/service/llm_placement.go:322.74,323.34 1 1
github.com/openagentsinc/bahia/internal/service/llm_placement.go:323.34,325.3 1 1
github.com/openagentsinc/bahia/internal/service/llm_placement.go:326.2,326.81 1 0
github.com/openagentsinc/bahia/internal/service/llm_placement.go:329.48,332.35 3 1
github.com/openagentsinc/bahia/internal/service/llm_placement.go:332.35,334.3 1 1
github.com/openagentsinc/bahia/internal/service/llm_placement.go:335.2,335.50 1 1
github.com/openagentsinc/bahia/internal/service/llm_placement.go:338.41,340.35 2 1
github.com/openagentsinc/bahia/internal/service/llm_placement.go:340.35,342.3 1 1
github.com/openagentsinc/bahia/internal/service/llm_placement.go:343.2,343.14 1 1
github.com/openagentsinc/bahia/internal/service/llm_placement.go:346.44,348.35 2 1
github.com/openagentsinc/bahia/internal/service/llm_placement.go:348.35,350.17 2 1
github.com/openagentsinc/bahia/internal/service/llm_placement.go:350.17,352.4 1 0
github.com/openagentsinc/bahia/internal/service/llm_placement.go:353.3,353.30 1 1
github.com/openagentsinc/bahia/internal/service/llm_placement.go:355.2,355.14 1 1
github.com/openagentsinc/bahia/internal/service/llm_placement.go:358.28,359.23 1 0
github.com/openagentsinc/bahia/internal/service/llm_placement.go:360.11,361.11 1 0
github.com/openagentsinc/bahia/internal/service/llm_placement.go:362.13,363.16 1 0
github.com/openagentsinc/bahia/internal/service/llm_placement.go:364.15,365.16 1 0
github.com/openagentsinc/bahia/internal/service/llm_placement.go:366.15,367.16 1 0
github.com/openagentsinc/bahia/internal/service/llm_placement.go:368.10,369.11 1 0
github.com/openagentsinc/bahia/internal/service/llm_placement.go:373.73,376.29 3 0
github.com/openagentsinc/bahia/internal/service/llm_placement.go:376.29,377.40 1 0
github.com/openagentsinc/bahia/internal/service/llm_placement.go:377.40,378.12 1 0
github.com/openagentsinc/bahia/internal/service/llm_placement.go:380.3,381.26 2 0
github.com/openagentsinc/bahia/internal/service/llm_placement.go:383.2,383.12 1 0
github.com/openagentsinc/bahia/internal/service/llm_placement.go:386.48,389.33 3 1
github.com/openagentsinc/bahia/internal/service/llm_placement.go:389.33,391.35 2 1
github.com/openagentsinc/bahia/internal/service/llm_placement.go:391.35,392.12 1 0
github.com/openagentsinc/bahia/internal/service/llm_placement.go:394.3,396.20 3 1
github.com/openagentsinc/bahia/internal/service/llm_placement.go:396.20,397.9 1 0
github.com/openagentsinc/bahia/internal/service/llm_placement.go:400.2,400.12 1 1
github.com/openagentsinc/bahia/internal/service/llm_promotion_gate.go:27.46,29.2 1 1
github.com/openagentsinc/bahia/internal/service/llm_promotion_gate.go:32.201,33.24 1 1
github.com/openagentsinc/bahia/internal/service/llm_promotion_gate.go:33.24,35.3 1 0
github.com/openagentsinc/bahia/internal/service/llm_promotion_gate.go:36.2,39.19 4 1
github.com/openagentsinc/bahia/internal/service/llm_promotion_gate.go:39.19,41.3 1 0
github.com/openagentsinc/bahia/internal/service/llm_promotion_gate.go:42.2,46.6 4 1
github.com/openagentsinc/bahia/internal/service/llm_promotion_gate.go:46.6,48.17 2 1
github.com/openagentsinc/bahia/internal/service/llm_promotion_gate.go:48.17,51.4 2 0
github.com/openagentsinc/bahia/internal/service/llm_promotion_gate.go:51.9,54.54 3 1
github.com/openagentsinc/bahia/internal/service/llm_promotion_gate.go:54.54,57.5 2 1
github.com/openagentsinc/bahia/internal/service/llm_promotion_gate.go:57.10,60.5 2 1
github.com/openagentsinc/bahia/internal/service/llm_promotion_gate.go:63.3,63.57 1 1
github.com/openagentsinc/bahia/internal/service/llm_promotion_gate.go:63.57,66.4 2 1
github.com/openagentsinc/bahia/internal/service/llm_promotion_gate.go:67.3,67.58 1 1
github.com/openagentsinc/bahia/internal/service/llm_promotion_gate.go:67.58,70.4 2 1
github.com/openagentsinc/bahia/internal/service/llm_promotion_gate.go:72.3,72.10 1 1
github.com/openagentsinc/bahia/internal/service/llm_promotion_gate.go:73.21,75.28 2 0
github.com/openagentsinc/bahia/internal/service/llm_promotion_gate.go:76.28,76.28 0 1
github.com/openagentsinc/bahia/internal/service/llm_promotion_gate.go:81.102,82.16 1 1
github.com/openagentsinc/bahia/internal/service/llm_promotion_gate.go:82.16,89.3 1 1
github.com/openagentsinc/bahia/internal/service/llm_promotion_gate.go:90.2,91.30 2 1
github.com/openagentsinc/bahia/internal/service/llm_promotion_gate.go:91.30,93.3 1 0
github.com/openagentsinc/bahia/internal/service/llm_promotion_gate.go:94.2,94.29 1 1
github.com/openagentsinc/bahia/internal/service/llm_promotion_gate.go:94.29,96.3 1 0
github.com/openagentsinc/bahia/internal/service/llm_promotion_gate.go:97.2,97.31 1 1
github.com/openagentsinc/bahia/internal/service/llm_promotion_gate.go:97.31,99.3 1 0
github.com/openagentsinc/bahia/internal/service/llm_promotion_gate.go:100.2,100.31 1 1
github.com/openagentsinc/bahia/internal/service/llm_promotion_gate.go:100.31,102.3 1 0
github.com/openagentsinc/bahia/internal/service/llm_promotion_gate.go:103.2,103.12 1 1
github.com/openagentsinc/bahia/internal/service/llm_provisioning_coordinator.go:42.112,43.45 1 0
github.com/openagentsinc/bahia/internal/service/llm_provisioning_coordinator.go:43.45,44.23 1 0
github.com/openagentsinc/bahia/internal/service/llm_provisioning_coordinator.go:44.23,46.4 1 0
github.com/openagentsinc/bahia/internal/service/llm_provisioning_coordinator.go:47.3,47.26 1 0
github.com/openagentsinc/bahia/internal/service/llm_provisioning_coordinator.go:47.26,49.4 1 0
github.com/openagentsinc/bahia/internal/service/llm_provisioning_coordinator.go:53.104,54.45 1 1
github.com/openagentsinc/bahia/internal/service/llm_provisioning_coordinator.go:54.45,54.72 1 1
github.com/openagentsinc/bahia/internal/service/llm_provisioning_coordinator.go:57.382,58.19 1 1
github.com/openagentsinc/bahia/internal/service/llm_provisioning_coordinator.go:58.19,60.3 1 0
github.com/openagentsinc/bahia/internal/service/llm_provisioning_coordinator.go:61.2,62.27 2 1
github.com/openagentsinc/bahia/internal/service/llm_provisioning_coordinator.go:62.27,64.3 1 1
github.com/openagentsinc/bahia/internal/service/llm_provisioning_coordinator.go:65.2,65.10 1 1
github.com/openagentsinc/bahia/internal/service/llm_provisioning_coordinator.go:68.52,68.93 1 0
github.com/openagentsinc/bahia/internal/service/llm_provisioning_coordinator.go:70.69,71.52 1 0
github.com/openagentsinc/bahia/internal/service/llm_provisioning_coordinator.go:71.52,73.3 1 0
github.com/openagentsinc/bahia/internal/service/llm_provisioning_coordinator.go:74.2,76.6 3 0
github.com/openagentsinc/bahia/internal/service/llm_provisioning_coordinator.go:76.6,77.64 1 0
github.com/openagentsinc/bahia/internal/service/llm_provisioning_coordinator.go:77.64,79.4 1 0
github.com/openagentsinc/bahia/internal/service/llm_provisioning_coordinator.go:80.3,80.10 1 0
github.com/openagentsinc/bahia/internal/service/llm_provisioning_coordinator.go:81.21,82.14 1 0
github.com/openagentsinc/bahia/internal/service/llm_provisioning_coordinator.go:83.19,83.19 0 0
github.com/openagentsinc/bahia/internal/service/llm_provisioning_coordinator.go:89.77,90.27 1 1
github.com/openagentsinc/bahia/internal/service/llm_provisioning_coordinator.go:90.27,91.79 1 1
github.com/openagentsinc/bahia/internal/service/llm_provisioning_coordinator.go:91.79,93.4 1 0
github.com/openagentsinc/bahia/internal/service/llm_provisioning_coordinator.go:93.9,93.19 1 1
github.com/openagentsinc/bahia/internal/service/llm_provisioning_coordinator.go:93.19,95.4 1 0
github.com/openagentsinc/bahia/internal/service/llm_provisioning_coordinator.go:97.2,97.73 1 1
github.com/openagentsinc/bahia/internal/service/llm_provisioning_coordinator.go:97.73,99.3 1 0
github.com/openagentsinc/bahia/internal/service/llm_provisioning_coordinator.go:100.2,101.30 2 1
github.com/openagentsinc/bahia/internal/service/llm_provisioning_coordinator.go:101.30,103.3 1 0
github.com/openagentsinc/bahia/internal/service/llm_provisioning_coordinator.go:104.2,104.31 1 1
github.com/openagentsinc/bahia/internal/service/llm_provisioning_coordinator.go:107.106,110.16 3 1
github.com/openagentsinc/bahia/internal/service/llm_provisioning_coordinator.go:110.16,112.3 1 0
github.com/openagentsinc/bahia/internal/service/llm_provisioning_coordinator.go:113.2,113.19 1 1
github.com/openagentsinc/bahia/internal/service/llm_provisioning_coordinator.go:113.19,115.3 1 1
github.com/openagentsinc/bahia/internal/service/llm_provisioning_coordinator.go:116.2,117.16 2 1
github.com/openagentsinc/bahia/internal/service/llm_provisioning_coordinator.go:117.16,119.3 1 1
github.com/openagentsinc/bahia/internal/service/llm_provisioning_coordinator.go:120.2,121.16 2 1
github.com/openagentsinc/bahia/internal/service/llm_provisioning_coordinator.go:121.16,123.3 1 0
github.com/openagentsinc/bahia/internal/service/llm_provisioning_coordinator.go:124.2,125.16 2 1
github.com/openagentsinc/bahia/internal/service/llm_provisioning_coordinator.go:125.16,127.3 1 0
github.com/openagentsinc/bahia/internal/service/llm_provisioning_coordinator.go:129.2,132.29 4 1
github.com/openagentsinc/bahia/internal/service/llm_provisioning_coordinator.go:132.29,135.44 3 1
github.com/openagentsinc/bahia/internal/service/llm_provisioning_coordinator.go:135.44,138.4 2 1
github.com/openagentsinc/bahia/internal/service/llm_provisioning_coordinator.go:140.2,145.16 5 1
github.com/openagentsinc/bahia/internal/service/llm_provisioning_coordinator.go:145.16,147.3 1 0
github.com/openagentsinc/bahia/internal/service/llm_provisioning_coordinator.go:148.2,155.48 8 1
github.com/openagentsinc/bahia/internal/service/llm_provisioning_coordinator.go:155.48,157.3 1 0
github.com/openagentsinc/bahia/internal/service/llm_provisioning_coordinator.go:159.2,160.16 2 1
github.com/openagentsinc/bahia/internal/service/llm_provisioning_coordinator.go:160.16,162.3 1 0
github.com/openagentsinc/bahia/internal/service/llm_provisioning_coordinator.go:163.2,163.89 1 1
github.com/openagentsinc/bahia/internal/service/llm_provisioning_coordinator.go:163.89,166.3 2 0
github.com/openagentsinc/bahia/internal/service/llm_provisioning_coordinator.go:168.2,172.59 5 1
github.com/openagentsinc/bahia/internal/service/llm_provisioning_coordinator.go:172.59,173.17 1 0
github.com/openagentsinc/bahia/internal/service/llm_provisioning_coordinator.go:173.17,175.4 1 0
github.com/openagentsinc/bahia/internal/service/llm_provisioning_coordinator.go:176.3,176.60 1 0
github.com/openagentsinc/bahia/internal/service/llm_provisioning_coordinator.go:179.2,180.41 2 1
github.com/openagentsinc/bahia/internal/service/llm_provisioning_coordinator.go:180.41,182.3 1 0
github.com/openagentsinc/bahia/internal/service/llm_provisioning_coordinator.go:183.2,186.16 4 1
github.com/openagentsinc/bahia/internal/service/llm_provisioning_coordinator.go:186.16,188.3 1 0
github.com/openagentsinc/bahia/internal/service/llm_provisioning_coordinator.go:189.2,190.16 2 1
github.com/openagentsinc/bahia/internal/service/llm_provisioning_coordinator.go:190.16,192.3 1 0
github.com/openagentsinc/bahia/internal/service/llm_provisioning_coordinator.go:193.2,195.29 3 1
github.com/openagentsinc/bahia/internal/service/llm_provisioning_coordinator.go:195.29,197.3 1 0
github.com/openagentsinc/bahia/internal/service/llm_provisioning_coordinator.go:198.2,198.33 1 1
github.com/openagentsinc/bahia/internal/service/llm_provisioning_coordinator.go:198.33,200.3 1 0
github.com/openagentsinc/bahia/internal/service/llm_provisioning_coordinator.go:201.2,201.63 1 1
github.com/openagentsinc/bahia/internal/service/llm_provisioning_coordinator.go:201.63,203.3 1 0
github.com/openagentsinc/bahia/internal/service/llm_provisioning_coordinator.go:204.2,204.102 1 1
github.com/openagentsinc/bahia/internal/service/llm_provisioning_coordinator.go:204.102,206.3 1 0
github.com/openagentsinc/bahia/internal/service/llm_provisioning_coordinator.go:207.2,208.12 2 1
github.com/openagentsinc/bahia/internal/service/llm_provisioning_coordinator.go:211.230,212.24 1 1
github.com/openagentsinc/bahia/internal/service/llm_provisioning_coordinator.go:212.24,214.3 1 0
github.com/openagentsinc/bahia/internal/service/llm_provisioning_coordinator.go:215.2,218.30 4 1
github.com/openagentsinc/bahia/internal/service/llm_provisioning_coordinator.go:218.30,220.3 1 1
github.com/openagentsinc/bahia/internal/service/llm_provisioning_coordinator.go:221.2,221.99 1 1
github.com/openagentsinc/bahia/internal/service/llm_provisioning_coordinator.go:221.99,223.3 1 1
github.com/openagentsinc/bahia/internal/service/llm_provisioning_coordinator.go:224.2,224.14 1 1
github.com/openagentsinc/bahia/internal/service/llm_provisioning_coordinator.go:227.188,228.19 1 1
github.com/openagentsinc/bahia/internal/service/llm_provisioning_coordinator.go:228.19,230.3 1 1
github.com/openagentsinc/bahia/internal/service/llm_provisioning_coordinator.go:231.2,231.70 1 1
github.com/openagentsinc/bahia/internal/service/llm_provisioning_coordinator.go:231.70,239.3 1 0
github.com/openagentsinc/bahia/internal/service/llm_provisioning_coordinator.go:240.2,240.39 1 1
github.com/openagentsinc/bahia/internal/service/llm_provisioning_coordinator.go:240.39,242.3 1 0
github.com/openagentsinc/bahia/internal/service/llm_provisioning_coordinator.go:243.2,246.38 4 1
github.com/openagentsinc/bahia/internal/service/llm_provisioning_coordinator.go:246.38,248.3 1 0
github.com/openagentsinc/bahia/internal/service/llm_provisioning_coordinator.go:249.2,255.3 1 1
github.com/openagentsinc/bahia/internal/service/llm_provisioning_coordinator.go:258.75,260.27 2 1
github.com/openagentsinc/bahia/internal/service/llm_provisioning_coordinator.go:260.27,261.51 1 1
github.com/openagentsinc/bahia/internal/service/llm_provisioning_coordinator.go:261.51,263.4 1 1
github.com/openagentsinc/bahia/internal/service/llm_provisioning_coordinator.go:265.2,265.12 1 1
github.com/openagentsinc/bahia/internal/service/llm_provisioning_coordinator.go:268.71,269.19 1 1
github.com/openagentsinc/bahia/internal/service/llm_provisioning_coordinator.go:269.19,271.3 1 0
github.com/openagentsinc/bahia/internal/service/llm_provisioning_coordinator.go:272.2,273.9 2 1
github.com/openagentsinc/bahia/internal/service/llm_provisioning_coordinator.go:273.9,275.3 1 0
github.com/openagentsinc/bahia/internal/service/llm_provisioning_coordinator.go:276.2,277.42 2 1
github.com/openagentsinc/bahia/internal/service/llm_provisioning_coordinator.go:277.42,279.3 1 0
github.com/openagentsinc/bahia/internal/service/llm_provisioning_coordinator.go:280.2,280.19 1 1
github.com/openagentsinc/bahia/internal/service/llm_provisioning_coordinator.go:283.72,284.19 1 1
github.com/openagentsinc/bahia/internal/service/llm_provisioning_coordinator.go:284.19,286.3 1 0
github.com/openagentsinc/bahia/internal/service/llm_provisioning_coordinator.go:287.2,288.9 2 1
github.com/openagentsinc/bahia/internal/service/llm_provisioning_coordinator.go:288.9,290.3 1 0
github.com/openagentsinc/bahia/internal/service/llm_provisioning_coordinator.go:291.2,292.42 2 1
github.com/openagentsinc/bahia/internal/service/llm_provisioning_coordinator.go:292.42,294.3 1 0
github.com/openagentsinc/bahia/internal/service/llm_provisioning_coordinator.go:295.2,296.16 2 1
github.com/openagentsinc/bahia/internal/service/llm_provisioning_coordinator.go:296.16,298.3 1 0
github.com/openagentsinc/bahia/internal/service/llm_provisioning_coordinator.go:299.2,299.17 1 1
github.com/openagentsinc/bahia/internal/service/llm_provisioning_coordinator.go:302.161,303.41 1 1
github.com/openagentsinc/bahia/internal/service/llm_provisioning_coordinator.go:303.41,305.3 1 0
github.com/openagentsinc/bahia/internal/service/llm_provisioning_coordinator.go:306.2,306.83 1 1
github.com/openagentsinc/bahia/internal/service/llm_provisioning_coordinator.go:306.83,308.3 1 0
github.com/openagentsinc/bahia/internal/service/llm_provisioning_coordinator.go:311.163,312.41 1 1
github.com/openagentsinc/bahia/internal/service/llm_provisioning_coordinator.go:312.41,314.3 1 0
github.com/openagentsinc/bahia/internal/service/llm_provisioning_coordinator.go:315.2,315.85 1 1
github.com/openagentsinc/bahia/internal/service/llm_provisioning_coordinator.go:315.85,317.3 1 0
github.com/openagentsinc/bahia/internal/service/llm_provisioning_coordinator.go:320.164,321.57 1 1
github.com/openagentsinc/bahia/internal/service/llm_provisioning_coordinator.go:321.57,323.3 1 0
github.com/openagentsinc/bahia/internal/service/llm_provisioning_coordinator.go:324.2,324.80 1 1
github.com/openagentsinc/bahia/internal/service/llm_provisioning_coordinator.go:324.80,326.3 1 0
github.com/openagentsinc/bahia/internal/service/llm_provisioning_coordinator.go:329.81,330.44 1 1
github.com/openagentsinc/bahia/internal/service/llm_provisioning_coordinator.go:330.44,331.99 1 1
github.com/openagentsinc/bahia/internal/service/llm_provisioning_coordinator.go:331.99,333.4 1 1
github.com/openagentsinc/bahia/internal/service/llm_provisioning_coordinator.go:335.2,335.47 1 0
github.com/openagentsinc/bahia/internal/service/llm_provisioning_coordinator.go:338.106,339.52 1 1
github.com/openagentsinc/bahia/internal/service/llm_provisioning_coordinator.go:339.52,341.3 1 0
github.com/openagentsinc/bahia/internal/service/llm_provisioning_coordinator.go:342.2,342.18 1 1
github.com/openagentsinc/bahia/internal/service/llm_provisioning_coordinator.go:342.18,344.3 1 1
github.com/openagentsinc/bahia/internal/service/llm_provisioning_coordinator.go:345.2,345.12 1 0
github.com/openagentsinc/bahia/internal/service/llm_provisioning_coordinator.go:348.76,349.25 1 1
github.com/openagentsinc/bahia/internal/service/llm_provisioning_coordinator.go:349.25,351.3 1 0
github.com/openagentsinc/bahia/internal/service/llm_provisioning_coordinator.go:352.2,352.27 1 1
github.com/openagentsinc/bahia/internal/service/llm_provisioning_coordinator.go:352.27,353.15 1 1
github.com/openagentsinc/bahia/internal/service/llm_provisioning_coordinator.go:353.15,355.4 1 1
github.com/openagentsinc/bahia/internal/service/llm_provisioning_coordinator.go:359.85,361.38 2 1
github.com/openagentsinc/bahia/internal/service/llm_provisioning_coordinator.go:361.38,363.3 1 1
github.com/openagentsinc/bahia/internal/service/llm_provisioning_coordinator.go:364.2,365.16 2 1
github.com/openagentsinc/bahia/internal/service/llm_provisioning_coordinator.go:365.16,367.3 1 1
github.com/openagentsinc/bahia/internal/service/llm_provisioning_coordinator.go:368.2,368.17 1 1
github.com/openagentsinc/bahia/internal/service/llm_provisioning_coordinator.go:368.17,370.3 1 1
github.com/openagentsinc/bahia/internal/service/llm_provisioning_coordinator.go:371.2,371.69 1 1
github.com/openagentsinc/bahia/internal/service/llm_provisioning_coordinator.go:375.73,376.39 1 0
github.com/openagentsinc/bahia/internal/service/llm_provisioning_coordinator.go:376.39,378.3 1 0
github.com/openagentsinc/bahia/internal/service/llm_provisioning_coordinator.go:379.2,380.9 2 0
github.com/openagentsinc/bahia/internal/service/llm_provisioning_coordinator.go:380.9,382.3 1 0
github.com/openagentsinc/bahia/internal/service/llm_provisioning_coordinator.go:383.2,384.16 2 0
github.com/openagentsinc/bahia/internal/service/llm_provisioning_coordinator.go:384.16,386.3 1 0
github.com/openagentsinc/bahia/internal/service/llm_provisioning_coordinator.go:387.2,388.51 2 0
github.com/openagentsinc/bahia/internal/service/llm_provisioning_coordinator.go:388.51,390.3 1 0
github.com/openagentsinc/bahia/internal/service/llm_provisioning_coordinator.go:391.2,391.95 1 0
github.com/openagentsinc/bahia/internal/service/llm_registry.go:40.23,41.22 1 1
github.com/openagentsinc/bahia/internal/service/llm_registry.go:41.22,43.3 1 1
github.com/openagentsinc/bahia/internal/service/llm_registry.go:44.2,44.19 1 1
github.com/openagentsinc/bahia/internal/service/llm_registry.go:44.19,46.3 1 0
github.com/openagentsinc/bahia/internal/service/llm_registry.go:47.2,47.202 1 1
github.com/openagentsinc/bahia/internal/service/llm_registry.go:50.93,51.18 1 0
github.com/openagentsinc/bahia/internal/service/llm_registry.go:51.18,53.3 1 0
github.com/openagentsinc/bahia/internal/service/llm_registry.go:54.2,55.64 2 0
github.com/openagentsinc/bahia/internal/service/llm_registry.go:55.64,57.3 1 0
github.com/openagentsinc/bahia/internal/service/llm_registry.go:58.2,58.90 1 0
github.com/openagentsinc/bahia/internal/service/llm_registry.go:58.90,60.3 1 0
github.com/openagentsinc/bahia/internal/service/llm_registry.go:61.2,62.52 2 0
github.com/openagentsinc/bahia/internal/service/llm_registry.go:62.52,64.3 1 0
github.com/openagentsinc/bahia/internal/service/llm_registry.go:65.2,66.12 2 0
github.com/openagentsinc/bahia/internal/service/llm_registry.go:69.100,71.2 1 0
github.com/openagentsinc/bahia/internal/service/llm_registry.go:73.105,75.2 1 0
github.com/openagentsinc/bahia/internal/service/llm_registry.go:77.108,78.16 1 0
github.com/openagentsinc/bahia/internal/service/llm_registry.go:78.16,80.3 1 0
github.com/openagentsinc/bahia/internal/service/llm_registry.go:81.2,81.42 1 0
github.com/openagentsinc/bahia/internal/service/llm_registry.go:84.93,85.18 1 0
github.com/openagentsinc/bahia/internal/service/llm_registry.go:85.18,87.3 1 0
github.com/openagentsinc/bahia/internal/service/llm_registry.go:88.2,89.16 2 0
github.com/openagentsinc/bahia/internal/service/llm_registry.go:89.16,91.3 1 0
github.com/openagentsinc/bahia/internal/service/llm_registry.go:92.2,92.21 1 0
github.com/openagentsinc/bahia/internal/service/llm_registry.go:92.21,94.3 1 0
github.com/openagentsinc/bahia/internal/service/llm_registry.go:95.2,96.90 2 0
github.com/openagentsinc/bahia/internal/service/llm_registry.go:96.90,98.3 1 0
github.com/openagentsinc/bahia/internal/service/llm_registry.go:99.2,100.52 2 0
github.com/openagentsinc/bahia/internal/service/llm_registry.go:100.52,102.3 1 0
github.com/openagentsinc/bahia/internal/service/llm_registry.go:103.2,104.12 2 0
github.com/openagentsinc/bahia/internal/service/llm_registry.go:107.99,108.20 1 0
github.com/openagentsinc/bahia/internal/service/llm_registry.go:108.20,110.3 1 0
github.com/openagentsinc/bahia/internal/service/llm_registry.go:111.2,111.65 1 0
github.com/openagentsinc/bahia/internal/service/llm_registry.go:111.65,113.3 1 0
github.com/openagentsinc/bahia/internal/service/llm_registry.go:114.2,115.16 2 0
github.com/openagentsinc/bahia/internal/service/llm_registry.go:115.16,117.3 1 0
github.com/openagentsinc/bahia/internal/service/llm_registry.go:118.2,118.18 1 0
github.com/openagentsinc/bahia/internal/service/llm_registry.go:118.18,120.3 1 0
github.com/openagentsinc/bahia/internal/service/llm_registry.go:121.2,121.56 1 0
github.com/openagentsinc/bahia/internal/service/llm_registry.go:121.56,123.3 1 0
github.com/openagentsinc/bahia/internal/service/llm_registry.go:124.2,125.12 2 0
github.com/openagentsinc/bahia/internal/service/llm_registry.go:128.104,130.2 1 0
github.com/openagentsinc/bahia/internal/service/llm_registry.go:132.131,133.16 1 0
github.com/openagentsinc/bahia/internal/service/llm_registry.go:133.16,135.3 1 0
github.com/openagentsinc/bahia/internal/service/llm_registry.go:136.2,136.60 1 0
github.com/openagentsinc/bahia/internal/service/llm_registry.go:139.116,140.19 1 1
github.com/openagentsinc/bahia/internal/service/llm_registry.go:140.19,142.3 1 0
github.com/openagentsinc/bahia/internal/service/llm_registry.go:143.2,144.16 2 1
github.com/openagentsinc/bahia/internal/service/llm_registry.go:144.16,146.3 1 0
github.com/openagentsinc/bahia/internal/service/llm_registry.go:147.2,147.33 1 1
github.com/openagentsinc/bahia/internal/service/llm_registry.go:147.33,149.3 1 0
github.com/openagentsinc/bahia/internal/service/llm_registry.go:150.2,150.49 1 1
github.com/openagentsinc/bahia/internal/service/llm_registry.go:150.49,152.3 1 0
github.com/openagentsinc/bahia/internal/service/llm_registry.go:153.2,153.29 1 1
github.com/openagentsinc/bahia/internal/service/llm_registry.go:153.29,155.3 1 1
github.com/openagentsinc/bahia/internal/service/llm_registry.go:156.2,156.69 1 1
github.com/openagentsinc/bahia/internal/service/llm_registry.go:156.69,158.3 1 0
github.com/openagentsinc/bahia/internal/service/llm_registry.go:159.2,159.20 1 1
github.com/openagentsinc/bahia/internal/service/llm_registry.go:159.20,162.3 2 1
github.com/openagentsinc/bahia/internal/service/llm_registry.go:162.8,162.67 1 1
github.com/openagentsinc/bahia/internal/service/llm_registry.go:162.67,164.3 1 0
github.com/openagentsinc/bahia/internal/service/llm_registry.go:164.8,167.3 2 1
github.com/openagentsinc/bahia/internal/service/llm_registry.go:168.2,168.54 1 1
github.com/openagentsinc/bahia/internal/service/llm_registry.go:168.54,170.3 1 0
github.com/openagentsinc/bahia/internal/service/llm_registry.go:171.2,180.51 2 1
github.com/openagentsinc/bahia/internal/service/llm_registry.go:180.51,182.3 1 0
github.com/openagentsinc/bahia/internal/service/llm_registry.go:183.2,185.12 3 1
github.com/openagentsinc/bahia/internal/service/llm_registry.go:188.95,190.16 2 0
github.com/openagentsinc/bahia/internal/service/llm_registry.go:190.16,192.3 1 0
github.com/openagentsinc/bahia/internal/service/llm_registry.go:193.2,193.19 1 0
github.com/openagentsinc/bahia/internal/service/llm_registry.go:193.19,195.3 1 0
github.com/openagentsinc/bahia/internal/service/llm_registry.go:196.2,196.106 1 0
github.com/openagentsinc/bahia/internal/service/llm_registry.go:196.106,198.3 1 0
github.com/openagentsinc/bahia/internal/service/llm_registry.go:199.2,199.89 1 0
github.com/openagentsinc/bahia/internal/service/llm_registry.go:199.89,201.3 1 0
github.com/openagentsinc/bahia/internal/service/llm_registry.go:202.2,202.85 1 0
github.com/openagentsinc/bahia/internal/service/llm_registry.go:202.85,204.3 1 0
github.com/openagentsinc/bahia/internal/service/llm_registry.go:205.2,206.12 2 0
github.com/openagentsinc/bahia/internal/service/llm_registry.go:209.94,211.16 2 1
github.com/openagentsinc/bahia/internal/service/llm_registry.go:211.16,213.3 1 0
github.com/openagentsinc/bahia/internal/service/llm_registry.go:214.2,214.19 1 1
github.com/openagentsinc/bahia/internal/service/llm_registry.go:214.19,216.3 1 0
github.com/openagentsinc/bahia/internal/service/llm_registry.go:217.2,217.106 1 1
github.com/openagentsinc/bahia/internal/service/llm_registry.go:217.106,219.3 1 0
github.com/openagentsinc/bahia/internal/service/llm_registry.go:220.2,220.89 1 1
github.com/openagentsinc/bahia/internal/service/llm_registry.go:220.89,222.3 1 0
github.com/openagentsinc/bahia/internal/service/llm_registry.go:223.2,223.85 1 1
github.com/openagentsinc/bahia/internal/service/llm_registry.go:223.85,225.3 1 0
github.com/openagentsinc/bahia/internal/service/llm_registry.go:226.2,226.70 1 1
github.com/openagentsinc/bahia/internal/service/llm_registry.go:226.70,228.3 1 0
github.com/openagentsinc/bahia/internal/service/llm_registry.go:229.2,230.12 2 1
github.com/openagentsinc/bahia/internal/service/llm_registry.go:233.122,235.2 1 1
github.com/openagentsinc/bahia/internal/service/llm_registry.go:237.156,238.16 1 0
github.com/openagentsinc/bahia/internal/service/llm_registry.go:238.16,240.3 1 0
github.com/openagentsinc/bahia/internal/service/llm_registry.go:241.2,241.69 1 0
github.com/openagentsinc/bahia/internal/service/llm_registry.go:244.116,246.2 1 0
github.com/openagentsinc/bahia/internal/service/llm_registry.go:248.125,250.2 1 0
github.com/openagentsinc/bahia/internal/service/llm_registry.go:252.112,253.16 1 1
github.com/openagentsinc/bahia/internal/service/llm_registry.go:253.16,255.3 1 0
github.com/openagentsinc/bahia/internal/service/llm_registry.go:256.2,256.106 1 1
github.com/openagentsinc/bahia/internal/service/llm_registry.go:256.106,258.3 1 1
github.com/openagentsinc/bahia/internal/service/llm_registry.go:259.2,260.96 2 1
github.com/openagentsinc/bahia/internal/service/llm_registry.go:260.96,264.3 3 1
github.com/openagentsinc/bahia/internal/service/llm_registry.go:265.2,267.12 3 1
github.com/openagentsinc/bahia/internal/service/llm_registry.go:270.143,271.34 1 1
github.com/openagentsinc/bahia/internal/service/llm_registry.go:271.34,273.3 1 0
github.com/openagentsinc/bahia/internal/service/llm_registry.go:274.2,275.16 2 1
github.com/openagentsinc/bahia/internal/service/llm_registry.go:275.16,277.3 1 0
github.com/openagentsinc/bahia/internal/service/llm_registry.go:278.2,278.16 1 1
github.com/openagentsinc/bahia/internal/service/llm_registry.go:278.16,280.3 1 0
github.com/openagentsinc/bahia/internal/service/llm_registry.go:281.2,281.83 1 1
github.com/openagentsinc/bahia/internal/service/llm_registry.go:281.83,283.3 1 0
github.com/openagentsinc/bahia/internal/service/llm_registry.go:284.2,284.71 1 1
github.com/openagentsinc/bahia/internal/service/llm_registry.go:284.71,286.3 1 0
github.com/openagentsinc/bahia/internal/service/llm_registry.go:287.2,288.16 2 1
github.com/openagentsinc/bahia/internal/service/llm_registry.go:288.16,290.3 1 0
github.com/openagentsinc/bahia/internal/service/llm_registry.go:291.2,291.19 1 1
github.com/openagentsinc/bahia/internal/service/llm_registry.go:291.19,293.3 1 1
github.com/openagentsinc/bahia/internal/service/llm_registry.go:294.2,295.41 2 1
github.com/openagentsinc/bahia/internal/service/llm_registry.go:295.41,297.3 1 1
github.com/openagentsinc/bahia/internal/service/llm_registry.go:298.2,298.41 1 1
github.com/openagentsinc/bahia/internal/service/llm_registry.go:298.41,300.3 1 0
github.com/openagentsinc/bahia/internal/service/llm_registry.go:301.2,301.77 1 1
github.com/openagentsinc/bahia/internal/service/llm_registry.go:301.77,303.3 1 0
github.com/openagentsinc/bahia/internal/service/llm_registry.go:304.2,305.16 2 1
github.com/openagentsinc/bahia/internal/service/llm_registry.go:305.16,307.3 1 0
github.com/openagentsinc/bahia/internal/service/llm_registry.go:308.2,308.18 1 1
github.com/openagentsinc/bahia/internal/service/llm_registry.go:308.18,310.3 1 0
github.com/openagentsinc/bahia/internal/service/llm_registry.go:311.2,311.41 1 1
github.com/openagentsinc/bahia/internal/service/llm_registry.go:311.41,315.3 3 1
github.com/openagentsinc/bahia/internal/service/llm_registry.go:315.8,315.80 1 1
github.com/openagentsinc/bahia/internal/service/llm_registry.go:315.80,318.3 2 1
github.com/openagentsinc/bahia/internal/service/llm_registry.go:319.2,319.51 1 1
github.com/openagentsinc/bahia/internal/service/llm_registry.go:319.51,321.3 1 0
github.com/openagentsinc/bahia/internal/service/llm_registry.go:322.2,326.12 5 1
github.com/openagentsinc/bahia/internal/service/llm_registry.go:329.143,331.2 1 0
github.com/openagentsinc/bahia/internal/service/llm_registry.go:333.180,335.16 2 0
github.com/openagentsinc/bahia/internal/service/llm_registry.go:335.16,337.3 1 0
github.com/openagentsinc/bahia/internal/service/llm_registry.go:338.2,338.51 1 0
github.com/openagentsinc/bahia/internal/service/llm_registry.go:338.51,340.3 1 0
github.com/openagentsinc/bahia/internal/service/llm_registry.go:341.2,342.16 2 0
github.com/openagentsinc/bahia/internal/service/llm_registry.go:342.16,344.3 1 0
github.com/openagentsinc/bahia/internal/service/llm_registry.go:345.2,347.25 3 0
github.com/openagentsinc/bahia/internal/service/llm_registry.go:347.25,349.51 2 0
github.com/openagentsinc/bahia/internal/service/llm_registry.go:349.51,350.12 1 0
github.com/openagentsinc/bahia/internal/service/llm_registry.go:352.3,352.24 1 0
github.com/openagentsinc/bahia/internal/service/llm_registry.go:352.24,354.4 1 0
github.com/openagentsinc/bahia/internal/service/llm_registry.go:355.3,355.50 1 0
github.com/openagentsinc/bahia/internal/service/llm_registry.go:355.50,356.12 1 0
github.com/openagentsinc/bahia/internal/service/llm_registry.go:358.3,359.8 2 0
github.com/openagentsinc/bahia/internal/service/llm_registry.go:361.2,361.28 1 0
github.com/openagentsinc/bahia/internal/service/llm_registry.go:361.28,363.3 1 0
github.com/openagentsinc/bahia/internal/service/llm_registry.go:364.2,365.62 2 0
github.com/openagentsinc/bahia/internal/service/llm_registry.go:365.62,367.3 1 0
github.com/openagentsinc/bahia/internal/service/llm_registry.go:368.2,368.20 1 0
github.com/openagentsinc/bahia/internal/service/llm_registry.go:371.108,372.16 1 1
github.com/openagentsinc/bahia/internal/service/llm_registry.go:372.16,374.3 1 0
github.com/openagentsinc/bahia/internal/service/llm_registry.go:375.2,376.16 2 1
github.com/openagentsinc/bahia/internal/service/llm_registry.go:376.16,378.3 1 0
github.com/openagentsinc/bahia/internal/service/llm_registry.go:379.2,380.26 2 1
github.com/openagentsinc/bahia/internal/service/llm_registry.go:380.26,382.3 1 1
github.com/openagentsinc/bahia/internal/service/llm_registry.go:383.2,384.16 2 1
github.com/openagentsinc/bahia/internal/service/llm_registry.go:384.16,386.3 1 0
github.com/openagentsinc/bahia/internal/service/llm_registry.go:387.2,387.29 1 1
github.com/openagentsinc/bahia/internal/service/llm_registry.go:387.29,389.3 1 0
github.com/openagentsinc/bahia/internal/service/llm_registry.go:390.2,390.29 1 1
github.com/openagentsinc/bahia/internal/service/llm_registry.go:390.29,392.3 1 0
github.com/openagentsinc/bahia/internal/service/llm_registry.go:393.2,393.22 1 1
github.com/openagentsinc/bahia/internal/service/llm_registry.go:393.22,395.3 1 0
github.com/openagentsinc/bahia/internal/service/llm_registry.go:396.2,396.56 1 1
github.com/openagentsinc/bahia/internal/service/llm_registry.go:396.56,398.3 1 0
github.com/openagentsinc/bahia/internal/service/llm_registry.go:399.2,400.79 2 1
github.com/openagentsinc/bahia/internal/service/llm_registry.go:400.79,402.3 1 0
github.com/openagentsinc/bahia/internal/service/llm_registry.go:403.2,404.18 2 1
github.com/openagentsinc/bahia/internal/service/llm_registry.go:404.18,406.3 1 0
github.com/openagentsinc/bahia/internal/service/llm_registry.go:407.2,416.51 10 1
github.com/openagentsinc/bahia/internal/service/llm_registry.go:416.51,418.3 1 0
github.com/openagentsinc/bahia/internal/service/llm_registry.go:419.2,419.98 1 1
github.com/openagentsinc/bahia/internal/service/llm_registry.go:419.98,421.3 1 0
github.com/openagentsinc/bahia/internal/service/llm_registry.go:422.2,422.58 1 1
github.com/openagentsinc/bahia/internal/service/llm_registry.go:422.58,424.3 1 1
github.com/openagentsinc/bahia/internal/service/llm_registry.go:425.2,426.12 2 1
github.com/openagentsinc/bahia/internal/service/llm_registry.go:429.135,431.2 1 0
github.com/openagentsinc/bahia/internal/service/llm_registry.go:433.122,435.2 1 1
github.com/openagentsinc/bahia/internal/service/llm_registry.go:437.127,439.2 1 0
github.com/openagentsinc/bahia/internal/service/llm_registry.go:441.118,443.2 1 0
github.com/openagentsinc/bahia/internal/service/llm_registry.go:445.102,447.2 1 0
github.com/openagentsinc/bahia/internal/service/llm_registry.go:449.106,451.2 1 0
github.com/openagentsinc/bahia/internal/service/llm_registry.go:454.111,456.2 1 0
github.com/openagentsinc/bahia/internal/service/llm_registry.go:458.103,460.2 1 0
github.com/openagentsinc/bahia/internal/service/llm_registry.go:462.105,464.2 1 0
github.com/openagentsinc/bahia/internal/service/llm_registry.go:466.125,468.2 1 0
github.com/openagentsinc/bahia/internal/service/llm_registry.go:470.125,472.2 1 0
github.com/openagentsinc/bahia/internal/service/llm_registry.go:474.119,476.2 1 0
github.com/openagentsinc/bahia/internal/service/llm_registry.go:478.183,480.16 2 1
github.com/openagentsinc/bahia/internal/service/llm_registry.go:480.16,482.3 1 0
github.com/openagentsinc/bahia/internal/service/llm_registry.go:483.2,483.18 1 1
github.com/openagentsinc/bahia/internal/service/llm_registry.go:483.18,485.3 1 0
github.com/openagentsinc/bahia/internal/service/llm_registry.go:486.2,487.16 2 1
github.com/openagentsinc/bahia/internal/service/llm_registry.go:487.16,489.3 1 0
github.com/openagentsinc/bahia/internal/service/llm_registry.go:490.2,490.20 1 1
github.com/openagentsinc/bahia/internal/service/llm_registry.go:490.20,492.3 1 1
github.com/openagentsinc/bahia/internal/service/llm_registry.go:493.2,494.16 2 1
github.com/openagentsinc/bahia/internal/service/llm_registry.go:494.16,496.3 1 0
github.com/openagentsinc/bahia/internal/service/llm_registry.go:497.2,497.16 1 1
github.com/openagentsinc/bahia/internal/service/llm_registry.go:497.16,499.3 1 0
github.com/openagentsinc/bahia/internal/service/llm_registry.go:500.2,500.33 1 1
github.com/openagentsinc/bahia/internal/service/llm_registry.go:503.126,505.105 2 1
github.com/openagentsinc/bahia/internal/service/llm_registry.go:505.105,507.3 1 0
github.com/openagentsinc/bahia/internal/service/llm_registry.go:508.2,509.16 2 1
github.com/openagentsinc/bahia/internal/service/llm_registry.go:509.16,511.3 1 0
github.com/openagentsinc/bahia/internal/service/llm_registry.go:512.2,516.25 5 1
github.com/openagentsinc/bahia/internal/service/llm_registry.go:516.25,518.34 2 1
github.com/openagentsinc/bahia/internal/service/llm_registry.go:518.34,519.12 1 1
github.com/openagentsinc/bahia/internal/service/llm_registry.go:521.3,521.27 1 1
github.com/openagentsinc/bahia/internal/service/llm_registry.go:522.95,524.41 2 1
github.com/openagentsinc/bahia/internal/service/llm_registry.go:526.3,526.35 1 1
github.com/openagentsinc/bahia/internal/service/llm_registry.go:526.35,527.9 1 1
github.com/openagentsinc/bahia/internal/service/llm_registry.go:530.2,530.51 1 1
github.com/openagentsinc/bahia/internal/service/llm_registry.go:530.51,532.3 1 0
github.com/openagentsinc/bahia/internal/service/llm_registry.go:533.2,534.12 2 1
github.com/openagentsinc/bahia/internal/service/llm_registry.go:537.151,538.51 1 1
github.com/openagentsinc/bahia/internal/service/llm_registry.go:538.51,540.3 1 0
github.com/openagentsinc/bahia/internal/service/llm_registry.go:541.2,541.194 1 1
github.com/openagentsinc/bahia/internal/service/llm_registry.go:541.194,543.33 2 1
github.com/openagentsinc/bahia/internal/service/llm_registry.go:543.33,545.75 2 1
github.com/openagentsinc/bahia/internal/service/llm_registry.go:545.75,547.5 1 1
github.com/openagentsinc/bahia/internal/service/llm_registry.go:550.2,550.34 1 1
github.com/openagentsinc/bahia/internal/service/llm_registry.go:550.34,552.34 2 1
github.com/openagentsinc/bahia/internal/service/llm_registry.go:552.34,553.25 1 1
github.com/openagentsinc/bahia/internal/service/llm_registry.go:554.95,555.39 1 1
github.com/openagentsinc/bahia/internal/service/llm_registry.go:559.2,559.34 1 0
github.com/openagentsinc/bahia/internal/service/llm_registry.go:562.108,564.2 1 1
github.com/openagentsinc/bahia/internal/service/llm_registry.go:566.100,567.18 1 1
github.com/openagentsinc/bahia/internal/service/llm_registry.go:567.18,569.3 1 0
github.com/openagentsinc/bahia/internal/service/llm_registry.go:570.2,571.35 2 1
github.com/openagentsinc/bahia/internal/service/llm_registry.go:571.35,573.3 1 1
github.com/openagentsinc/bahia/internal/service/llm_registry.go:574.2,574.34 1 1
github.com/openagentsinc/bahia/internal/service/llm_registry.go:574.34,576.3 1 1
github.com/openagentsinc/bahia/internal/service/llm_registry.go:577.2,577.30 1 1
github.com/openagentsinc/bahia/internal/service/llm_registry.go:577.30,579.3 1 1
github.com/openagentsinc/bahia/internal/service/llm_registry.go:580.2,580.113 1 1
github.com/openagentsinc/bahia/internal/service/llm_registry.go:583.56,584.32 1 0
github.com/openagentsinc/bahia/internal/service/llm_registry.go:584.32,586.3 1 0
github.com/openagentsinc/bahia/internal/service/llm_registry.go:587.2,587.43 1 0
github.com/openagentsinc/bahia/internal/service/llm_registry.go:587.43,589.3 1 0
github.com/openagentsinc/bahia/internal/service/llm_registry.go:593.107,597.18 4 1
github.com/openagentsinc/bahia/internal/service/llm_registry.go:597.18,600.3 2 1
github.com/openagentsinc/bahia/internal/service/llm_registry.go:601.2,601.16 1 1
github.com/openagentsinc/bahia/internal/service/llm_registry.go:601.16,603.3 1 1
github.com/openagentsinc/bahia/internal/service/llm_registry.go:604.2,604.23 1 1
github.com/openagentsinc/bahia/internal/service/llm_registry.go:604.23,606.3 1 0
github.com/openagentsinc/bahia/internal/service/llm_registry.go:607.2,608.16 2 1
github.com/openagentsinc/bahia/internal/service/llm_registry.go:608.16,612.3 3 1
github.com/openagentsinc/bahia/internal/service/llm_registry.go:613.2,613.13 1 1
github.com/openagentsinc/bahia/internal/service/oci_registry.go:44.102,46.2 1 1
github.com/openagentsinc/bahia/internal/service/oci_registry.go:49.82,52.2 2 1
github.com/openagentsinc/bahia/internal/service/oci_registry.go:115.32,116.17 1 1
github.com/openagentsinc/bahia/internal/service/oci_registry.go:116.17,118.3 1 0
github.com/openagentsinc/bahia/internal/service/oci_registry.go:119.2,119.26 1 1
github.com/openagentsinc/bahia/internal/service/oci_registry.go:119.26,121.3 1 0
github.com/openagentsinc/bahia/internal/service/oci_registry.go:122.2,122.20 1 1
github.com/openagentsinc/bahia/internal/service/oci_registry.go:122.20,124.3 1 0
github.com/openagentsinc/bahia/internal/service/oci_registry.go:125.2,125.43 1 1
github.com/openagentsinc/bahia/internal/service/oci_registry.go:125.43,127.3 1 0
github.com/openagentsinc/bahia/internal/service/oci_registry.go:128.2,128.57 1 1
github.com/openagentsinc/bahia/internal/service/oci_registry.go:128.57,130.3 1 0
github.com/openagentsinc/bahia/internal/service/oci_registry.go:131.2,131.19 1 1
github.com/openagentsinc/bahia/internal/service/oci_registry.go:131.19,133.3 1 0
github.com/openagentsinc/bahia/internal/service/oci_registry.go:134.2,140.8 1 1
github.com/openagentsinc/bahia/internal/service/oci_registry.go:144.87,146.2 1 1
github.com/openagentsinc/bahia/internal/service/oci_registry.go:149.134,150.55 1 1
github.com/openagentsinc/bahia/internal/service/oci_registry.go:150.55,152.3 1 1
github.com/openagentsinc/bahia/internal/service/oci_registry.go:153.2,155.45 3 1
github.com/openagentsinc/bahia/internal/service/oci_registry.go:155.45,157.3 1 0
github.com/openagentsinc/bahia/internal/service/oci_registry.go:157.8,159.3 1 1
github.com/openagentsinc/bahia/internal/service/oci_registry.go:160.2,160.16 1 1
github.com/openagentsinc/bahia/internal/service/oci_registry.go:160.16,162.3 1 0
github.com/openagentsinc/bahia/internal/service/oci_registry.go:163.2,163.21 1 1
github.com/openagentsinc/bahia/internal/service/oci_registry.go:163.21,165.3 1 0
github.com/openagentsinc/bahia/internal/service/oci_registry.go:166.2,166.57 1 1
github.com/openagentsinc/bahia/internal/service/oci_registry.go:166.57,168.3 1 1
github.com/openagentsinc/bahia/internal/service/oci_registry.go:169.2,174.8 1 1
github.com/openagentsinc/bahia/internal/service/oci_registry.go:178.118,179.55 1 1
github.com/openagentsinc/bahia/internal/service/oci_registry.go:179.55,181.3 1 0
github.com/openagentsinc/bahia/internal/service/oci_registry.go:183.2,184.16 2 1
github.com/openagentsinc/bahia/internal/service/oci_registry.go:184.16,186.3 1 0
github.com/openagentsinc/bahia/internal/service/oci_registry.go:187.2,187.13 1 1
github.com/openagentsinc/bahia/internal/service/oci_registry.go:187.13,189.3 1 0
github.com/openagentsinc/bahia/internal/service/oci_registry.go:190.2,191.16 2 1
github.com/openagentsinc/bahia/internal/service/oci_registry.go:191.16,193.3 1 0
github.com/openagentsinc/bahia/internal/service/oci_registry.go:194.2,194.61 1 1
github.com/openagentsinc/bahia/internal/service/oci_registry.go:194.61,196.3 1 0
github.com/openagentsinc/bahia/internal/service/oci_registry.go:197.2,198.16 2 1
github.com/openagentsinc/bahia/internal/service/oci_registry.go:198.16,200.3 1 0
github.com/openagentsinc/bahia/internal/service/oci_registry.go:201.2,202.23 2 1
github.com/openagentsinc/bahia/internal/service/oci_registry.go:202.23,204.3 1 0
github.com/openagentsinc/bahia/internal/service/oci_registry.go:205.2,206.24 2 1
github.com/openagentsinc/bahia/internal/service/oci_registry.go:206.24,208.3 1 0
github.com/openagentsinc/bahia/internal/service/oci_registry.go:209.2,214.8 1 1
github.com/openagentsinc/bahia/internal/service/oci_registry.go:218.117,219.55 1 1
github.com/openagentsinc/bahia/internal/service/oci_registry.go:219.55,221.3 1 0
github.com/openagentsinc/bahia/internal/service/oci_registry.go:222.2,223.16 2 1
github.com/openagentsinc/bahia/internal/service/oci_registry.go:223.16,225.3 1 0
github.com/openagentsinc/bahia/internal/service/oci_registry.go:226.2,226.13 1 1
github.com/openagentsinc/bahia/internal/service/oci_registry.go:226.13,228.3 1 0
github.com/openagentsinc/bahia/internal/service/oci_registry.go:229.2,230.16 2 1
github.com/openagentsinc/bahia/internal/service/oci_registry.go:230.16,232.3 1 0
github.com/openagentsinc/bahia/internal/service/oci_registry.go:233.2,233.61 1 1
github.com/openagentsinc/bahia/internal/service/oci_registry.go:233.61,235.3 1 0
github.com/openagentsinc/bahia/internal/service/oci_registry.go:236.2,237.16 2 1
github.com/openagentsinc/bahia/internal/service/oci_registry.go:237.16,239.3 1 0
github.com/openagentsinc/bahia/internal/service/oci_registry.go:240.2,240.18 1 1
github.com/openagentsinc/bahia/internal/service/oci_registry.go:240.18,242.3 1 0
github.com/openagentsinc/bahia/internal/service/oci_registry.go:243.2,244.23 2 1
github.com/openagentsinc/bahia/internal/service/oci_registry.go:244.23,246.3 1 0
github.com/openagentsinc/bahia/internal/service/oci_registry.go:247.2,248.24 2 1
github.com/openagentsinc/bahia/internal/service/oci_registry.go:248.24,250.3 1 0
github.com/openagentsinc/bahia/internal/service/oci_registry.go:251.2,252.32 2 1
github.com/openagentsinc/bahia/internal/service/oci_registry.go:252.32,253.17 1 1
github.com/openagentsinc/bahia/internal/service/oci_registry.go:253.17,255.4 1 1
github.com/openagentsinc/bahia/internal/service/oci_registry.go:257.2,263.8 1 1
github.com/openagentsinc/bahia/internal/service/oci_registry.go:267.123,268.55 1 1
github.com/openagentsinc/bahia/internal/service/oci_registry.go:268.55,270.3 1 0
github.com/openagentsinc/bahia/internal/service/oci_registry.go:272.2,273.16 2 1
github.com/openagentsinc/bahia/internal/service/oci_registry.go:273.16,275.3 1 0
github.com/openagentsinc/bahia/internal/service/oci_registry.go:276.2,276.58 1 1
github.com/openagentsinc/bahia/internal/service/oci_registry.go:280.149,281.55 1 1
github.com/openagentsinc/bahia/internal/service/oci_registry.go:281.55,283.3 1 0
github.com/openagentsinc/bahia/internal/service/oci_registry.go:284.2,284.42 1 1
github.com/openagentsinc/bahia/internal/service/oci_registry.go:284.42,286.3 1 0
github.com/openagentsinc/bahia/internal/service/oci_registry.go:287.2,288.116 2 1
github.com/openagentsinc/bahia/internal/service/oci_registry.go:288.116,290.3 1 0
github.com/openagentsinc/bahia/internal/service/oci_registry.go:291.2,291.94 1 1
github.com/openagentsinc/bahia/internal/service/oci_registry.go:291.94,293.3 1 0
github.com/openagentsinc/bahia/internal/service/oci_registry.go:295.2,311.51 4 1
github.com/openagentsinc/bahia/internal/service/oci_registry.go:311.51,313.3 1 0
github.com/openagentsinc/bahia/internal/service/oci_registry.go:314.2,314.44 1 1
github.com/openagentsinc/bahia/internal/service/oci_registry.go:314.44,316.3 1 1
github.com/openagentsinc/bahia/internal/service/oci_registry.go:317.2,317.116 1 1
github.com/openagentsinc/bahia/internal/service/oci_registry.go:317.116,319.3 1 0
github.com/openagentsinc/bahia/internal/service/oci_registry.go:321.2,325.9 3 1
github.com/openagentsinc/bahia/internal/service/oci_registry.go:325.9,327.3 1 0
github.com/openagentsinc/bahia/internal/service/oci_registry.go:328.2,328.36 1 1
github.com/openagentsinc/bahia/internal/service/oci_registry.go:328.36,330.14 2 1
github.com/openagentsinc/bahia/internal/service/oci_registry.go:330.14,332.4 1 0
github.com/openagentsinc/bahia/internal/service/oci_registry.go:333.3,334.17 2 1
github.com/openagentsinc/bahia/internal/service/oci_registry.go:334.17,336.4 1 0
github.com/openagentsinc/bahia/internal/service/oci_registry.go:337.3,337.14 1 1
github.com/openagentsinc/bahia/internal/service/oci_registry.go:337.14,339.4 1 1
github.com/openagentsinc/bahia/internal/service/oci_registry.go:340.3,340.13 1 1
github.com/openagentsinc/bahia/internal/service/oci_registry.go:342.2,342.53 1 1
github.com/openagentsinc/bahia/internal/service/oci_registry.go:342.53,344.3 1 1
github.com/openagentsinc/bahia/internal/service/oci_registry.go:345.2,345.31 1 1
github.com/openagentsinc/bahia/internal/service/oci_registry.go:345.31,346.45 1 1
github.com/openagentsinc/bahia/internal/service/oci_registry.go:346.45,348.4 1 0
github.com/openagentsinc/bahia/internal/service/oci_registry.go:351.2,359.46 3 1
github.com/openagentsinc/bahia/internal/service/oci_registry.go:359.46,361.3 1 1
github.com/openagentsinc/bahia/internal/service/oci_registry.go:363.2,364.16 2 1
github.com/openagentsinc/bahia/internal/service/oci_registry.go:364.16,366.3 1 0
github.com/openagentsinc/bahia/internal/service/oci_registry.go:367.2,368.63 2 1
github.com/openagentsinc/bahia/internal/service/oci_registry.go:368.63,370.3 1 0
github.com/openagentsinc/bahia/internal/service/oci_registry.go:371.2,371.28 1 1
github.com/openagentsinc/bahia/internal/service/oci_registry.go:374.132,375.55 1 1
github.com/openagentsinc/bahia/internal/service/oci_registry.go:375.55,377.3 1 0
github.com/openagentsinc/bahia/internal/service/oci_registry.go:378.2,382.9 3 1
github.com/openagentsinc/bahia/internal/service/oci_registry.go:382.9,384.3 1 0
github.com/openagentsinc/bahia/internal/service/oci_registry.go:385.2,386.16 2 1
github.com/openagentsinc/bahia/internal/service/oci_registry.go:386.16,388.3 1 0
github.com/openagentsinc/bahia/internal/service/oci_registry.go:389.2,393.8 1 1
github.com/openagentsinc/bahia/internal/service/oci_registry.go:396.88,398.22 2 1
github.com/openagentsinc/bahia/internal/service/oci_registry.go:398.22,400.3 1 0
github.com/openagentsinc/bahia/internal/service/oci_registry.go:401.2,401.103 1 1
github.com/openagentsinc/bahia/internal/service/oci_registry.go:401.103,403.3 1 0
github.com/openagentsinc/bahia/internal/service/oci_registry.go:404.2,404.46 1 1
github.com/openagentsinc/bahia/internal/service/oci_registry.go:404.46,406.3 1 1
github.com/openagentsinc/bahia/internal/service/oci_registry.go:407.2,407.36 1 0
github.com/openagentsinc/bahia/internal/service/oci_registry.go:410.88,411.28 1 1
github.com/openagentsinc/bahia/internal/service/oci_registry.go:411.28,413.3 1 1
github.com/openagentsinc/bahia/internal/service/oci_registry.go:414.2,415.22 2 1
github.com/openagentsinc/bahia/internal/service/oci_registry.go:415.22,417.3 1 1
github.com/openagentsinc/bahia/internal/service/oci_registry.go:418.2,418.53 1 1
github.com/openagentsinc/bahia/internal/service/oci_registry.go:418.53,420.3 1 0
github.com/openagentsinc/bahia/internal/service/oci_registry.go:421.2,421.46 1 1
github.com/openagentsinc/bahia/internal/service/oci_registry.go:421.46,423.3 1 1
github.com/openagentsinc/bahia/internal/service/oci_registry.go:424.2,424.32 1 0
github.com/openagentsinc/bahia/internal/service/oci_registry.go:427.41,429.2 1 1
github.com/openagentsinc/bahia/internal/service/oci_registry.go:431.58,433.31 2 1
github.com/openagentsinc/bahia/internal/service/oci_registry.go:433.31,435.50 2 1
github.com/openagentsinc/bahia/internal/service/oci_registry.go:435.50,436.12 1 0
github.com/openagentsinc/bahia/internal/service/oci_registry.go:438.3,441.17 4 1
github.com/openagentsinc/bahia/internal/service/oci_registry.go:441.17,442.12 1 0
github.com/openagentsinc/bahia/internal/service/oci_registry.go:444.3,444.34 1 1
github.com/openagentsinc/bahia/internal/service/oci_registry.go:444.34,446.61 2 1
github.com/openagentsinc/bahia/internal/service/oci_registry.go:446.61,448.5 1 1
github.com/openagentsinc/bahia/internal/service/oci_registry.go:451.2,451.14 1 0
github.com/openagentsinc/bahia/internal/service/oci_registry.go:454.58,456.31 2 1
github.com/openagentsinc/bahia/internal/service/oci_registry.go:456.31,458.50 2 1
github.com/openagentsinc/bahia/internal/service/oci_registry.go:458.50,459.12 1 0
github.com/openagentsinc/bahia/internal/service/oci_registry.go:461.3,464.17 4 1
github.com/openagentsinc/bahia/internal/service/oci_registry.go:464.17,465.12 1 0
github.com/openagentsinc/bahia/internal/service/oci_registry.go:467.3,467.34 1 1
github.com/openagentsinc/bahia/internal/service/oci_registry.go:467.34,469.41 2 1
github.com/openagentsinc/bahia/internal/service/oci_registry.go:469.41,471.5 1 1
github.com/openagentsinc/bahia/internal/service/oci_registry.go:474.2,474.14 1 0
github.com/openagentsinc/bahia/internal/service/oci_registry.go:477.57,480.49 3 1
github.com/openagentsinc/bahia/internal/service/oci_registry.go:480.49,482.3 1 1
github.com/openagentsinc/bahia/internal/service/oci_registry.go:483.2,483.41 1 0
github.com/openagentsinc/bahia/internal/service/oci_registry.go:483.41,486.3 2 0
github.com/openagentsinc/bahia/internal/service/oci_registry.go:487.2,487.14 1 0
github.com/openagentsinc/bahia/internal/service/oci_registry.go:490.60,491.40 1 1
github.com/openagentsinc/bahia/internal/service/oci_registry.go:491.40,493.3 1 0
github.com/openagentsinc/bahia/internal/service/oci_registry.go:494.2,495.24 2 1
github.com/openagentsinc/bahia/internal/service/oci_registry.go:495.24,497.3 1 1
github.com/openagentsinc/bahia/internal/service/oci_registry.go:498.2,498.55 1 1
github.com/openagentsinc/bahia/internal/service/oci_registry.go:498.55,500.17 2 1
github.com/openagentsinc/bahia/internal/service/oci_registry.go:500.17,501.12 1 0
github.com/openagentsinc/bahia/internal/service/oci_registry.go:503.3,504.49 2 1
github.com/openagentsinc/bahia/internal/service/oci_registry.go:504.49,506.4 1 0
github.com/openagentsinc/bahia/internal/service/oci_registry.go:507.3,507.43 1 1
github.com/openagentsinc/bahia/internal/service/oci_registry.go:507.43,509.4 1 1
github.com/openagentsinc/bahia/internal/service/oci_registry.go:510.3,510.37 1 1
github.com/openagentsinc/bahia/internal/service/oci_registry.go:510.37,512.44 2 0
github.com/openagentsinc/bahia/internal/service/oci_registry.go:512.44,514.5 1 0
github.com/openagentsinc/bahia/internal/service/oci_registry.go:517.2,517.14 1 1
github.com/openagentsinc/bahia/internal/service/oci_registry_uploads.go:30.71,33.2 2 1
github.com/openagentsinc/bahia/internal/service/oci_registry_uploads.go:35.129,37.94 2 0
github.com/openagentsinc/bahia/internal/service/oci_registry_uploads.go:37.94,39.3 1 0
github.com/openagentsinc/bahia/internal/service/oci_registry_uploads.go:41.2,42.16 2 0
github.com/openagentsinc/bahia/internal/service/oci_registry_uploads.go:42.16,44.3 1 0
github.com/openagentsinc/bahia/internal/service/oci_registry_uploads.go:45.2,45.13 1 0
github.com/openagentsinc/bahia/internal/service/oci_registry_uploads.go:45.13,47.3 1 0
github.com/openagentsinc/bahia/internal/service/oci_registry_uploads.go:49.2,50.16 2 0
github.com/openagentsinc/bahia/internal/service/oci_registry_uploads.go:50.16,52.3 1 0
github.com/openagentsinc/bahia/internal/service/oci_registry_uploads.go:53.2,53.61 1 0
github.com/openagentsinc/bahia/internal/service/oci_registry_uploads.go:53.61,55.3 1 0
github.com/openagentsinc/bahia/internal/service/oci_registry_uploads.go:57.2,57.71 1 0
github.com/openagentsinc/bahia/internal/service/oci_registry_uploads.go:57.71,59.3 1 0
github.com/openagentsinc/bahia/internal/service/oci_registry_uploads.go:60.2,60.24 1 0
github.com/openagentsinc/bahia/internal/service/oci_registry_uploads.go:63.111,67.16 4 1
github.com/openagentsinc/bahia/internal/service/oci_registry_uploads.go:67.16,69.3 1 0
github.com/openagentsinc/bahia/internal/service/oci_registry_uploads.go:70.2,74.88 4 1
github.com/openagentsinc/bahia/internal/service/oci_registry_uploads.go:74.88,77.3 2 0
github.com/openagentsinc/bahia/internal/service/oci_registry_uploads.go:79.2,87.8 1 1
github.com/openagentsinc/bahia/internal/service/oci_registry_uploads.go:90.109,92.16 2 1
github.com/openagentsinc/bahia/internal/service/oci_registry_uploads.go:92.16,94.3 1 0
github.com/openagentsinc/bahia/internal/service/oci_registry_uploads.go:95.2,95.40 1 1
github.com/openagentsinc/bahia/internal/service/oci_registry_uploads.go:95.40,97.3 1 0
github.com/openagentsinc/bahia/internal/service/oci_registry_uploads.go:98.2,105.8 1 1
github.com/openagentsinc/bahia/internal/service/oci_registry_uploads.go:108.169,109.23 1 1
github.com/openagentsinc/bahia/internal/service/oci_registry_uploads.go:109.23,111.3 1 0
github.com/openagentsinc/bahia/internal/service/oci_registry_uploads.go:112.2,117.16 5 1
github.com/openagentsinc/bahia/internal/service/oci_registry_uploads.go:117.16,119.3 1 0
github.com/openagentsinc/bahia/internal/service/oci_registry_uploads.go:120.2,120.159 1 1
github.com/openagentsinc/bahia/internal/service/oci_registry_uploads.go:120.159,122.3 1 0
github.com/openagentsinc/bahia/internal/service/oci_registry_uploads.go:123.2,123.70 1 1
github.com/openagentsinc/bahia/internal/service/oci_registry_uploads.go:123.70,126.3 2 0
github.com/openagentsinc/bahia/internal/service/oci_registry_uploads.go:127.2,127.62 1 1
github.com/openagentsinc/bahia/internal/service/oci_registry_uploads.go:127.62,129.3 1 1
github.com/openagentsinc/bahia/internal/service/oci_registry_uploads.go:131.2,131.79 1 1
github.com/openagentsinc/bahia/internal/service/oci_registry_uploads.go:131.79,133.3 1 0
github.com/openagentsinc/bahia/internal/service/oci_registry_uploads.go:134.2,135.20 2 1
github.com/openagentsinc/bahia/internal/service/oci_registry_uploads.go:138.168,144.16 5 1
github.com/openagentsinc/bahia/internal/service/oci_registry_uploads.go:144.16,146.3 1 0
github.com/openagentsinc/bahia/internal/service/oci_registry_uploads.go:147.2,147.159 1 1
github.com/openagentsinc/bahia/internal/service/oci_registry_uploads.go:147.159,149.3 1 0
github.com/openagentsinc/bahia/internal/service/oci_registry_uploads.go:150.2,150.70 1 1
github.com/openagentsinc/bahia/internal/service/oci_registry_uploads.go:150.70,153.3 2 0
github.com/openagentsinc/bahia/internal/service/oci_registry_uploads.go:155.2,155.23 1 1
github.com/openagentsinc/bahia/internal/service/oci_registry_uploads.go:155.23,156.80 1 0
github.com/openagentsinc/bahia/internal/service/oci_registry_uploads.go:156.80,158.4 1 0
github.com/openagentsinc/bahia/internal/service/oci_registry_uploads.go:161.2,162.16 2 1
github.com/openagentsinc/bahia/internal/service/oci_registry_uploads.go:162.16,164.3 1 0
github.com/openagentsinc/bahia/internal/service/oci_registry_uploads.go:165.2,166.76 2 1
github.com/openagentsinc/bahia/internal/service/oci_registry_uploads.go:166.76,168.3 1 0
github.com/openagentsinc/bahia/internal/service/oci_registry_uploads.go:170.2,171.16 2 1
github.com/openagentsinc/bahia/internal/service/oci_registry_uploads.go:171.16,174.3 2 0
github.com/openagentsinc/bahia/internal/service/oci_registry_uploads.go:176.2,176.122 1 1
github.com/openagentsinc/bahia/internal/service/oci_registry_uploads.go:176.122,178.3 1 0
github.com/openagentsinc/bahia/internal/service/oci_registry_uploads.go:179.2,179.105 1 1
github.com/openagentsinc/bahia/internal/service/oci_registry_uploads.go:179.105,181.3 1 0
github.com/openagentsinc/bahia/internal/service/oci_registry_uploads.go:182.2,182.56 1 1
github.com/openagentsinc/bahia/internal/service/oci_registry_uploads.go:182.56,184.3 1 0
github.com/openagentsinc/bahia/internal/service/oci_registry_uploads.go:185.2,187.86 2 1
github.com/openagentsinc/bahia/internal/service/oci_registry_uploads.go:190.101,195.9 3 1
github.com/openagentsinc/bahia/internal/service/oci_registry_uploads.go:195.9,197.3 1 0
github.com/openagentsinc/bahia/internal/service/oci_registry_uploads.go:198.2,199.16 2 1
github.com/openagentsinc/bahia/internal/service/oci_registry_uploads.go:199.16,201.3 1 0
github.com/openagentsinc/bahia/internal/service/oci_registry_uploads.go:202.2,203.29 2 1
github.com/openagentsinc/bahia/internal/service/oci_registry_uploads.go:203.29,206.60 3 1
github.com/openagentsinc/bahia/internal/service/oci_registry_uploads.go:206.60,207.12 1 0
github.com/openagentsinc/bahia/internal/service/oci_registry_uploads.go:209.3,209.10 1 1
github.com/openagentsinc/bahia/internal/service/oci_registry_uploads.go:211.2,211.19 1 1
github.com/openagentsinc/bahia/internal/service/oci_registry_uploads.go:214.143,216.16 2 1
github.com/openagentsinc/bahia/internal/service/oci_registry_uploads.go:216.16,218.3 1 0
github.com/openagentsinc/bahia/internal/service/oci_registry_uploads.go:219.2,222.16 3 1
github.com/openagentsinc/bahia/internal/service/oci_registry_uploads.go:222.16,225.3 2 0
github.com/openagentsinc/bahia/internal/service/oci_registry_uploads.go:226.2,226.30 1 1
github.com/openagentsinc/bahia/internal/service/oci_registry_uploads.go:226.30,229.3 2 0
github.com/openagentsinc/bahia/internal/service/oci_registry_uploads.go:231.2,233.91 3 1
github.com/openagentsinc/bahia/internal/service/oci_registry_uploads.go:233.91,236.3 2 0
github.com/openagentsinc/bahia/internal/service/oci_registry_uploads.go:237.2,239.12 3 1
github.com/openagentsinc/bahia/internal/service/oci_registry_uploads.go:242.72,244.16 2 1
github.com/openagentsinc/bahia/internal/service/oci_registry_uploads.go:244.16,246.3 1 0
github.com/openagentsinc/bahia/internal/service/oci_registry_uploads.go:247.2,251.16 4 1
github.com/openagentsinc/bahia/internal/service/oci_registry_uploads.go:251.16,253.3 1 0
github.com/openagentsinc/bahia/internal/service/oci_registry_uploads.go:254.2,254.47 1 1
github.com/openagentsinc/bahia/internal/service/oci_registry_uploads.go:257.60,259.23 2 0
github.com/openagentsinc/bahia/internal/service/oci_registry_uploads.go:259.23,261.3 1 0
github.com/openagentsinc/bahia/internal/service/oci_registry_uploads.go:262.2,263.21 2 0
github.com/openagentsinc/bahia/internal/service/oci_registry_uploads.go:263.21,265.3 1 0
github.com/openagentsinc/bahia/internal/service/oci_registry_uploads.go:266.2,267.16 2 0
github.com/openagentsinc/bahia/internal/service/oci_registry_uploads.go:267.16,269.3 1 0
github.com/openagentsinc/bahia/internal/service/oci_registry_uploads.go:270.2,270.20 1 0
github.com/openagentsinc/bahia/internal/service/payments.go:30.19,37.2 1 1
github.com/openagentsinc/bahia/internal/service/payments.go:41.134,43.16 2 1
github.com/openagentsinc/bahia/internal/service/payments.go:43.16,45.3 1 0
github.com/openagentsinc/bahia/internal/service/payments.go:47.2,47.28 1 1
github.com/openagentsinc/bahia/internal/service/payments.go:47.28,49.3 1 0
github.com/openagentsinc/bahia/internal/service/payments.go:51.2,52.16 2 1
github.com/openagentsinc/bahia/internal/service/payments.go:52.16,54.3 1 0
github.com/openagentsinc/bahia/internal/service/payments.go:56.2,56.30 1 1
github.com/openagentsinc/bahia/internal/service/payments.go:56.30,58.3 1 0
github.com/openagentsinc/bahia/internal/service/payments.go:61.2,64.32 2 1
github.com/openagentsinc/bahia/internal/service/payments.go:64.32,66.33 2 1
github.com/openagentsinc/bahia/internal/service/payments.go:66.33,68.4 1 0
github.com/openagentsinc/bahia/internal/service/payments.go:71.2,75.23 4 1
github.com/openagentsinc/bahia/internal/service/payments.go:80.175,84.95 2 1
github.com/openagentsinc/bahia/internal/service/payments.go:84.95,90.3 2 1
github.com/openagentsinc/bahia/internal/service/payments.go:92.2,102.52 2 1
github.com/openagentsinc/bahia/internal/service/payments.go:102.52,104.3 1 0
github.com/openagentsinc/bahia/internal/service/payments.go:106.2,111.17 2 1
github.com/openagentsinc/bahia/internal/service/payments.go:115.90,117.2 1 1
github.com/openagentsinc/bahia/internal/service/payments.go:120.174,131.52 2 1
github.com/openagentsinc/bahia/internal/service/payments.go:131.52,133.3 1 0
github.com/openagentsinc/bahia/internal/service/payments.go:135.2,139.17 2 1
github.com/openagentsinc/bahia/internal/service/payments.go:143.111,145.2 1 0
github.com/openagentsinc/bahia/internal/service/payments.go:148.104,150.16 2 1
github.com/openagentsinc/bahia/internal/service/payments.go:150.16,152.3 1 0
github.com/openagentsinc/bahia/internal/service/payments.go:154.2,155.30 2 1
github.com/openagentsinc/bahia/internal/service/payments.go:155.30,156.24 1 1
github.com/openagentsinc/bahia/internal/service/payments.go:157.39,159.26 2 1
github.com/openagentsinc/bahia/internal/service/payments.go:160.38,162.25 2 1
github.com/openagentsinc/bahia/internal/service/payments.go:165.2,166.21 2 1
github.com/openagentsinc/bahia/internal/service/payments.go:170.129,172.2 1 0
github.com/openagentsinc/bahia/internal/service/payments.go:184.41,187.2 2 1
github.com/openagentsinc/bahia/internal/service/policy.go:27.18,34.2 1 1
github.com/openagentsinc/bahia/internal/service/policy.go:38.126,41.16 2 1
github.com/openagentsinc/bahia/internal/service/policy.go:41.16,43.3 1 0
github.com/openagentsinc/bahia/internal/service/policy.go:45.2,46.16 2 1
github.com/openagentsinc/bahia/internal/service/policy.go:46.16,48.3 1 0
github.com/openagentsinc/bahia/internal/service/policy.go:50.2,51.27 2 1
github.com/openagentsinc/bahia/internal/service/policy.go:51.27,53.3 1 1
github.com/openagentsinc/bahia/internal/service/policy.go:55.2,57.37 2 1
github.com/openagentsinc/bahia/internal/service/policy.go:57.37,61.21 3 1
github.com/openagentsinc/bahia/internal/service/policy.go:61.21,62.30 1 1
github.com/openagentsinc/bahia/internal/service/policy.go:63.39,65.25 2 1
github.com/openagentsinc/bahia/internal/service/policy.go:66.38,67.20 1 1
github.com/openagentsinc/bahia/internal/service/policy.go:72.2,72.18 1 1
github.com/openagentsinc/bahia/internal/service/policy.go:76.135,84.36 2 1
github.com/openagentsinc/bahia/internal/service/policy.go:84.36,86.23 2 1
github.com/openagentsinc/bahia/internal/service/policy.go:86.23,89.4 2 1
github.com/openagentsinc/bahia/internal/service/policy.go:92.2,92.20 1 1
github.com/openagentsinc/bahia/internal/service/policy.go:92.20,98.3 1 1
github.com/openagentsinc/bahia/internal/service/policy.go:100.2,100.15 1 1
github.com/openagentsinc/bahia/internal/service/policy.go:104.129,105.19 1 1
github.com/openagentsinc/bahia/internal/service/policy.go:106.35,107.50 1 1
github.com/openagentsinc/bahia/internal/service/policy.go:108.30,109.45 1 1
github.com/openagentsinc/bahia/internal/service/policy.go:110.35,111.67 1 1
github.com/openagentsinc/bahia/internal/service/policy.go:112.31,113.63 1 1
github.com/openagentsinc/bahia/internal/service/policy.go:114.36,115.64 1 0
github.com/openagentsinc/bahia/internal/service/policy.go:116.31,117.59 1 1
github.com/openagentsinc/bahia/internal/service/policy.go:118.10,120.13 2 0
github.com/openagentsinc/bahia/internal/service/policy.go:124.114,126.16 2 1
github.com/openagentsinc/bahia/internal/service/policy.go:126.16,132.3 2 0
github.com/openagentsinc/bahia/internal/service/policy.go:133.2,133.19 1 1
github.com/openagentsinc/bahia/internal/service/policy.go:133.19,138.3 1 1
github.com/openagentsinc/bahia/internal/service/policy.go:139.2,139.12 1 1
github.com/openagentsinc/bahia/internal/service/policy.go:142.109,144.16 2 1
github.com/openagentsinc/bahia/internal/service/policy.go:144.16,145.36 1 1
github.com/openagentsinc/bahia/internal/service/policy.go:145.36,150.4 1 1
github.com/openagentsinc/bahia/internal/service/policy.go:151.3,154.4 1 0
github.com/openagentsinc/bahia/internal/service/policy.go:156.2,156.12 1 1
github.com/openagentsinc/bahia/internal/service/policy.go:159.146,161.16 2 1
github.com/openagentsinc/bahia/internal/service/policy.go:161.16,162.36 1 0
github.com/openagentsinc/bahia/internal/service/policy.go:162.36,164.4 1 0
github.com/openagentsinc/bahia/internal/service/policy.go:165.3,165.13 1 0
github.com/openagentsinc/bahia/internal/service/policy.go:168.2,172.18 4 1
github.com/openagentsinc/bahia/internal/service/policy.go:173.18,175.41 2 1
github.com/openagentsinc/bahia/internal/service/policy.go:176.14,178.37 2 1
github.com/openagentsinc/bahia/internal/service/policy.go:181.2,181.25 1 1
github.com/openagentsinc/bahia/internal/service/policy.go:181.25,186.3 1 1
github.com/openagentsinc/bahia/internal/service/policy.go:187.2,187.12 1 1
github.com/openagentsinc/bahia/internal/service/policy.go:190.138,195.16 2 0
github.com/openagentsinc/bahia/internal/service/policy.go:195.16,197.3 1 0
github.com/openagentsinc/bahia/internal/service/policy.go:199.2,200.60 2 0
github.com/openagentsinc/bahia/internal/service/policy.go:200.60,205.3 1 0
github.com/openagentsinc/bahia/internal/service/policy.go:206.2,206.12 1 0
github.com/openagentsinc/bahia/internal/service/policy.go:209.133,211.23 2 1
github.com/openagentsinc/bahia/internal/service/policy.go:211.23,213.3 1 0
github.com/openagentsinc/bahia/internal/service/policy.go:215.2,216.16 2 1
github.com/openagentsinc/bahia/internal/service/policy.go:216.16,218.3 1 0
github.com/openagentsinc/bahia/internal/service/policy.go:220.2,221.16 2 1
github.com/openagentsinc/bahia/internal/service/policy.go:221.16,223.3 1 0
github.com/openagentsinc/bahia/internal/service/policy.go:225.2,225.27 1 1
github.com/openagentsinc/bahia/internal/service/policy.go:225.27,226.30 1 1
github.com/openagentsinc/bahia/internal/service/policy.go:226.30,231.4 1 1
github.com/openagentsinc/bahia/internal/service/policy.go:233.2,233.12 1 0
github.com/openagentsinc/bahia/internal/service/policy.go:239.93,241.2 1 1
github.com/openagentsinc/bahia/internal/service/policy.go:244.104,246.2 1 1
github.com/openagentsinc/bahia/internal/service/policy.go:249.112,251.2 1 1
github.com/openagentsinc/bahia/internal/service/policy.go:254.93,256.2 1 1
github.com/openagentsinc/bahia/internal/service/policy.go:259.79,261.2 1 1
github.com/openagentsinc/bahia/internal/service/policy.go:265.73,266.19 1 1
github.com/openagentsinc/bahia/internal/service/policy.go:266.19,268.3 1 1
github.com/openagentsinc/bahia/internal/service/policy.go:269.2,270.9 2 1
github.com/openagentsinc/bahia/internal/service/policy.go:270.9,272.3 1 0
github.com/openagentsinc/bahia/internal/service/policy.go:273.2,273.23 1 1
github.com/openagentsinc/bahia/internal/service/policy.go:274.11,275.11 1 1
github.com/openagentsinc/bahia/internal/service/policy.go:276.15,277.16 1 1
github.com/openagentsinc/bahia/internal/service/policy.go:278.13,279.16 1 0
github.com/openagentsinc/bahia/internal/service/policy.go:280.10,281.20 1 1
github.com/openagentsinc/bahia/internal/service/policy.go:285.75,286.19 1 1
github.com/openagentsinc/bahia/internal/service/policy.go:286.19,288.3 1 1
github.com/openagentsinc/bahia/internal/service/policy.go:289.2,290.9 2 1
github.com/openagentsinc/bahia/internal/service/policy.go:290.9,292.3 1 0
github.com/openagentsinc/bahia/internal/service/policy.go:293.2,294.9 2 1
github.com/openagentsinc/bahia/internal/service/policy.go:294.9,296.3 1 0
github.com/openagentsinc/bahia/internal/service/policy.go:297.2,297.10 1 1
github.com/openagentsinc/bahia/internal/service/registry.go:36.101,38.2 1 1
github.com/openagentsinc/bahia/internal/service/registry.go:69.20,70.21 1 1
github.com/openagentsinc/bahia/internal/service/registry.go:70.21,72.3 1 1
github.com/openagentsinc/bahia/internal/service/registry.go:73.2,85.3 1 1
github.com/openagentsinc/bahia/internal/service/registry.go:90.89,91.27 1 1
github.com/openagentsinc/bahia/internal/service/registry.go:91.27,93.3 1 1
github.com/openagentsinc/bahia/internal/service/registry.go:94.2,94.29 1 1
github.com/openagentsinc/bahia/internal/service/registry.go:94.29,96.3 1 1
github.com/openagentsinc/bahia/internal/service/registry.go:97.2,98.52 2 1
github.com/openagentsinc/bahia/internal/service/registry.go:98.52,100.3 1 0
github.com/openagentsinc/bahia/internal/service/registry.go:101.2,106.12 2 1
github.com/openagentsinc/bahia/internal/service/registry.go:109.98,111.16 2 0
github.com/openagentsinc/bahia/internal/service/registry.go:111.16,113.3 1 0
github.com/openagentsinc/bahia/internal/service/registry.go:114.2,115.17 2 0
github.com/openagentsinc/bahia/internal/service/registry.go:118.103,120.16 2 0
github.com/openagentsinc/bahia/internal/service/registry.go:120.16,122.3 1 0
github.com/openagentsinc/bahia/internal/service/registry.go:123.2,124.17 2 0
github.com/openagentsinc/bahia/internal/service/registry.go:127.87,129.16 2 0
github.com/openagentsinc/bahia/internal/service/registry.go:129.16,131.3 1 0
github.com/openagentsinc/bahia/internal/service/registry.go:132.2,132.22 1 0
github.com/openagentsinc/bahia/internal/service/registry.go:132.22,134.3 1 0
github.com/openagentsinc/bahia/internal/service/registry.go:135.2,135.18 1 0
github.com/openagentsinc/bahia/internal/service/registry.go:138.109,140.16 2 0
github.com/openagentsinc/bahia/internal/service/registry.go:140.16,142.3 1 0
github.com/openagentsinc/bahia/internal/service/registry.go:143.2,143.22 1 0
github.com/openagentsinc/bahia/internal/service/registry.go:143.22,145.3 1 0
github.com/openagentsinc/bahia/internal/service/registry.go:146.2,146.18 1 0
github.com/openagentsinc/bahia/internal/service/registry.go:149.89,151.52 2 1
github.com/openagentsinc/bahia/internal/service/registry.go:151.52,153.3 1 0
github.com/openagentsinc/bahia/internal/service/registry.go:154.2,159.12 2 1
github.com/openagentsinc/bahia/internal/service/registry.go:164.94,166.12 2 0
github.com/openagentsinc/bahia/internal/service/registry.go:166.12,167.69 1 0
github.com/openagentsinc/bahia/internal/service/registry.go:167.69,169.18 2 0
github.com/openagentsinc/bahia/internal/service/registry.go:169.18,171.5 1 0
github.com/openagentsinc/bahia/internal/service/registry.go:172.4,173.17 2 0
github.com/openagentsinc/bahia/internal/service/registry.go:173.17,179.5 1 0
github.com/openagentsinc/bahia/internal/service/registry.go:182.2,182.63 1 0
github.com/openagentsinc/bahia/internal/service/registry.go:182.63,184.3 1 0
github.com/openagentsinc/bahia/internal/service/registry.go:184.8,186.3 1 0
github.com/openagentsinc/bahia/internal/service/registry.go:187.2,187.51 1 0
github.com/openagentsinc/bahia/internal/service/registry.go:187.51,189.3 1 0
github.com/openagentsinc/bahia/internal/service/registry.go:190.2,190.36 1 0
github.com/openagentsinc/bahia/internal/service/registry.go:190.36,200.3 1 0
github.com/openagentsinc/bahia/internal/service/registry.go:201.2,206.12 2 0
github.com/openagentsinc/bahia/internal/service/registry.go:209.62,210.16 1 1
github.com/openagentsinc/bahia/internal/service/registry.go:210.16,212.3 1 0
github.com/openagentsinc/bahia/internal/service/registry.go:214.2,216.27 2 1
github.com/openagentsinc/bahia/internal/service/registry.go:216.27,222.31 5 0
github.com/openagentsinc/bahia/internal/service/registry.go:222.31,224.40 2 0
github.com/openagentsinc/bahia/internal/service/registry.go:224.40,226.5 1 0
github.com/openagentsinc/bahia/internal/service/registry.go:229.3,229.40 1 0
github.com/openagentsinc/bahia/internal/service/registry.go:229.40,232.51 3 0
github.com/openagentsinc/bahia/internal/service/registry.go:232.51,234.22 2 0
github.com/openagentsinc/bahia/internal/service/registry.go:234.22,235.14 1 0
github.com/openagentsinc/bahia/internal/service/registry.go:237.5,237.35 1 0
github.com/openagentsinc/bahia/internal/service/registry.go:237.35,238.14 1 0
github.com/openagentsinc/bahia/internal/service/registry.go:240.5,241.37 2 0
github.com/openagentsinc/bahia/internal/service/registry.go:243.4,243.37 1 0
github.com/openagentsinc/bahia/internal/service/registry.go:246.3,246.36 1 0
github.com/openagentsinc/bahia/internal/service/registry.go:246.36,248.4 1 0
github.com/openagentsinc/bahia/internal/service/registry.go:250.3,250.34 1 0
github.com/openagentsinc/bahia/internal/service/registry.go:250.34,251.43 1 0
github.com/openagentsinc/bahia/internal/service/registry.go:251.43,253.5 1 0
github.com/openagentsinc/bahia/internal/service/registry.go:253.10,255.5 1 0
github.com/openagentsinc/bahia/internal/service/registry.go:259.2,259.48 1 1
github.com/openagentsinc/bahia/internal/service/registry.go:259.48,264.3 1 0
github.com/openagentsinc/bahia/internal/service/registry.go:267.61,268.16 1 0
github.com/openagentsinc/bahia/internal/service/registry.go:268.16,270.3 1 0
github.com/openagentsinc/bahia/internal/service/registry.go:272.2,274.48 2 0
github.com/openagentsinc/bahia/internal/service/registry.go:274.48,280.3 2 0
github.com/openagentsinc/bahia/internal/service/registry.go:282.2,282.27 1 0
github.com/openagentsinc/bahia/internal/service/registry.go:282.27,284.3 1 0
github.com/openagentsinc/bahia/internal/service/registry.go:286.2,287.65 2 0
github.com/openagentsinc/bahia/internal/service/registry.go:287.65,289.3 1 0
github.com/openagentsinc/bahia/internal/service/registry.go:294.97,295.30 1 1
github.com/openagentsinc/bahia/internal/service/registry.go:295.30,297.3 1 1
github.com/openagentsinc/bahia/internal/service/registry.go:298.2,298.56 1 1
github.com/openagentsinc/bahia/internal/service/registry.go:298.56,300.3 1 0
github.com/openagentsinc/bahia/internal/service/registry.go:301.2,306.12 2 1
github.com/openagentsinc/bahia/internal/service/registry.go:309.106,311.2 1 0
github.com/openagentsinc/bahia/internal/service/registry.go:313.111,315.2 1 0
github.com/openagentsinc/bahia/internal/service/registry.go:317.95,319.2 1 0
github.com/openagentsinc/bahia/internal/service/registry.go:321.117,323.2 1 0
github.com/openagentsinc/bahia/internal/service/registry.go:325.97,326.56 1 0
github.com/openagentsinc/bahia/internal/service/registry.go:326.56,328.3 1 0
github.com/openagentsinc/bahia/internal/service/registry.go:329.2,334.12 2 0
github.com/openagentsinc/bahia/internal/service/registry.go:339.98,341.12 2 0
github.com/openagentsinc/bahia/internal/service/registry.go:341.12,342.77 1 0
github.com/openagentsinc/bahia/internal/service/registry.go:342.77,344.18 2 0
github.com/openagentsinc/bahia/internal/service/registry.go:344.18,346.5 1 0
github.com/openagentsinc/bahia/internal/service/registry.go:347.4,348.17 2 0
github.com/openagentsinc/bahia/internal/service/registry.go:348.17,354.5 1 0
github.com/openagentsinc/bahia/internal/service/registry.go:357.2,357.67 1 0
github.com/openagentsinc/bahia/internal/service/registry.go:357.67,359.3 1 0
github.com/openagentsinc/bahia/internal/service/registry.go:359.8,361.3 1 0
github.com/openagentsinc/bahia/internal/service/registry.go:362.2,362.55 1 0
github.com/openagentsinc/bahia/internal/service/registry.go:362.55,364.3 1 0
github.com/openagentsinc/bahia/internal/service/registry.go:365.2,365.36 1 0
github.com/openagentsinc/bahia/internal/service/registry.go:365.36,375.3 1 0
github.com/openagentsinc/bahia/internal/service/registry.go:376.2,381.12 2 0
github.com/openagentsinc/bahia/internal/service/registry.go:386.85,387.20 1 1
github.com/openagentsinc/bahia/internal/service/registry.go:387.20,389.3 1 1
github.com/openagentsinc/bahia/internal/service/registry.go:390.2,390.48 1 1
github.com/openagentsinc/bahia/internal/service/registry.go:390.48,392.3 1 0
github.com/openagentsinc/bahia/internal/service/registry.go:394.2,405.12 3 1
github.com/openagentsinc/bahia/internal/service/registry.go:408.94,410.2 1 0
github.com/openagentsinc/bahia/internal/service/registry.go:412.123,413.16 1 0
github.com/openagentsinc/bahia/internal/service/registry.go:413.16,415.3 1 0
github.com/openagentsinc/bahia/internal/service/registry.go:416.2,416.62 1 0
github.com/openagentsinc/bahia/internal/service/registry.go:419.113,420.63 1 0
github.com/openagentsinc/bahia/internal/service/registry.go:420.63,422.3 1 0
github.com/openagentsinc/bahia/internal/service/registry.go:423.2,428.12 2 0
github.com/openagentsinc/bahia/internal/service/registry.go:433.91,434.24 1 1
github.com/openagentsinc/bahia/internal/service/registry.go:434.24,436.3 1 1
github.com/openagentsinc/bahia/internal/service/registry.go:440.2,441.21 2 1
github.com/openagentsinc/bahia/internal/service/registry.go:441.21,443.3 1 0
github.com/openagentsinc/bahia/internal/service/registry.go:444.2,445.16 2 1
github.com/openagentsinc/bahia/internal/service/registry.go:445.16,452.3 2 1
github.com/openagentsinc/bahia/internal/service/registry.go:453.2,453.26 1 1
github.com/openagentsinc/bahia/internal/service/registry.go:453.26,455.3 1 1
github.com/openagentsinc/bahia/internal/service/registry.go:458.2,458.94 1 1
github.com/openagentsinc/bahia/internal/service/registry.go:458.94,460.3 1 1
github.com/openagentsinc/bahia/internal/service/registry.go:463.2,463.79 1 1
github.com/openagentsinc/bahia/internal/service/registry.go:463.79,464.81 1 1
github.com/openagentsinc/bahia/internal/service/registry.go:464.81,466.4 1 1
github.com/openagentsinc/bahia/internal/service/registry.go:469.2,469.51 1 1
github.com/openagentsinc/bahia/internal/service/registry.go:469.51,471.3 1 0
github.com/openagentsinc/bahia/internal/service/registry.go:472.2,482.12 3 1
github.com/openagentsinc/bahia/internal/service/registry.go:485.100,487.2 1 0
github.com/openagentsinc/bahia/internal/service/registry.go:489.115,491.2 1 0
github.com/openagentsinc/bahia/internal/service/registry.go:493.129,494.16 1 0
github.com/openagentsinc/bahia/internal/service/registry.go:494.16,496.3 1 0
github.com/openagentsinc/bahia/internal/service/registry.go:497.2,497.65 1 0
github.com/openagentsinc/bahia/internal/service/registry.go:500.115,502.2 1 0
github.com/openagentsinc/bahia/internal/service/registry.go:507.106,510.16 2 1
github.com/openagentsinc/bahia/internal/service/registry.go:510.16,512.3 1 0
github.com/openagentsinc/bahia/internal/service/registry.go:513.2,513.16 1 1
github.com/openagentsinc/bahia/internal/service/registry.go:513.16,515.3 1 0
github.com/openagentsinc/bahia/internal/service/registry.go:517.2,518.16 2 1
github.com/openagentsinc/bahia/internal/service/registry.go:518.16,520.3 1 0
github.com/openagentsinc/bahia/internal/service/registry.go:521.2,521.16 1 1
github.com/openagentsinc/bahia/internal/service/registry.go:521.16,523.3 1 0
github.com/openagentsinc/bahia/internal/service/registry.go:525.2,526.16 2 1
github.com/openagentsinc/bahia/internal/service/registry.go:526.16,528.3 1 0
github.com/openagentsinc/bahia/internal/service/registry.go:529.2,529.21 1 1
github.com/openagentsinc/bahia/internal/service/registry.go:529.21,531.3 1 0
github.com/openagentsinc/bahia/internal/service/registry.go:532.2,532.80 1 1
github.com/openagentsinc/bahia/internal/service/registry.go:532.80,534.3 1 0
github.com/openagentsinc/bahia/internal/service/registry.go:535.2,535.40 1 1
github.com/openagentsinc/bahia/internal/service/registry.go:535.40,537.3 1 0
github.com/openagentsinc/bahia/internal/service/registry.go:540.2,540.20 1 1
github.com/openagentsinc/bahia/internal/service/registry.go:540.20,542.3 1 1
github.com/openagentsinc/bahia/internal/service/registry.go:542.8,542.36 1 0
github.com/openagentsinc/bahia/internal/service/registry.go:542.36,544.3 1 0
github.com/openagentsinc/bahia/internal/service/registry.go:546.2,546.21 1 1
github.com/openagentsinc/bahia/internal/service/registry.go:546.21,547.114 1 0
github.com/openagentsinc/bahia/internal/service/registry.go:547.114,549.4 1 0
github.com/openagentsinc/bahia/internal/service/registry.go:549.9,551.4 1 0
github.com/openagentsinc/bahia/internal/service/registry.go:554.2,554.50 1 1
github.com/openagentsinc/bahia/internal/service/registry.go:554.50,556.3 1 0
github.com/openagentsinc/bahia/internal/service/registry.go:559.2,566.51 2 1
github.com/openagentsinc/bahia/internal/service/registry.go:566.51,568.3 1 0
github.com/openagentsinc/bahia/internal/service/registry.go:568.8,579.3 1 1
github.com/openagentsinc/bahia/internal/service/registry.go:581.2,593.12 3 1
github.com/openagentsinc/bahia/internal/service/registry.go:596.116,598.2 1 0
github.com/openagentsinc/bahia/internal/service/registry.go:600.152,601.16 1 0
github.com/openagentsinc/bahia/internal/service/registry.go:601.16,603.3 1 0
github.com/openagentsinc/bahia/internal/service/registry.go:604.2,604.73 1 0
github.com/openagentsinc/bahia/internal/service/registry.go:607.92,609.16 2 1
github.com/openagentsinc/bahia/internal/service/registry.go:609.16,611.3 1 0
github.com/openagentsinc/bahia/internal/service/registry.go:612.2,612.15 1 1
github.com/openagentsinc/bahia/internal/service/registry.go:612.15,614.3 1 1
github.com/openagentsinc/bahia/internal/service/registry.go:617.2,617.55 1 1
github.com/openagentsinc/bahia/internal/service/registry.go:617.55,620.3 1 1
github.com/openagentsinc/bahia/internal/service/registry.go:621.2,621.45 1 0
github.com/openagentsinc/bahia/internal/service/registry.go:621.45,624.3 1 0
github.com/openagentsinc/bahia/internal/service/registry.go:626.2,626.89 1 0
github.com/openagentsinc/bahia/internal/service/registry.go:626.89,628.3 1 0
github.com/openagentsinc/bahia/internal/service/registry.go:629.2,629.85 1 0
github.com/openagentsinc/bahia/internal/service/registry.go:629.85,631.3 1 0
github.com/openagentsinc/bahia/internal/service/registry.go:633.2,638.12 2 0
github.com/openagentsinc/bahia/internal/service/registry.go:641.91,643.16 2 1
github.com/openagentsinc/bahia/internal/service/registry.go:643.16,645.3 1 0
github.com/openagentsinc/bahia/internal/service/registry.go:646.2,646.15 1 1
github.com/openagentsinc/bahia/internal/service/registry.go:646.15,648.3 1 0
github.com/openagentsinc/bahia/internal/service/registry.go:651.2,651.55 1 1
github.com/openagentsinc/bahia/internal/service/registry.go:651.55,654.3 1 1
github.com/openagentsinc/bahia/internal/service/registry.go:655.2,655.45 1 0
github.com/openagentsinc/bahia/internal/service/registry.go:655.45,658.3 1 0
github.com/openagentsinc/bahia/internal/service/registry.go:660.2,660.89 1 0
github.com/openagentsinc/bahia/internal/service/registry.go:660.89,662.3 1 0
github.com/openagentsinc/bahia/internal/service/registry.go:663.2,663.85 1 0
github.com/openagentsinc/bahia/internal/service/registry.go:663.85,665.3 1 0
github.com/openagentsinc/bahia/internal/service/registry.go:666.2,666.66 1 0
github.com/openagentsinc/bahia/internal/service/registry.go:666.66,668.3 1 0
github.com/openagentsinc/bahia/internal/service/registry.go:669.2,674.12 2 0
github.com/openagentsinc/bahia/internal/service/registry.go:677.120,679.16 2 0
github.com/openagentsinc/bahia/internal/service/registry.go:679.16,681.3 1 0
github.com/openagentsinc/bahia/internal/service/registry.go:682.2,682.91 1 0
github.com/openagentsinc/bahia/internal/service/registry.go:682.91,684.3 1 0
github.com/openagentsinc/bahia/internal/service/registry.go:686.2,687.16 2 0
github.com/openagentsinc/bahia/internal/service/registry.go:687.16,689.3 1 0
github.com/openagentsinc/bahia/internal/service/registry.go:691.2,694.25 4 0
github.com/openagentsinc/bahia/internal/service/registry.go:694.25,696.34 2 0
github.com/openagentsinc/bahia/internal/service/registry.go:696.34,697.12 1 0
github.com/openagentsinc/bahia/internal/service/registry.go:699.3,699.27 1 0
github.com/openagentsinc/bahia/internal/service/registry.go:700.95,703.9 3 0
github.com/openagentsinc/bahia/internal/service/registry.go:704.11,705.12 1 0
github.com/openagentsinc/bahia/internal/service/registry.go:707.3,707.35 1 0
github.com/openagentsinc/bahia/internal/service/registry.go:707.35,708.9 1 0
github.com/openagentsinc/bahia/internal/service/registry.go:712.2,712.51 1 0
github.com/openagentsinc/bahia/internal/service/registry.go:712.51,714.3 1 0
github.com/openagentsinc/bahia/internal/service/registry.go:715.2,723.12 2 0
github.com/openagentsinc/bahia/internal/service/registry.go:728.100,731.16 2 1
github.com/openagentsinc/bahia/internal/service/registry.go:731.16,733.3 1 0
github.com/openagentsinc/bahia/internal/service/registry.go:734.2,734.19 1 1
github.com/openagentsinc/bahia/internal/service/registry.go:734.19,736.3 1 0
github.com/openagentsinc/bahia/internal/service/registry.go:737.2,737.99 1 1
github.com/openagentsinc/bahia/internal/service/registry.go:737.99,740.3 1 1
github.com/openagentsinc/bahia/internal/service/registry.go:742.2,742.21 1 1
github.com/openagentsinc/bahia/internal/service/registry.go:742.21,744.3 1 1
github.com/openagentsinc/bahia/internal/service/registry.go:745.2,745.47 1 1
github.com/openagentsinc/bahia/internal/service/registry.go:745.47,747.3 1 0
github.com/openagentsinc/bahia/internal/service/registry.go:750.2,750.105 1 1
github.com/openagentsinc/bahia/internal/service/registry.go:750.105,755.3 1 0
github.com/openagentsinc/bahia/internal/service/registry.go:757.2,767.12 3 1
github.com/openagentsinc/bahia/internal/service/registry.go:770.110,772.2 1 0
github.com/openagentsinc/bahia/internal/service/registry.go:774.119,776.2 1 0
github.com/openagentsinc/bahia/internal/service/registry.go:779.140,781.34 1 1
github.com/openagentsinc/bahia/internal/service/registry.go:781.34,783.3 1 1
github.com/openagentsinc/bahia/internal/service/registry.go:785.2,786.16 2 1
github.com/openagentsinc/bahia/internal/service/registry.go:786.16,788.3 1 0
github.com/openagentsinc/bahia/internal/service/registry.go:789.2,789.15 1 1
github.com/openagentsinc/bahia/internal/service/registry.go:789.15,791.3 1 0
github.com/openagentsinc/bahia/internal/service/registry.go:794.2,794.81 1 1
github.com/openagentsinc/bahia/internal/service/registry.go:794.81,796.3 1 1
github.com/openagentsinc/bahia/internal/service/registry.go:798.2,798.71 1 1
github.com/openagentsinc/bahia/internal/service/registry.go:798.71,800.3 1 0
github.com/openagentsinc/bahia/internal/service/registry.go:803.2,804.16 2 1
github.com/openagentsinc/bahia/internal/service/registry.go:805.33,806.45 1 1
github.com/openagentsinc/bahia/internal/service/registry.go:807.55,808.43 1 1
github.com/openagentsinc/bahia/internal/service/registry.go:809.33,810.43 1 0
github.com/openagentsinc/bahia/internal/service/registry.go:811.10,812.13 1 0
github.com/openagentsinc/bahia/internal/service/registry.go:815.2,815.89 1 1
github.com/openagentsinc/bahia/internal/service/registry.go:815.89,822.3 2 1
github.com/openagentsinc/bahia/internal/service/registry.go:825.2,825.41 1 1
github.com/openagentsinc/bahia/internal/service/registry.go:825.41,827.17 2 1
github.com/openagentsinc/bahia/internal/service/registry.go:827.17,833.4 2 1
github.com/openagentsinc/bahia/internal/service/registry.go:834.3,834.20 1 1
github.com/openagentsinc/bahia/internal/service/registry.go:834.20,845.53 3 1
github.com/openagentsinc/bahia/internal/service/registry.go:845.53,852.5 2 1
github.com/openagentsinc/bahia/internal/service/registry.go:853.4,863.6 1 1
github.com/openagentsinc/bahia/internal/service/registry.go:867.2,877.12 3 1
github.com/openagentsinc/bahia/internal/service/registry.go:884.139,887.16 2 1
github.com/openagentsinc/bahia/internal/service/registry.go:887.16,889.3 1 0
github.com/openagentsinc/bahia/internal/service/registry.go:890.2,890.25 1 1
github.com/openagentsinc/bahia/internal/service/registry.go:890.25,892.3 1 1
github.com/openagentsinc/bahia/internal/service/registry.go:897.2,898.16 2 1
github.com/openagentsinc/bahia/internal/service/registry.go:898.16,900.3 1 0
github.com/openagentsinc/bahia/internal/service/registry.go:902.2,903.43 2 1
github.com/openagentsinc/bahia/internal/service/registry.go:903.43,905.3 1 1
github.com/openagentsinc/bahia/internal/service/registry.go:909.2,912.25 3 1
github.com/openagentsinc/bahia/internal/service/registry.go:912.25,915.51 2 1
github.com/openagentsinc/bahia/internal/service/registry.go:915.51,916.12 1 1
github.com/openagentsinc/bahia/internal/service/registry.go:920.3,920.74 1 1
github.com/openagentsinc/bahia/internal/service/registry.go:920.74,921.33 1 1
github.com/openagentsinc/bahia/internal/service/registry.go:921.33,923.5 1 1
github.com/openagentsinc/bahia/internal/service/registry.go:924.4,924.12 1 1
github.com/openagentsinc/bahia/internal/service/registry.go:928.3,929.32 2 1
github.com/openagentsinc/bahia/internal/service/registry.go:929.32,931.4 1 1
github.com/openagentsinc/bahia/internal/service/registry.go:932.3,932.8 1 1
github.com/openagentsinc/bahia/internal/service/registry.go:935.2,935.37 1 1
github.com/openagentsinc/bahia/internal/service/registry.go:935.37,937.3 1 0
github.com/openagentsinc/bahia/internal/service/registry.go:940.2,941.16 2 1
github.com/openagentsinc/bahia/internal/service/registry.go:941.16,943.3 1 0
github.com/openagentsinc/bahia/internal/service/registry.go:944.2,944.21 1 1
github.com/openagentsinc/bahia/internal/service/registry.go:944.21,946.3 1 0
github.com/openagentsinc/bahia/internal/service/registry.go:948.2,959.70 2 1
github.com/openagentsinc/bahia/internal/service/registry.go:959.70,961.3 1 0
github.com/openagentsinc/bahia/internal/service/registry.go:963.2,963.28 1 1
github.com/openagentsinc/bahia/internal/service/registry.go:968.104,969.56 1 1
github.com/openagentsinc/bahia/internal/service/registry.go:969.56,971.3 1 0
github.com/openagentsinc/bahia/internal/service/registry.go:974.2,975.16 2 1
github.com/openagentsinc/bahia/internal/service/registry.go:975.16,982.3 2 1
github.com/openagentsinc/bahia/internal/service/registry.go:983.2,983.18 1 1
github.com/openagentsinc/bahia/internal/service/registry.go:983.18,988.3 1 0
github.com/openagentsinc/bahia/internal/service/registry.go:989.2,992.36 2 1
github.com/openagentsinc/bahia/internal/service/registry.go:992.36,994.17 2 1
github.com/openagentsinc/bahia/internal/service/registry.go:994.17,1001.4 2 1
github.com/openagentsinc/bahia/internal/service/registry.go:1001.9,1001.78 1 1
github.com/openagentsinc/bahia/internal/service/registry.go:1001.78,1003.4 1 1
github.com/openagentsinc/bahia/internal/service/registry.go:1003.9,1005.4 1 0
github.com/openagentsinc/bahia/internal/service/registry.go:1008.2,1010.51 3 1
github.com/openagentsinc/bahia/internal/service/registry.go:1010.51,1012.3 1 0
github.com/openagentsinc/bahia/internal/service/registry.go:1013.2,1026.12 3 1
github.com/openagentsinc/bahia/internal/service/registry.go:1029.133,1031.2 1 0
github.com/openagentsinc/bahia/internal/service/registry.go:1035.144,1037.2 1 0
github.com/openagentsinc/bahia/internal/service/registry.go:1039.129,1041.2 1 0
github.com/openagentsinc/bahia/internal/service/registry.go:1043.108,1045.2 1 0
github.com/openagentsinc/bahia/internal/service/registry.go:1047.104,1049.2 1 0
github.com/openagentsinc/bahia/internal/service/registry.go:1052.61,1053.11 1 1
github.com/openagentsinc/bahia/internal/service/registry.go:1054.109,1055.14 1 1
github.com/openagentsinc/bahia/internal/service/registry.go:1056.10,1057.15 1 1
github.com/openagentsinc/bahia/internal/service/runtime_lifecycle.go:44.128,45.42 1 1
github.com/openagentsinc/bahia/internal/service/runtime_lifecycle.go:45.42,48.3 2 1
github.com/openagentsinc/bahia/internal/service/runtime_lifecycle.go:62.28,63.19 1 1
github.com/openagentsinc/bahia/internal/service/runtime_lifecycle.go:63.19,65.3 1 0
github.com/openagentsinc/bahia/internal/service/runtime_lifecycle.go:66.2,66.22 1 1
github.com/openagentsinc/bahia/internal/service/runtime_lifecycle.go:66.22,68.3 1 0
github.com/openagentsinc/bahia/internal/service/runtime_lifecycle.go:69.2,79.27 2 1
github.com/openagentsinc/bahia/internal/service/runtime_lifecycle.go:79.27,81.3 1 1
github.com/openagentsinc/bahia/internal/service/runtime_lifecycle.go:82.2,82.12 1 1
github.com/openagentsinc/bahia/internal/service/runtime_lifecycle.go:86.150,89.16 3 1
github.com/openagentsinc/bahia/internal/service/runtime_lifecycle.go:89.16,92.3 2 1
github.com/openagentsinc/bahia/internal/service/runtime_lifecycle.go:94.2,95.16 2 1
github.com/openagentsinc/bahia/internal/service/runtime_lifecycle.go:95.16,98.3 2 1
github.com/openagentsinc/bahia/internal/service/runtime_lifecycle.go:100.2,102.78 3 1
github.com/openagentsinc/bahia/internal/service/runtime_lifecycle.go:102.78,105.3 2 1
github.com/openagentsinc/bahia/internal/service/runtime_lifecycle.go:107.2,107.24 1 1
github.com/openagentsinc/bahia/internal/service/runtime_lifecycle.go:107.24,109.3 1 0
github.com/openagentsinc/bahia/internal/service/runtime_lifecycle.go:110.2,113.88 3 1
github.com/openagentsinc/bahia/internal/service/runtime_lifecycle.go:113.88,116.3 2 1
github.com/openagentsinc/bahia/internal/service/runtime_lifecycle.go:117.2,117.84 1 1
github.com/openagentsinc/bahia/internal/service/runtime_lifecycle.go:117.84,120.3 2 0
github.com/openagentsinc/bahia/internal/service/runtime_lifecycle.go:121.2,122.16 2 1
github.com/openagentsinc/bahia/internal/service/runtime_lifecycle.go:122.16,125.3 2 0
github.com/openagentsinc/bahia/internal/service/runtime_lifecycle.go:126.2,126.63 1 1
github.com/openagentsinc/bahia/internal/service/runtime_lifecycle.go:126.63,129.3 2 0
github.com/openagentsinc/bahia/internal/service/runtime_lifecycle.go:130.2,132.17 3 1
github.com/openagentsinc/bahia/internal/service/runtime_lifecycle.go:136.128,139.16 3 1
github.com/openagentsinc/bahia/internal/service/runtime_lifecycle.go:139.16,142.3 2 1
github.com/openagentsinc/bahia/internal/service/runtime_lifecycle.go:143.2,144.9 2 1
github.com/openagentsinc/bahia/internal/service/runtime_lifecycle.go:144.9,148.3 3 0
github.com/openagentsinc/bahia/internal/service/runtime_lifecycle.go:149.2,150.59 2 1
github.com/openagentsinc/bahia/internal/service/runtime_lifecycle.go:150.59,153.3 2 0
github.com/openagentsinc/bahia/internal/service/runtime_lifecycle.go:154.2,155.16 2 1
github.com/openagentsinc/bahia/internal/service/runtime_lifecycle.go:155.16,158.3 2 0
github.com/openagentsinc/bahia/internal/service/runtime_lifecycle.go:159.2,159.63 1 1
github.com/openagentsinc/bahia/internal/service/runtime_lifecycle.go:159.63,162.3 2 0
github.com/openagentsinc/bahia/internal/service/runtime_lifecycle.go:163.2,165.17 3 1
github.com/openagentsinc/bahia/internal/service/runtime_lifecycle.go:169.125,172.16 3 1
github.com/openagentsinc/bahia/internal/service/runtime_lifecycle.go:172.16,175.3 2 1
github.com/openagentsinc/bahia/internal/service/runtime_lifecycle.go:176.2,177.9 2 1
github.com/openagentsinc/bahia/internal/service/runtime_lifecycle.go:177.9,181.3 3 0
github.com/openagentsinc/bahia/internal/service/runtime_lifecycle.go:182.2,183.56 2 1
github.com/openagentsinc/bahia/internal/service/runtime_lifecycle.go:183.56,186.3 2 0
github.com/openagentsinc/bahia/internal/service/runtime_lifecycle.go:187.2,188.16 2 1
github.com/openagentsinc/bahia/internal/service/runtime_lifecycle.go:188.16,191.3 2 0
github.com/openagentsinc/bahia/internal/service/runtime_lifecycle.go:192.2,192.63 1 1
github.com/openagentsinc/bahia/internal/service/runtime_lifecycle.go:192.63,195.3 2 0
github.com/openagentsinc/bahia/internal/service/runtime_lifecycle.go:196.2,198.17 3 1
github.com/openagentsinc/bahia/internal/service/runtime_lifecycle.go:201.155,202.23 1 1
github.com/openagentsinc/bahia/internal/service/runtime_lifecycle.go:202.23,204.3 1 0
github.com/openagentsinc/bahia/internal/service/runtime_lifecycle.go:205.2,206.16 2 1
github.com/openagentsinc/bahia/internal/service/runtime_lifecycle.go:206.16,208.3 1 0
github.com/openagentsinc/bahia/internal/service/runtime_lifecycle.go:209.2,209.16 1 1
github.com/openagentsinc/bahia/internal/service/runtime_lifecycle.go:209.16,211.3 1 0
github.com/openagentsinc/bahia/internal/service/runtime_lifecycle.go:212.2,213.16 2 1
github.com/openagentsinc/bahia/internal/service/runtime_lifecycle.go:213.16,215.3 1 0
github.com/openagentsinc/bahia/internal/service/runtime_lifecycle.go:216.2,216.16 1 1
github.com/openagentsinc/bahia/internal/service/runtime_lifecycle.go:216.16,218.3 1 0
github.com/openagentsinc/bahia/internal/service/runtime_lifecycle.go:219.2,219.64 1 1
github.com/openagentsinc/bahia/internal/service/runtime_lifecycle.go:219.64,221.3 1 1
github.com/openagentsinc/bahia/internal/service/runtime_lifecycle.go:222.2,222.74 1 1
github.com/openagentsinc/bahia/internal/service/runtime_lifecycle.go:222.74,224.3 1 0
github.com/openagentsinc/bahia/internal/service/runtime_lifecycle.go:225.2,226.16 2 1
github.com/openagentsinc/bahia/internal/service/runtime_lifecycle.go:226.16,228.3 1 0
github.com/openagentsinc/bahia/internal/service/runtime_lifecycle.go:229.2,229.26 1 1
github.com/openagentsinc/bahia/internal/service/runtime_lifecycle.go:232.117,233.20 1 1
github.com/openagentsinc/bahia/internal/service/runtime_lifecycle.go:233.20,235.3 1 0
github.com/openagentsinc/bahia/internal/service/runtime_lifecycle.go:236.2,237.16 2 1
github.com/openagentsinc/bahia/internal/service/runtime_lifecycle.go:237.16,239.3 1 0
github.com/openagentsinc/bahia/internal/service/runtime_lifecycle.go:240.2,240.15 1 1
github.com/openagentsinc/bahia/internal/service/runtime_lifecycle.go:240.15,242.3 1 0
github.com/openagentsinc/bahia/internal/service/runtime_lifecycle.go:243.2,243.12 1 1
github.com/openagentsinc/bahia/internal/service/runtime_lifecycle.go:246.88,247.80 1 1
github.com/openagentsinc/bahia/internal/service/runtime_lifecycle.go:247.80,249.3 1 1
github.com/openagentsinc/bahia/internal/service/runtime_lifecycle.go:250.2,250.44 1 1
github.com/openagentsinc/bahia/internal/service/runtime_lifecycle.go:250.44,252.3 1 0
github.com/openagentsinc/bahia/internal/service/runtime_lifecycle.go:253.2,254.30 2 1
github.com/openagentsinc/bahia/internal/service/runtime_lifecycle.go:254.30,256.3 1 1
github.com/openagentsinc/bahia/internal/service/runtime_lifecycle.go:257.2,259.63 3 1
github.com/openagentsinc/bahia/internal/service/runtime_lifecycle.go:259.63,261.3 1 1
github.com/openagentsinc/bahia/internal/service/runtime_lifecycle.go:262.2,263.43 2 1
github.com/openagentsinc/bahia/internal/service/runtime_lifecycle.go:263.43,265.3 1 0
github.com/openagentsinc/bahia/internal/service/runtime_lifecycle.go:266.2,266.12 1 1
github.com/openagentsinc/bahia/internal/service/runtime_lifecycle.go:269.155,270.23 1 1
github.com/openagentsinc/bahia/internal/service/runtime_lifecycle.go:270.23,272.17 2 0
github.com/openagentsinc/bahia/internal/service/runtime_lifecycle.go:272.17,274.4 1 0
github.com/openagentsinc/bahia/internal/service/runtime_lifecycle.go:275.3,275.47 1 0
github.com/openagentsinc/bahia/internal/service/runtime_lifecycle.go:275.47,277.4 1 0
github.com/openagentsinc/bahia/internal/service/runtime_lifecycle.go:278.3,278.36 1 0
github.com/openagentsinc/bahia/internal/service/runtime_lifecycle.go:280.2,281.16 2 1
github.com/openagentsinc/bahia/internal/service/runtime_lifecycle.go:281.16,283.3 1 0
github.com/openagentsinc/bahia/internal/service/runtime_lifecycle.go:284.2,284.21 1 1
github.com/openagentsinc/bahia/internal/service/runtime_lifecycle.go:284.21,286.3 1 0
github.com/openagentsinc/bahia/internal/service/runtime_lifecycle.go:287.2,287.37 1 1
github.com/openagentsinc/bahia/internal/service/runtime_lifecycle.go:287.37,289.3 1 1
github.com/openagentsinc/bahia/internal/service/runtime_lifecycle.go:290.2,290.22 1 1
github.com/openagentsinc/bahia/internal/service/runtime_lifecycle.go:293.141,294.22 1 1
github.com/openagentsinc/bahia/internal/service/runtime_lifecycle.go:294.22,296.3 1 1
github.com/openagentsinc/bahia/internal/service/runtime_lifecycle.go:297.2,298.16 2 1
github.com/openagentsinc/bahia/internal/service/runtime_lifecycle.go:298.16,300.3 1 0
github.com/openagentsinc/bahia/internal/service/runtime_lifecycle.go:301.2,301.23 1 1
github.com/openagentsinc/bahia/internal/service/runtime_lifecycle.go:301.23,303.3 1 0
github.com/openagentsinc/bahia/internal/service/runtime_lifecycle.go:304.2,304.30 1 1
github.com/openagentsinc/bahia/internal/service/runtime_lifecycle.go:304.30,306.3 1 0
github.com/openagentsinc/bahia/internal/service/runtime_lifecycle.go:307.2,307.29 1 1
github.com/openagentsinc/bahia/internal/service/runtime_lifecycle.go:307.29,309.3 1 0
github.com/openagentsinc/bahia/internal/service/runtime_lifecycle.go:310.2,310.33 1 1
github.com/openagentsinc/bahia/internal/service/runtime_lifecycle.go:310.33,311.24 1 1
github.com/openagentsinc/bahia/internal/service/runtime_lifecycle.go:311.24,312.12 1 0
github.com/openagentsinc/bahia/internal/service/runtime_lifecycle.go:314.3,315.17 2 1
github.com/openagentsinc/bahia/internal/service/runtime_lifecycle.go:315.17,317.4 1 1
github.com/openagentsinc/bahia/internal/service/runtime_lifecycle.go:318.3,318.40 1 1
github.com/openagentsinc/bahia/internal/service/runtime_lifecycle.go:320.2,320.12 1 1
github.com/openagentsinc/bahia/internal/service/runtime_lifecycle.go:323.124,325.16 2 1
github.com/openagentsinc/bahia/internal/service/runtime_lifecycle.go:325.16,327.3 1 0
github.com/openagentsinc/bahia/internal/service/runtime_lifecycle.go:328.2,328.15 1 1
github.com/openagentsinc/bahia/internal/service/runtime_lifecycle.go:328.15,330.3 1 0
github.com/openagentsinc/bahia/internal/service/runtime_lifecycle.go:331.2,331.72 1 1
github.com/openagentsinc/bahia/internal/service/runtime_lifecycle.go:331.72,333.3 1 1
github.com/openagentsinc/bahia/internal/service/runtime_lifecycle.go:334.2,336.32 3 0
github.com/openagentsinc/bahia/internal/service/runtime_lifecycle.go:339.198,349.26 2 1
github.com/openagentsinc/bahia/internal/service/runtime_lifecycle.go:349.26,351.3 1 1
github.com/openagentsinc/bahia/internal/service/runtime_lifecycle.go:352.2,352.96 1 1
github.com/openagentsinc/bahia/internal/service/runtime_lifecycle.go:355.207,363.23 2 1
github.com/openagentsinc/bahia/internal/service/runtime_lifecycle.go:363.23,365.3 1 1
github.com/openagentsinc/bahia/internal/service/runtime_lifecycle.go:366.2,366.16 1 1
github.com/openagentsinc/bahia/internal/service/runtime_lifecycle.go:366.16,371.67 2 1
github.com/openagentsinc/bahia/internal/service/runtime_lifecycle.go:371.67,373.4 1 1
github.com/openagentsinc/bahia/internal/service/runtime_lifecycle.go:375.2,375.16 1 1
github.com/openagentsinc/bahia/internal/service/runtime_lifecycle.go:375.16,377.31 2 1
github.com/openagentsinc/bahia/internal/service/runtime_lifecycle.go:377.31,378.79 1 1
github.com/openagentsinc/bahia/internal/service/runtime_lifecycle.go:378.79,380.5 1 0
github.com/openagentsinc/bahia/internal/service/runtime_lifecycle.go:383.2,383.16 1 1
github.com/openagentsinc/bahia/internal/service/runtime_lifecycle.go:383.16,385.3 1 1
github.com/openagentsinc/bahia/internal/service/runtime_lifecycle.go:386.2,386.61 1 1
github.com/openagentsinc/bahia/internal/service/runtime_lifecycle.go:389.87,390.80 1 1
github.com/openagentsinc/bahia/internal/service/runtime_lifecycle.go:390.80,392.3 1 0
github.com/openagentsinc/bahia/internal/service/runtime_lifecycle.go:393.2,404.3 2 1
github.com/openagentsinc/bahia/internal/service/runtime_lifecycle.go:407.60,408.21 1 1
github.com/openagentsinc/bahia/internal/service/runtime_lifecycle.go:408.21,410.3 1 0
github.com/openagentsinc/bahia/internal/service/runtime_lifecycle.go:411.2,411.32 1 1
github.com/openagentsinc/bahia/internal/service/runtime_lifecycle.go:411.32,413.3 1 1
github.com/openagentsinc/bahia/internal/service/runtime_lifecycle.go:414.2,414.53 1 0
github.com/openagentsinc/bahia/internal/service/tool_provisioning_coordinator.go:47.406,48.19 1 0
github.com/openagentsinc/bahia/internal/service/tool_provisioning_coordinator.go:48.19,50.3 1 0
github.com/openagentsinc/bahia/internal/service/tool_provisioning_coordinator.go:51.2,51.51 1 0
github.com/openagentsinc/bahia/internal/service/tool_provisioning_coordinator.go:51.51,53.3 1 0
github.com/openagentsinc/bahia/internal/service/tool_provisioning_coordinator.go:54.2,54.272 1 0
github.com/openagentsinc/bahia/internal/service/tool_provisioning_coordinator.go:57.100,59.16 2 0
github.com/openagentsinc/bahia/internal/service/tool_provisioning_coordinator.go:59.16,61.3 1 0
github.com/openagentsinc/bahia/internal/service/tool_provisioning_coordinator.go:62.2,62.19 1 0
github.com/openagentsinc/bahia/internal/service/tool_provisioning_coordinator.go:62.19,64.3 1 0
github.com/openagentsinc/bahia/internal/service/tool_provisioning_coordinator.go:65.2,65.57 1 0
github.com/openagentsinc/bahia/internal/service/tool_provisioning_coordinator.go:65.57,67.3 1 0
github.com/openagentsinc/bahia/internal/service/tool_provisioning_coordinator.go:68.2,68.56 1 0
github.com/openagentsinc/bahia/internal/service/tool_provisioning_coordinator.go:68.56,70.3 1 0
github.com/openagentsinc/bahia/internal/service/tool_provisioning_coordinator.go:71.2,71.129 1 0
github.com/openagentsinc/bahia/internal/service/tool_provisioning_coordinator.go:71.129,73.3 1 0
github.com/openagentsinc/bahia/internal/service/tool_provisioning_coordinator.go:74.2,75.16 2 0
github.com/openagentsinc/bahia/internal/service/tool_provisioning_coordinator.go:75.16,77.3 1 0
github.com/openagentsinc/bahia/internal/service/tool_provisioning_coordinator.go:78.2,82.29 5 0
github.com/openagentsinc/bahia/internal/service/tool_provisioning_coordinator.go:82.29,83.156 1 0
github.com/openagentsinc/bahia/internal/service/tool_provisioning_coordinator.go:83.156,85.4 1 0
github.com/openagentsinc/bahia/internal/service/tool_provisioning_coordinator.go:86.3,86.26 1 0
github.com/openagentsinc/bahia/internal/service/tool_provisioning_coordinator.go:86.26,88.4 1 0
github.com/openagentsinc/bahia/internal/service/tool_provisioning_coordinator.go:89.3,89.13 1 0
github.com/openagentsinc/bahia/internal/service/tool_provisioning_coordinator.go:91.2,91.128 1 0
github.com/openagentsinc/bahia/internal/service/tool_provisioning_coordinator.go:91.128,93.3 1 0
github.com/openagentsinc/bahia/internal/service/tool_provisioning_coordinator.go:94.2,94.45 1 0
github.com/openagentsinc/bahia/internal/service/tool_provisioning_coordinator.go:97.108,99.16 2 0
github.com/openagentsinc/bahia/internal/service/tool_provisioning_coordinator.go:99.16,101.3 1 0
github.com/openagentsinc/bahia/internal/service/tool_provisioning_coordinator.go:102.2,102.19 1 0
github.com/openagentsinc/bahia/internal/service/tool_provisioning_coordinator.go:102.19,104.3 1 0
github.com/openagentsinc/bahia/internal/service/tool_provisioning_coordinator.go:105.2,105.57 1 0
github.com/openagentsinc/bahia/internal/service/tool_provisioning_coordinator.go:105.57,107.3 1 0
github.com/openagentsinc/bahia/internal/service/tool_provisioning_coordinator.go:108.2,108.45 1 0
github.com/openagentsinc/bahia/internal/service/tool_provisioning_coordinator.go:111.88,113.16 2 0
github.com/openagentsinc/bahia/internal/service/tool_provisioning_coordinator.go:113.16,115.3 1 0
github.com/openagentsinc/bahia/internal/service/tool_provisioning_coordinator.go:116.2,116.25 1 0
github.com/openagentsinc/bahia/internal/service/tool_provisioning_coordinator.go:116.25,117.61 1 0
github.com/openagentsinc/bahia/internal/service/tool_provisioning_coordinator.go:117.61,119.4 1 0
github.com/openagentsinc/bahia/internal/service/tool_provisioning_coordinator.go:121.2,121.12 1 0
github.com/openagentsinc/bahia/internal/service/tool_provisioning_coordinator.go:124.103,126.16 2 0
github.com/openagentsinc/bahia/internal/service/tool_provisioning_coordinator.go:126.16,128.3 1 0
github.com/openagentsinc/bahia/internal/service/tool_provisioning_coordinator.go:129.2,129.72 1 0
github.com/openagentsinc/bahia/internal/service/tool_provisioning_coordinator.go:129.72,131.3 1 0
github.com/openagentsinc/bahia/internal/service/tool_provisioning_coordinator.go:132.2,133.30 2 0
github.com/openagentsinc/bahia/internal/service/tool_provisioning_coordinator.go:133.30,135.3 1 0
github.com/openagentsinc/bahia/internal/service/tool_provisioning_coordinator.go:136.2,136.107 1 0
github.com/openagentsinc/bahia/internal/service/tool_provisioning_coordinator.go:139.124,140.132 1 0
github.com/openagentsinc/bahia/internal/service/tool_provisioning_coordinator.go:140.132,142.3 1 0
github.com/openagentsinc/bahia/internal/service/tool_provisioning_coordinator.go:143.2,146.22 4 0
github.com/openagentsinc/bahia/internal/service/tool_provisioning_coordinator.go:146.22,148.17 2 0
github.com/openagentsinc/bahia/internal/service/tool_provisioning_coordinator.go:148.17,150.4 1 0
github.com/openagentsinc/bahia/internal/service/tool_provisioning_coordinator.go:151.3,151.11 1 0
github.com/openagentsinc/bahia/internal/service/tool_provisioning_coordinator.go:151.11,153.18 2 0
github.com/openagentsinc/bahia/internal/service/tool_provisioning_coordinator.go:153.18,155.5 1 0
github.com/openagentsinc/bahia/internal/service/tool_provisioning_coordinator.go:156.4,157.70 2 0
github.com/openagentsinc/bahia/internal/service/tool_provisioning_coordinator.go:157.70,159.5 1 0
github.com/openagentsinc/bahia/internal/service/tool_provisioning_coordinator.go:162.2,162.131 1 0
github.com/openagentsinc/bahia/internal/service/tool_provisioning_coordinator.go:162.131,164.3 1 0
github.com/openagentsinc/bahia/internal/service/tool_provisioning_coordinator.go:165.2,166.30 2 0
github.com/openagentsinc/bahia/internal/service/tool_provisioning_coordinator.go:166.30,168.3 1 0
github.com/openagentsinc/bahia/internal/service/tool_provisioning_coordinator.go:169.2,170.30 2 0
github.com/openagentsinc/bahia/internal/service/tool_provisioning_coordinator.go:170.30,172.3 1 0
github.com/openagentsinc/bahia/internal/service/tool_provisioning_coordinator.go:173.2,173.22 1 0
github.com/openagentsinc/bahia/internal/service/tool_provisioning_coordinator.go:173.22,174.107 1 0
github.com/openagentsinc/bahia/internal/service/tool_provisioning_coordinator.go:174.107,176.4 1 0
github.com/openagentsinc/bahia/internal/service/tool_provisioning_coordinator.go:178.2,178.128 1 0
github.com/openagentsinc/bahia/internal/service/tool_provisioning_coordinator.go:178.128,180.3 1 0
github.com/openagentsinc/bahia/internal/service/tool_provisioning_coordinator.go:181.2,181.22 1 0
github.com/openagentsinc/bahia/internal/service/tool_provisioning_coordinator.go:181.22,183.17 2 0
github.com/openagentsinc/bahia/internal/service/tool_provisioning_coordinator.go:183.17,185.4 1 0
github.com/openagentsinc/bahia/internal/service/tool_provisioning_coordinator.go:186.3,186.69 1 0
github.com/openagentsinc/bahia/internal/service/tool_provisioning_coordinator.go:186.69,188.4 1 0
github.com/openagentsinc/bahia/internal/service/tool_provisioning_coordinator.go:190.2,192.18 3 0
github.com/openagentsinc/bahia/internal/service/tool_provisioning_coordinator.go:192.18,194.3 1 0
github.com/openagentsinc/bahia/internal/service/tool_provisioning_coordinator.go:195.2,195.65 1 0
github.com/openagentsinc/bahia/internal/service/tool_provisioning_coordinator.go:195.65,197.3 1 0
github.com/openagentsinc/bahia/internal/service/tool_provisioning_coordinator.go:198.2,198.131 1 0
github.com/openagentsinc/bahia/internal/service/tool_provisioning_coordinator.go:198.131,200.3 1 0
github.com/openagentsinc/bahia/internal/service/tool_provisioning_coordinator.go:201.2,201.25 1 0
github.com/openagentsinc/bahia/internal/service/tool_provisioning_coordinator.go:201.25,203.3 1 0
github.com/openagentsinc/bahia/internal/service/tool_provisioning_coordinator.go:204.2,205.12 2 0
github.com/openagentsinc/bahia/internal/service/tool_provisioning_coordinator.go:208.170,210.57 2 0
github.com/openagentsinc/bahia/internal/service/tool_provisioning_coordinator.go:210.57,212.3 1 0
github.com/openagentsinc/bahia/internal/service/tool_provisioning_coordinator.go:213.2,215.12 3 0
github.com/openagentsinc/bahia/internal/service/tool_provisioning_coordinator.go:218.136,224.25 6 0
github.com/openagentsinc/bahia/internal/service/tool_provisioning_coordinator.go:224.25,226.3 1 0
github.com/openagentsinc/bahia/internal/service/tool_provisioning_coordinator.go:227.2,227.14 1 0
github.com/openagentsinc/bahia/internal/service/tool_provisioning_coordinator.go:230.132,231.41 1 0
github.com/openagentsinc/bahia/internal/service/tool_provisioning_coordinator.go:231.41,233.3 1 0
github.com/openagentsinc/bahia/internal/service/tool_provisioning_coordinator.go:234.2,234.130 1 0
github.com/openagentsinc/bahia/internal/service/tool_provisioning_coordinator.go:237.139,238.41 1 0
github.com/openagentsinc/bahia/internal/service/tool_provisioning_coordinator.go:238.41,240.3 1 0
github.com/openagentsinc/bahia/internal/service/tool_provisioning_coordinator.go:241.2,241.132 1 0
github.com/openagentsinc/bahia/internal/service/tool_provisioning_coordinator.go:244.69,246.16 2 0
github.com/openagentsinc/bahia/internal/service/tool_provisioning_coordinator.go:246.16,248.20 2 0
github.com/openagentsinc/bahia/internal/service/tool_provisioning_coordinator.go:248.20,250.4 1 0
github.com/openagentsinc/bahia/internal/service/tool_provisioning_coordinator.go:252.2,254.15 3 0
github.com/openagentsinc/bahia/internal/service/tool_provisioning_coordinator.go:254.15,256.3 1 0
github.com/openagentsinc/bahia/internal/service/tool_provisioning_coordinator.go:257.2,257.25 1 0
github.com/openagentsinc/bahia/internal/service/tool_security.go:50.169,51.19 1 0
github.com/openagentsinc/bahia/internal/service/tool_security.go:51.19,53.3 1 0
github.com/openagentsinc/bahia/internal/service/tool_security.go:54.2,54.22 1 0
github.com/openagentsinc/bahia/internal/service/tool_security.go:54.22,56.3 1 0
github.com/openagentsinc/bahia/internal/service/tool_security.go:57.2,57.34 1 0
github.com/openagentsinc/bahia/internal/service/tool_security.go:57.34,59.3 1 0
github.com/openagentsinc/bahia/internal/service/tool_security.go:60.2,60.30 1 0
github.com/openagentsinc/bahia/internal/service/tool_security.go:60.30,62.3 1 0
github.com/openagentsinc/bahia/internal/service/tool_security.go:63.2,63.26 1 0
github.com/openagentsinc/bahia/internal/service/tool_security.go:63.26,65.3 1 0
github.com/openagentsinc/bahia/internal/service/tool_security.go:67.2,73.3 1 0
github.com/openagentsinc/bahia/internal/service/tool_security.go:78.163,80.16 2 0
github.com/openagentsinc/bahia/internal/service/tool_security.go:80.16,82.3 1 0
github.com/openagentsinc/bahia/internal/service/tool_security.go:83.2,83.22 1 0
github.com/openagentsinc/bahia/internal/service/tool_security.go:83.22,85.29 2 0
github.com/openagentsinc/bahia/internal/service/tool_security.go:85.29,87.4 1 0
github.com/openagentsinc/bahia/internal/service/tool_security.go:88.3,88.104 1 0
github.com/openagentsinc/bahia/internal/service/tool_security.go:91.2,93.28 3 0
github.com/openagentsinc/bahia/internal/service/tool_security.go:93.28,95.3 1 0
github.com/openagentsinc/bahia/internal/service/tool_security.go:96.2,96.30 1 0
github.com/openagentsinc/bahia/internal/service/tool_security.go:96.30,98.3 1 0
github.com/openagentsinc/bahia/internal/service/tool_security.go:99.2,99.43 1 0
github.com/openagentsinc/bahia/internal/service/tool_security.go:99.43,100.49 1 0
github.com/openagentsinc/bahia/internal/service/tool_security.go:100.49,102.4 1 0
github.com/openagentsinc/bahia/internal/service/tool_security.go:103.3,103.51 1 0
github.com/openagentsinc/bahia/internal/service/tool_security.go:106.2,107.16 2 0
github.com/openagentsinc/bahia/internal/service/tool_security.go:107.16,109.3 1 0
github.com/openagentsinc/bahia/internal/service/tool_security.go:111.2,112.16 2 0
github.com/openagentsinc/bahia/internal/service/tool_security.go:112.16,114.3 1 0
github.com/openagentsinc/bahia/internal/service/tool_security.go:115.2,115.24 1 0
github.com/openagentsinc/bahia/internal/service/tool_security.go:115.24,116.34 1 0
github.com/openagentsinc/bahia/internal/service/tool_security.go:116.34,118.4 1 0
github.com/openagentsinc/bahia/internal/service/tool_security.go:120.2,120.52 1 0
github.com/openagentsinc/bahia/internal/service/tool_security.go:120.52,122.3 1 0
github.com/openagentsinc/bahia/internal/service/tool_security.go:123.2,123.44 1 0
github.com/openagentsinc/bahia/internal/service/tool_security.go:123.44,125.3 1 0
github.com/openagentsinc/bahia/internal/service/tool_security.go:127.2,127.50 1 0
github.com/openagentsinc/bahia/internal/service/tool_security.go:131.130,132.27 1 0
github.com/openagentsinc/bahia/internal/service/tool_security.go:132.27,134.3 1 0
github.com/openagentsinc/bahia/internal/service/tool_security.go:135.2,136.29 2 0
github.com/openagentsinc/bahia/internal/service/tool_security.go:136.29,138.17 2 0
github.com/openagentsinc/bahia/internal/service/tool_security.go:138.17,140.4 1 0
github.com/openagentsinc/bahia/internal/service/tool_security.go:141.3,141.16 1 0
github.com/openagentsinc/bahia/internal/service/tool_security.go:141.16,143.18 2 0
github.com/openagentsinc/bahia/internal/service/tool_security.go:143.18,145.5 1 0
github.com/openagentsinc/bahia/internal/service/tool_security.go:146.4,146.34 1 0
github.com/openagentsinc/bahia/internal/service/tool_security.go:146.34,147.106 1 0
github.com/openagentsinc/bahia/internal/service/tool_security.go:147.106,149.11 2 0
github.com/openagentsinc/bahia/internal/service/tool_security.go:154.2,154.19 1 0
github.com/openagentsinc/bahia/internal/service/tool_security.go:158.136,159.29 1 0
github.com/openagentsinc/bahia/internal/service/tool_security.go:159.29,163.36 4 0
github.com/openagentsinc/bahia/internal/service/tool_security.go:163.36,165.4 1 0
github.com/openagentsinc/bahia/internal/service/tool_security.go:165.9,167.4 1 0
github.com/openagentsinc/bahia/internal/service/tool_security.go:169.2,169.27 1 0
github.com/openagentsinc/bahia/internal/service/tool_security.go:173.140,175.29 2 0
github.com/openagentsinc/bahia/internal/service/tool_security.go:175.29,177.22 2 0
github.com/openagentsinc/bahia/internal/service/tool_security.go:177.22,178.12 1 0
github.com/openagentsinc/bahia/internal/service/tool_security.go:180.3,181.17 2 0
github.com/openagentsinc/bahia/internal/service/tool_security.go:181.17,183.4 1 0
github.com/openagentsinc/bahia/internal/service/tool_security.go:184.3,184.27 1 0
github.com/openagentsinc/bahia/internal/service/tool_security.go:184.27,186.15 2 0
github.com/openagentsinc/bahia/internal/service/tool_security.go:187.20,188.27 1 0
github.com/openagentsinc/bahia/internal/service/tool_security.go:189.16,190.23 1 0
github.com/openagentsinc/bahia/internal/service/tool_security.go:191.18,192.25 1 0
github.com/openagentsinc/bahia/internal/service/tool_security.go:193.12,194.22 1 0
github.com/openagentsinc/bahia/internal/service/tool_security.go:196.4,201.6 1 0
github.com/openagentsinc/bahia/internal/service/tool_security.go:204.2,204.20 1 0
github.com/openagentsinc/bahia/internal/service/tool_security.go:208.125,209.29 1 0
github.com/openagentsinc/bahia/internal/service/tool_security.go:209.29,211.20 2 0
github.com/openagentsinc/bahia/internal/service/tool_security.go:211.20,214.4 2 0
github.com/openagentsinc/bahia/internal/service/tool_security.go:214.9,214.100 1 0
github.com/openagentsinc/bahia/internal/service/tool_security.go:214.100,216.4 1 0
github.com/openagentsinc/bahia/internal/service/tool_security.go:218.3,219.18 2 0
github.com/openagentsinc/bahia/internal/service/tool_security.go:219.18,222.4 2 0
github.com/openagentsinc/bahia/internal/service/tool_security.go:222.9,222.94 1 0
github.com/openagentsinc/bahia/internal/service/tool_security.go:222.94,224.4 1 0
github.com/openagentsinc/bahia/internal/service/tool_security.go:226.3,226.37 1 0
github.com/openagentsinc/bahia/internal/service/tool_security.go:226.37,227.62 1 0
github.com/openagentsinc/bahia/internal/service/tool_security.go:227.62,229.5 1 0
github.com/openagentsinc/bahia/internal/service/tool_security.go:232.2,232.34 1 0
github.com/openagentsinc/bahia/internal/service/tool_security.go:235.76,238.14 3 0
github.com/openagentsinc/bahia/internal/service/tool_security.go:238.14,240.3 1 0
github.com/openagentsinc/bahia/internal/service/tool_security.go:241.2,242.19 2 0
github.com/openagentsinc/bahia/internal/service/tool_security.go:242.19,244.3 1 0
github.com/openagentsinc/bahia/internal/service/tool_security.go:245.2,250.3 1 0
github.com/openagentsinc/bahia/internal/service/tool_security.go:253.51,254.34 1 0
github.com/openagentsinc/bahia/internal/service/tool_security.go:255.13,256.18 1 0
github.com/openagentsinc/bahia/internal/service/tool_security.go:257.13,258.16 1 0
github.com/openagentsinc/bahia/internal/service/tool_security.go:259.13,260.17 1 0
github.com/openagentsinc/bahia/internal/service/tool_security.go:261.15,262.21 1 0
github.com/openagentsinc/bahia/internal/service/tool_security.go:263.13,264.18 1 0
github.com/openagentsinc/bahia/internal/service/tool_security.go:265.10,266.19 1 0
github.com/openagentsinc/bahia/internal/service/tool_security.go:270.42,271.53 1 0
github.com/openagentsinc/bahia/internal/service/tool_security.go:272.13,273.16 1 0
github.com/openagentsinc/bahia/internal/service/tool_security.go:274.13,275.15 1 0
github.com/openagentsinc/bahia/internal/service/tool_security.go:276.15,277.21 1 0
github.com/openagentsinc/bahia/internal/service/tool_security.go:278.12,279.14 1 0
github.com/openagentsinc/bahia/internal/service/tool_security.go:280.10,281.12 1 0
github.com/openagentsinc/bahia/internal/service/tool_security.go:285.112,287.16 2 0
github.com/openagentsinc/bahia/internal/service/tool_security.go:287.16,289.3 1 0
github.com/openagentsinc/bahia/internal/service/tool_security.go:290.2,290.22 1 0
github.com/openagentsinc/bahia/internal/service/tool_security.go:290.22,292.3 1 0
github.com/openagentsinc/bahia/internal/service/tool_security.go:293.2,293.51 1 0
github.com/openagentsinc/bahia/internal/service/tool_security.go:296.114,297.39 1 0
github.com/openagentsinc/bahia/internal/service/tool_security.go:298.13,303.53 3 0
github.com/openagentsinc/bahia/internal/service/tool_security.go:303.53,305.4 1 0
github.com/openagentsinc/bahia/internal/service/tool_security.go:306.3,306.32 1 0
github.com/openagentsinc/bahia/internal/service/tool_security.go:307.13,314.53 3 0
github.com/openagentsinc/bahia/internal/service/tool_security.go:314.53,316.4 1 0
github.com/openagentsinc/bahia/internal/service/tool_security.go:317.3,317.37 1 0
github.com/openagentsinc/bahia/internal/service/tool_security.go:318.10,319.85 1 0
github.com/openagentsinc/bahia/internal/service/tool_security.go:323.120,324.39 1 0
github.com/openagentsinc/bahia/internal/service/tool_security.go:325.13,330.53 3 0
github.com/openagentsinc/bahia/internal/service/tool_security.go:330.53,332.4 1 0
github.com/openagentsinc/bahia/internal/service/tool_security.go:333.3,333.75 1 0
github.com/openagentsinc/bahia/internal/service/tool_security.go:333.75,335.18 2 0
github.com/openagentsinc/bahia/internal/service/tool_security.go:335.18,337.5 1 0
github.com/openagentsinc/bahia/internal/service/tool_security.go:339.3,339.79 1 0
github.com/openagentsinc/bahia/internal/service/tool_security.go:340.13,347.53 3 0
github.com/openagentsinc/bahia/internal/service/tool_security.go:347.53,349.4 1 0
github.com/openagentsinc/bahia/internal/service/tool_security.go:350.3,351.44 2 0
github.com/openagentsinc/bahia/internal/service/tool_security.go:351.44,352.30 1 0
github.com/openagentsinc/bahia/internal/service/tool_security.go:352.30,354.16 2 0
github.com/openagentsinc/bahia/internal/service/tool_security.go:354.16,355.14 1 0
github.com/openagentsinc/bahia/internal/service/tool_security.go:357.5,358.24 2 0
github.com/openagentsinc/bahia/internal/service/tool_security.go:358.24,359.14 1 0
github.com/openagentsinc/bahia/internal/service/tool_security.go:361.5,361.53 1 0
github.com/openagentsinc/bahia/internal/service/tool_security.go:361.53,363.6 1 0
github.com/openagentsinc/bahia/internal/service/tool_security.go:366.3,366.24 1 0
github.com/openagentsinc/bahia/internal/service/tool_security.go:366.24,368.4 1 0
github.com/openagentsinc/bahia/internal/service/tool_security.go:369.3,369.23 1 0
github.com/openagentsinc/bahia/internal/service/tool_security.go:370.10,371.88 1 0
github.com/openagentsinc/bahia/internal/service/tool_security.go:375.58,378.51 3 0
github.com/openagentsinc/bahia/internal/service/tool_security.go:378.51,380.16 2 0
github.com/openagentsinc/bahia/internal/service/tool_security.go:380.16,381.12 1 0
github.com/openagentsinc/bahia/internal/service/tool_security.go:383.3,384.13 2 0
github.com/openagentsinc/bahia/internal/service/tool_security.go:384.13,386.4 1 0
github.com/openagentsinc/bahia/internal/service/tool_security.go:388.2,388.11 1 0
github.com/openagentsinc/bahia/internal/service/tool_security.go:391.43,394.18 3 0
github.com/openagentsinc/bahia/internal/service/tool_security.go:394.18,396.3 1 0
github.com/openagentsinc/bahia/internal/service/tool_security.go:397.2,397.18 1 0
github.com/openagentsinc/bahia/internal/service/tool_security.go:397.18,399.3 1 0
github.com/openagentsinc/bahia/internal/service/tool_security.go:401.2,403.32 3 0
github.com/openagentsinc/bahia/internal/service/tool_security.go:403.32,405.3 1 0
github.com/openagentsinc/bahia/internal/service/tool_security.go:406.2,406.32 1 0
github.com/openagentsinc/bahia/internal/service/tool_security.go:406.32,408.33 2 0
github.com/openagentsinc/bahia/internal/service/tool_security.go:408.33,410.26 2 0
github.com/openagentsinc/bahia/internal/service/tool_security.go:410.26,412.5 1 0
github.com/openagentsinc/bahia/internal/service/tool_security.go:413.4,413.68 1 0
github.com/openagentsinc/bahia/internal/service/tool_security.go:415.3,415.19 1 0
github.com/openagentsinc/bahia/internal/service/tool_security.go:417.2,417.22 1 0
github.com/openagentsinc/bahia/internal/service/tool_security.go:420.27,421.11 1 0
github.com/openagentsinc/bahia/internal/service/tool_security.go:421.11,423.3 1 0
github.com/openagentsinc/bahia/internal/service/tool_security.go:424.2,424.10 1 0
github.com/openagentsinc/bahia/internal/service/tool_security.go:427.90,429.16 2 0
github.com/openagentsinc/bahia/internal/service/tool_security.go:429.16,431.3 1 0
github.com/openagentsinc/bahia/internal/service/tool_security.go:433.2,434.16 2 0
github.com/openagentsinc/bahia/internal/service/tool_security.go:434.16,436.3 1 0
github.com/openagentsinc/bahia/internal/service/tool_security.go:437.2,439.51 2 0
github.com/openagentsinc/bahia/internal/service/tool_security.go:439.51,441.23 2 0
github.com/openagentsinc/bahia/internal/service/tool_security.go:441.23,443.4 1 0
github.com/openagentsinc/bahia/internal/service/tool_security.go:444.3,444.80 1 0
github.com/openagentsinc/bahia/internal/service/tool_security.go:446.2,446.53 1 0
github.com/openagentsinc/bahia/internal/service/tool_security.go:446.53,449.3 2 0
github.com/openagentsinc/bahia/internal/service/tool_security.go:451.2,451.63 1 0
github.com/openagentsinc/bahia/internal/service/tool_security.go:451.63,453.3 1 0
github.com/openagentsinc/bahia/internal/service/tool_security.go:454.2,454.12 1 0
github.com/openagentsinc/bahia/internal/service/tool_security.go:457.56,458.27 1 0
github.com/openagentsinc/bahia/internal/service/tool_security.go:458.27,459.73 1 0
github.com/openagentsinc/bahia/internal/service/tool_security.go:459.73,461.4 1 0
github.com/openagentsinc/bahia/internal/service/tool_security.go:463.2,463.14 1 0
github.com/openagentsinc/bahia/internal/service/tool_security.go:466.42,469.26 3 0
github.com/openagentsinc/bahia/internal/service/tool_security.go:469.26,471.14 2 0
github.com/openagentsinc/bahia/internal/service/tool_security.go:471.14,472.12 1 0
github.com/openagentsinc/bahia/internal/service/tool_security.go:474.3,474.27 1 0
github.com/openagentsinc/bahia/internal/service/tool_security.go:474.27,475.12 1 0
github.com/openagentsinc/bahia/internal/service/tool_security.go:477.3,478.23 2 0
github.com/openagentsinc/bahia/internal/service/tool_security.go:480.2,480.12 1 0
github.com/openagentsinc/bahia/internal/service/worker_catalog.go:63.25,74.2 1 1
github.com/openagentsinc/bahia/internal/service/worker_catalog.go:77.65,79.21 1 0
github.com/openagentsinc/bahia/internal/service/worker_catalog.go:79.21,80.50 1 0
github.com/openagentsinc/bahia/internal/service/worker_catalog.go:80.50,82.4 1 0
github.com/openagentsinc/bahia/internal/service/worker_catalog.go:86.2,86.24 1 0
github.com/openagentsinc/bahia/internal/service/worker_catalog.go:86.24,87.48 1 0
github.com/openagentsinc/bahia/internal/service/worker_catalog.go:87.48,89.4 1 0
github.com/openagentsinc/bahia/internal/service/worker_catalog.go:93.2,99.12 4 0
github.com/openagentsinc/bahia/internal/service/worker_catalog.go:103.39,104.24 1 0
github.com/openagentsinc/bahia/internal/service/worker_catalog.go:104.24,106.3 1 0
github.com/openagentsinc/bahia/internal/service/worker_catalog.go:110.70,114.6 3 0
github.com/openagentsinc/bahia/internal/service/worker_catalog.go:114.6,115.10 1 0
github.com/openagentsinc/bahia/internal/service/worker_catalog.go:116.21,117.10 1 0
github.com/openagentsinc/bahia/internal/service/worker_catalog.go:118.19,119.23 1 0
github.com/openagentsinc/bahia/internal/service/worker_catalog.go:125.66,127.16 2 1
github.com/openagentsinc/bahia/internal/service/worker_catalog.go:127.16,130.3 2 0
github.com/openagentsinc/bahia/internal/service/worker_catalog.go:132.2,136.25 4 1
github.com/openagentsinc/bahia/internal/service/worker_catalog.go:136.25,138.3 1 1
github.com/openagentsinc/bahia/internal/service/worker_catalog.go:140.2,140.83 1 1
github.com/openagentsinc/bahia/internal/service/worker_catalog.go:144.68,149.36 4 1
github.com/openagentsinc/bahia/internal/service/worker_catalog.go:149.36,151.3 1 1
github.com/openagentsinc/bahia/internal/service/worker_catalog.go:152.2,152.16 1 1
github.com/openagentsinc/bahia/internal/service/worker_catalog.go:156.102,159.42 2 1
github.com/openagentsinc/bahia/internal/service/worker_catalog.go:159.42,162.3 2 1
github.com/openagentsinc/bahia/internal/service/worker_catalog.go:163.2,166.46 2 0
github.com/openagentsinc/bahia/internal/service/worker_catalog.go:170.128,172.2 1 0
github.com/openagentsinc/bahia/internal/service/worker_catalog.go:175.128,177.2 1 0
github.com/openagentsinc/bahia/internal/service/worker_catalog.go:184.31,185.21 1 1
github.com/openagentsinc/bahia/internal/service/worker_catalog.go:185.21,187.3 1 0
github.com/openagentsinc/bahia/internal/service/worker_catalog.go:189.2,189.30 1 1
github.com/openagentsinc/bahia/internal/service/worker_catalog.go:189.30,191.3 1 1
github.com/openagentsinc/bahia/internal/service/worker_catalog.go:194.2,195.35 2 1
github.com/openagentsinc/bahia/internal/service/worker_catalog.go:195.35,196.34 1 1
github.com/openagentsinc/bahia/internal/service/worker_catalog.go:196.34,198.9 2 1
github.com/openagentsinc/bahia/internal/service/worker_catalog.go:201.2,201.28 1 1
github.com/openagentsinc/bahia/internal/service/worker_catalog.go:201.28,203.3 1 1
github.com/openagentsinc/bahia/internal/service/worker_catalog.go:206.2,214.16 3 1
github.com/openagentsinc/bahia/internal/service/worker_catalog.go:214.16,216.3 1 0
github.com/openagentsinc/bahia/internal/service/worker_catalog.go:218.2,226.8 1 1
github.com/openagentsinc/bahia/internal/service/worker_catalog.go:241.104,243.2 1 1
github.com/openagentsinc/bahia/internal/service/worker_catalog.go:246.146,248.2 1 0
github.com/openagentsinc/bahia/internal/service/worker_catalog.go:251.105,253.16 2 1
github.com/openagentsinc/bahia/internal/service/worker_catalog.go:253.16,255.3 1 0
github.com/openagentsinc/bahia/internal/service/worker_catalog.go:256.2,256.19 1 1
github.com/openagentsinc/bahia/internal/service/worker_catalog.go:256.19,258.3 1 0
github.com/openagentsinc/bahia/internal/service/worker_catalog.go:260.2,261.16 2 1
github.com/openagentsinc/bahia/internal/service/worker_catalog.go:261.16,263.3 1 0
github.com/openagentsinc/bahia/internal/service/worker_catalog.go:266.2,275.8 2 1
github.com/openagentsinc/bahia/internal/service/worker_catalog.go:280.105,287.2 2 0
github.com/openagentsinc/bahia/internal/service/worker_catalog.go:291.70,293.2 1 0
github.com/openagentsinc/bahia/internal/service/worker_catalog.go:306.71,307.21 1 1
github.com/openagentsinc/bahia/internal/service/worker_catalog.go:307.21,309.3 1 0
github.com/openagentsinc/bahia/internal/service/worker_catalog.go:310.2,310.37 1 1
github.com/openagentsinc/bahia/internal/service/worker_catalog.go:314.72,315.21 1 1
github.com/openagentsinc/bahia/internal/service/worker_catalog.go:315.21,317.3 1 0
github.com/openagentsinc/bahia/internal/service/worker_catalog.go:318.2,318.34 1 1
github.com/openagentsinc/bahia/internal/service/worker_catalog.go:322.63,324.28 2 1
github.com/openagentsinc/bahia/internal/service/worker_catalog.go:324.28,326.3 1 1
github.com/openagentsinc/bahia/internal/service/worker_catalog.go:327.2,327.13 1 1
github.com/openagentsinc/bahia/internal/service/worker_policy.go:62.110,67.2 1 1
github.com/openagentsinc/bahia/internal/service/worker_policy.go:70.76,72.2 1 1
github.com/openagentsinc/bahia/internal/service/worker_policy.go:76.113,80.16 3 1
github.com/openagentsinc/bahia/internal/service/worker_policy.go:80.16,82.3 1 0
github.com/openagentsinc/bahia/internal/service/worker_policy.go:83.2,83.23 1 1
github.com/openagentsinc/bahia/internal/service/worker_policy.go:83.23,85.3 1 1
github.com/openagentsinc/bahia/internal/service/worker_policy.go:88.2,89.24 2 1
github.com/openagentsinc/bahia/internal/service/worker_policy.go:89.24,92.3 1 1
github.com/openagentsinc/bahia/internal/service/worker_policy.go:95.2,98.41 2 1
github.com/openagentsinc/bahia/internal/service/worker_policy.go:98.41,100.3 1 1
github.com/openagentsinc/bahia/internal/service/worker_policy.go:102.2,112.19 3 1
github.com/openagentsinc/bahia/internal/service/worker_policy.go:117.113,121.16 3 1
github.com/openagentsinc/bahia/internal/service/worker_policy.go:121.16,123.3 1 0
github.com/openagentsinc/bahia/internal/service/worker_policy.go:125.2,128.41 3 1
github.com/openagentsinc/bahia/internal/service/worker_policy.go:128.41,130.3 1 1
github.com/openagentsinc/bahia/internal/service/worker_policy.go:132.2,132.20 1 1
github.com/openagentsinc/bahia/internal/service/worker_policy.go:136.83,139.44 2 1
github.com/openagentsinc/bahia/internal/service/worker_policy.go:139.44,141.3 1 1
github.com/openagentsinc/bahia/internal/service/worker_policy.go:143.2,144.9 2 1
github.com/openagentsinc/bahia/internal/service/worker_policy.go:144.9,146.3 1 1
github.com/openagentsinc/bahia/internal/service/worker_policy.go:149.2,150.9 2 1
github.com/openagentsinc/bahia/internal/service/worker_policy.go:150.9,152.3 1 0
github.com/openagentsinc/bahia/internal/service/worker_policy.go:154.2,154.64 1 1
github.com/openagentsinc/bahia/internal/service/worker_policy.go:154.64,156.3 1 1
github.com/openagentsinc/bahia/internal/service/worker_policy.go:157.2,157.46 1 1
github.com/openagentsinc/bahia/internal/service/worker_policy.go:157.46,159.3 1 1
github.com/openagentsinc/bahia/internal/service/worker_policy.go:160.2,160.48 1 1
github.com/openagentsinc/bahia/internal/service/worker_policy.go:160.48,162.3 1 1
github.com/openagentsinc/bahia/internal/service/worker_policy.go:163.2,163.55 1 1
github.com/openagentsinc/bahia/internal/service/worker_policy.go:163.55,165.3 1 1
github.com/openagentsinc/bahia/internal/service/worker_policy.go:166.2,166.53 1 1
github.com/openagentsinc/bahia/internal/service/worker_policy.go:166.53,167.27 1 1
github.com/openagentsinc/bahia/internal/service/worker_policy.go:167.27,168.34 1 1
github.com/openagentsinc/bahia/internal/service/worker_policy.go:168.34,170.5 1 1
github.com/openagentsinc/bahia/internal/service/worker_policy.go:173.2,173.52 1 1
github.com/openagentsinc/bahia/internal/service/worker_policy.go:173.52,174.27 1 1
github.com/openagentsinc/bahia/internal/service/worker_policy.go:174.27,175.34 1 1
github.com/openagentsinc/bahia/internal/service/worker_policy.go:175.34,177.5 1 1
github.com/openagentsinc/bahia/internal/service/worker_policy.go:182.2,182.56 1 1
github.com/openagentsinc/bahia/internal/service/worker_policy.go:182.56,184.3 1 1
github.com/openagentsinc/bahia/internal/service/worker_policy.go:185.2,185.57 1 1
github.com/openagentsinc/bahia/internal/service/worker_policy.go:185.57,187.3 1 1
github.com/openagentsinc/bahia/internal/service/worker_policy.go:189.2,189.15 1 1
github.com/openagentsinc/bahia/internal/service/worker_policy.go:193.132,195.43 2 1
github.com/openagentsinc/bahia/internal/service/worker_policy.go:195.43,197.3 1 1
github.com/openagentsinc/bahia/internal/service/worker_policy.go:199.2,200.28 2 1
github.com/openagentsinc/bahia/internal/service/worker_policy.go:200.28,202.27 1 1
github.com/openagentsinc/bahia/internal/service/worker_policy.go:202.27,203.12 1 1
github.com/openagentsinc/bahia/internal/service/worker_policy.go:207.3,207.77 1 1
github.com/openagentsinc/bahia/internal/service/worker_policy.go:207.77,208.12 1 1
github.com/openagentsinc/bahia/internal/service/worker_policy.go:212.3,212.69 1 1
github.com/openagentsinc/bahia/internal/service/worker_policy.go:212.69,213.12 1 1
github.com/openagentsinc/bahia/internal/service/worker_policy.go:217.3,217.56 1 1
github.com/openagentsinc/bahia/internal/service/worker_policy.go:217.56,218.12 1 1
github.com/openagentsinc/bahia/internal/service/worker_policy.go:222.3,222.57 1 1
github.com/openagentsinc/bahia/internal/service/worker_policy.go:222.57,223.51 1 1
github.com/openagentsinc/bahia/internal/service/worker_policy.go:223.51,224.13 1 1
github.com/openagentsinc/bahia/internal/service/worker_policy.go:228.3,228.29 1 1
github.com/openagentsinc/bahia/internal/service/worker_policy.go:230.2,230.15 1 1
github.com/openagentsinc/bahia/internal/service/worker_policy.go:234.105,237.28 2 1
github.com/openagentsinc/bahia/internal/service/worker_policy.go:237.28,241.26 3 1
github.com/openagentsinc/bahia/internal/service/worker_policy.go:242.25,243.36 1 1
github.com/openagentsinc/bahia/internal/service/worker_policy.go:244.24,245.35 1 1
github.com/openagentsinc/bahia/internal/service/worker_policy.go:246.24,247.51 1 1
github.com/openagentsinc/bahia/internal/service/worker_policy.go:248.26,249.37 1 1
github.com/openagentsinc/bahia/internal/service/worker_policy.go:250.27,251.48 1 1
github.com/openagentsinc/bahia/internal/service/worker_policy.go:252.11,253.36 1 0
github.com/openagentsinc/bahia/internal/service/worker_policy.go:256.3,260.4 1 1
github.com/openagentsinc/bahia/internal/service/worker_policy.go:263.2,263.15 1 1
github.com/openagentsinc/bahia/internal/service/worker_policy.go:267.55,269.16 2 1
github.com/openagentsinc/bahia/internal/service/worker_policy.go:269.16,272.3 1 1
github.com/openagentsinc/bahia/internal/service/worker_policy.go:274.2,275.54 2 1
github.com/openagentsinc/bahia/internal/service/worker_policy.go:279.54,285.29 3 1
github.com/openagentsinc/bahia/internal/service/worker_policy.go:285.29,289.3 2 1
github.com/openagentsinc/bahia/internal/service/worker_policy.go:291.2,291.70 1 1
github.com/openagentsinc/bahia/internal/service/worker_policy.go:295.79,296.47 1 1
github.com/openagentsinc/bahia/internal/service/worker_policy.go:296.47,298.3 1 0
github.com/openagentsinc/bahia/internal/service/worker_policy.go:300.2,304.78 3 1
github.com/openagentsinc/bahia/internal/service/worker_policy.go:309.56,313.30 2 1
github.com/openagentsinc/bahia/internal/service/worker_policy.go:313.30,315.3 1 1
github.com/openagentsinc/bahia/internal/service/worker_policy.go:315.8,317.3 1 0
github.com/openagentsinc/bahia/internal/service/worker_policy.go:318.2,318.34 1 1
github.com/openagentsinc/bahia/internal/service/worker_policy.go:327.103,328.23 1 1
github.com/openagentsinc/bahia/internal/service/worker_policy.go:328.23,331.3 1 1
github.com/openagentsinc/bahia/internal/service/worker_policy.go:333.2,338.18 4 1
github.com/openagentsinc/bahia/internal/service/worker_policy.go:338.18,340.3 1 1
github.com/openagentsinc/bahia/internal/service/worker_policy.go:343.2,343.32 1 1
github.com/openagentsinc/bahia/internal/service/worker_policy.go:343.32,347.3 1 1
github.com/openagentsinc/bahia/internal/service/worker_policy.go:349.2,359.70 7 1
github.com/openagentsinc/bahia/internal/service/worker_policy.go:359.70,363.3 2 1
github.com/openagentsinc/bahia/internal/service/worker_policy.go:367.2,368.29 2 1
github.com/openagentsinc/bahia/internal/service/worker_policy.go:368.29,372.23 2 1
github.com/openagentsinc/bahia/internal/service/worker_policy.go:372.23,374.4 1 1
github.com/openagentsinc/bahia/internal/service/worker_policy.go:375.3,376.74 2 1
github.com/openagentsinc/bahia/internal/service/worker_policy.go:377.8,380.3 1 0
github.com/openagentsinc/bahia/internal/service/worker_policy.go:385.2,386.21 2 1
github.com/openagentsinc/bahia/internal/service/worker_policy.go:386.21,388.3 1 1
github.com/openagentsinc/bahia/internal/service/worker_policy.go:389.2,396.29 5 1
github.com/openagentsinc/bahia/internal/service/worker_policy.go:396.29,398.3 1 0
github.com/openagentsinc/bahia/internal/service/worker_policy.go:400.2,400.43 1 1
github.com/openagentsinc/bahia/internal/service/worker_policy.go:405.69,406.24 1 1
github.com/openagentsinc/bahia/internal/service/worker_policy.go:406.24,408.3 1 1
github.com/openagentsinc/bahia/internal/service/worker_policy.go:410.2,410.33 1 1
github.com/openagentsinc/bahia/internal/service/worker_policy.go:410.33,412.14 2 1
github.com/openagentsinc/bahia/internal/service/worker_policy.go:413.31,414.50 1 1
github.com/openagentsinc/bahia/internal/service/worker_policy.go:414.50,416.5 1 1
github.com/openagentsinc/bahia/internal/service/worker_policy.go:417.15,418.75 1 1
github.com/openagentsinc/bahia/internal/service/worker_policy.go:418.75,420.5 1 1
github.com/openagentsinc/bahia/internal/service/worker_policy.go:421.17,422.26 1 1
github.com/openagentsinc/bahia/internal/service/worker_policy.go:422.26,424.5 1 1
github.com/openagentsinc/bahia/internal/service/worker_policy.go:425.19,426.30 1 1
github.com/openagentsinc/bahia/internal/service/worker_policy.go:426.30,428.5 1 1
github.com/openagentsinc/bahia/internal/service/worker_policy.go:429.25,430.72 1 0
github.com/openagentsinc/bahia/internal/service/worker_policy.go:430.72,432.5 1 0
github.com/openagentsinc/bahia/internal/service/worker_policy.go:433.18,434.64 1 1
github.com/openagentsinc/bahia/internal/service/worker_policy.go:434.64,436.5 1 1
github.com/openagentsinc/bahia/internal/service/worker_policy.go:439.2,439.13 1 1
github.com/openagentsinc/bahia/internal/service/worker_policy.go:444.39,445.25 1 1
github.com/openagentsinc/bahia/internal/service/worker_policy.go:445.25,447.3 1 1
github.com/openagentsinc/bahia/internal/service/worker_policy.go:448.2,449.30 2 1
github.com/openagentsinc/bahia/internal/service/worker_policy.go:449.30,450.29 1 1
github.com/openagentsinc/bahia/internal/service/worker_policy.go:450.29,452.4 1 1
github.com/openagentsinc/bahia/internal/service/worker_policy.go:454.2,454.12 1 1
github.com/openagentsinc/bahia/internal/service/worker_policy.go:457.84,460.2 2 1
github.com/openagentsinc/bahia/internal/service/worker_policy.go:462.92,463.31 1 1
github.com/openagentsinc/bahia/internal/service/worker_policy.go:463.31,464.26 1 1
github.com/openagentsinc/bahia/internal/service/worker_policy.go:464.26,466.4 1 1
github.com/openagentsinc/bahia/internal/service/worker_policy.go:468.2,468.13 1 1
github.com/openagentsinc/bahia/internal/service/worker_policy.go:471.43,473.21 2 1
github.com/openagentsinc/bahia/internal/service/worker_policy.go:473.21,475.3 1 1
github.com/openagentsinc/bahia/internal/service/worker_policy.go:476.2,476.30 1 1
github.com/openagentsinc/bahia/internal/service/worker_policy.go:476.30,477.19 1 1
github.com/openagentsinc/bahia/internal/service/worker_policy.go:477.19,479.4 1 1
github.com/openagentsinc/bahia/internal/service/worker_policy.go:481.2,481.15 1 1
github.com/openagentsinc/bahia/internal/repository/json_helpers.go:10.59,11.14 1 1
github.com/openagentsinc/bahia/internal/repository/json_helpers.go:11.14,13.3 1 1
github.com/openagentsinc/bahia/internal/repository/json_helpers.go:14.2,15.16 2 1
github.com/openagentsinc/bahia/internal/repository/json_helpers.go:15.16,17.3 1 1
github.com/openagentsinc/bahia/internal/repository/json_helpers.go:18.2,18.15 1 1
github.com/openagentsinc/bahia/internal/repository/json_helpers.go:24.64,25.20 1 1
github.com/openagentsinc/bahia/internal/repository/json_helpers.go:25.20,27.3 1 1
github.com/openagentsinc/bahia/internal/repository/json_helpers.go:28.2,28.48 1 1
github.com/openagentsinc/bahia/internal/repository/json_helpers.go:28.48,30.3 1 1
github.com/openagentsinc/bahia/internal/repository/json_helpers.go:31.2,31.12 1 1
github.com/openagentsinc/bahia/internal/repository/pg_artifact.go:26.72,28.2 1 0
github.com/openagentsinc/bahia/internal/repository/pg_artifact.go:30.73,32.2 1 0
github.com/openagentsinc/bahia/internal/repository/pg_artifact.go:34.86,35.22 1 0
github.com/openagentsinc/bahia/internal/repository/pg_artifact.go:35.22,37.3 1 0
github.com/openagentsinc/bahia/internal/repository/pg_artifact.go:38.2,41.16 3 0
github.com/openagentsinc/bahia/internal/repository/pg_artifact.go:41.16,43.3 1 0
github.com/openagentsinc/bahia/internal/repository/pg_artifact.go:45.2,49.16 2 0
github.com/openagentsinc/bahia/internal/repository/pg_artifact.go:49.16,51.3 1 0
github.com/openagentsinc/bahia/internal/repository/pg_artifact.go:52.2,52.12 1 0
github.com/openagentsinc/bahia/internal/repository/pg_artifact.go:55.84,59.16 4 1
github.com/openagentsinc/bahia/internal/repository/pg_artifact.go:59.16,61.3 1 0
github.com/openagentsinc/bahia/internal/repository/pg_artifact.go:62.2,62.82 1 1
github.com/openagentsinc/bahia/internal/repository/pg_artifact.go:62.82,64.3 1 0
github.com/openagentsinc/bahia/internal/repository/pg_artifact.go:65.2,65.15 1 1
github.com/openagentsinc/bahia/internal/repository/pg_artifact.go:70.101,73.16 3 0
github.com/openagentsinc/bahia/internal/repository/pg_artifact.go:73.16,74.27 1 0
github.com/openagentsinc/bahia/internal/repository/pg_artifact.go:74.27,76.4 1 0
github.com/openagentsinc/bahia/internal/repository/pg_artifact.go:77.3,77.61 1 0
github.com/openagentsinc/bahia/internal/repository/pg_artifact.go:79.2,79.15 1 0
github.com/openagentsinc/bahia/internal/repository/pg_artifact.go:82.112,85.16 3 1
github.com/openagentsinc/bahia/internal/repository/pg_artifact.go:85.16,86.27 1 0
github.com/openagentsinc/bahia/internal/repository/pg_artifact.go:86.27,88.4 1 0
github.com/openagentsinc/bahia/internal/repository/pg_artifact.go:89.3,89.65 1 0
github.com/openagentsinc/bahia/internal/repository/pg_artifact.go:91.2,91.15 1 1
github.com/openagentsinc/bahia/internal/repository/pg_artifact.go:94.131,96.2 1 1
github.com/openagentsinc/bahia/internal/repository/pg_artifact.go:98.134,100.16 2 0
github.com/openagentsinc/bahia/internal/repository/pg_artifact.go:100.16,102.3 1 0
github.com/openagentsinc/bahia/internal/repository/pg_artifact.go:103.2,106.18 3 0
github.com/openagentsinc/bahia/internal/repository/pg_artifact.go:106.18,109.216 3 0
github.com/openagentsinc/bahia/internal/repository/pg_artifact.go:109.216,111.4 1 0
github.com/openagentsinc/bahia/internal/repository/pg_artifact.go:112.3,112.83 1 0
github.com/openagentsinc/bahia/internal/repository/pg_artifact.go:112.83,114.4 1 0
github.com/openagentsinc/bahia/internal/repository/pg_artifact.go:115.3,115.35 1 0
github.com/openagentsinc/bahia/internal/repository/pg_artifact.go:117.2,117.30 1 0
github.com/openagentsinc/bahia/internal/repository/pg_artifact.go:120.111,122.16 2 0
github.com/openagentsinc/bahia/internal/repository/pg_artifact.go:122.16,124.3 1 0
github.com/openagentsinc/bahia/internal/repository/pg_artifact.go:125.2,128.18 3 0
github.com/openagentsinc/bahia/internal/repository/pg_artifact.go:128.18,131.216 3 0
github.com/openagentsinc/bahia/internal/repository/pg_artifact.go:131.216,133.4 1 0
github.com/openagentsinc/bahia/internal/repository/pg_artifact.go:134.3,134.83 1 0
github.com/openagentsinc/bahia/internal/repository/pg_artifact.go:134.83,136.4 1 0
github.com/openagentsinc/bahia/internal/repository/pg_artifact.go:137.3,137.35 1 0
github.com/openagentsinc/bahia/internal/repository/pg_artifact.go:139.2,139.30 1 0
github.com/openagentsinc/bahia/internal/repository/pg_build.go:26.66,28.2 1 0
github.com/openagentsinc/bahia/internal/repository/pg_build.go:30.64,32.2 1 0
github.com/openagentsinc/bahia/internal/repository/pg_build.go:34.80,35.22 1 0
github.com/openagentsinc/bahia/internal/repository/pg_build.go:35.22,37.3 1 0
github.com/openagentsinc/bahia/internal/repository/pg_build.go:38.2,41.16 3 0
github.com/openagentsinc/bahia/internal/repository/pg_build.go:41.16,43.3 1 0
github.com/openagentsinc/bahia/internal/repository/pg_build.go:45.2,49.16 2 0
github.com/openagentsinc/bahia/internal/repository/pg_build.go:49.16,51.3 1 0
github.com/openagentsinc/bahia/internal/repository/pg_build.go:52.2,52.12 1 0
github.com/openagentsinc/bahia/internal/repository/pg_build.go:55.95,62.16 4 0
github.com/openagentsinc/bahia/internal/repository/pg_build.go:62.16,63.27 1 0
github.com/openagentsinc/bahia/internal/repository/pg_build.go:63.27,65.4 1 0
github.com/openagentsinc/bahia/internal/repository/pg_build.go:66.3,66.58 1 0
github.com/openagentsinc/bahia/internal/repository/pg_build.go:68.2,68.79 1 0
github.com/openagentsinc/bahia/internal/repository/pg_build.go:68.79,70.3 1 0
github.com/openagentsinc/bahia/internal/repository/pg_build.go:71.2,71.15 1 0
github.com/openagentsinc/bahia/internal/repository/pg_build.go:74.118,81.16 4 1
github.com/openagentsinc/bahia/internal/repository/pg_build.go:81.16,82.27 1 0
github.com/openagentsinc/bahia/internal/repository/pg_build.go:82.27,84.4 1 0
github.com/openagentsinc/bahia/internal/repository/pg_build.go:85.3,85.72 1 0
github.com/openagentsinc/bahia/internal/repository/pg_build.go:87.2,87.79 1 1
github.com/openagentsinc/bahia/internal/repository/pg_build.go:87.79,89.3 1 0
github.com/openagentsinc/bahia/internal/repository/pg_build.go:90.2,90.15 1 1
github.com/openagentsinc/bahia/internal/repository/pg_build.go:93.128,98.16 2 0
github.com/openagentsinc/bahia/internal/repository/pg_build.go:98.16,100.3 1 0
github.com/openagentsinc/bahia/internal/repository/pg_build.go:101.2,104.18 3 0
github.com/openagentsinc/bahia/internal/repository/pg_build.go:104.18,107.200 3 0
github.com/openagentsinc/bahia/internal/repository/pg_build.go:107.200,109.4 1 0
github.com/openagentsinc/bahia/internal/repository/pg_build.go:110.3,110.80 1 0
github.com/openagentsinc/bahia/internal/repository/pg_build.go:110.80,112.4 1 0
github.com/openagentsinc/bahia/internal/repository/pg_build.go:113.3,113.29 1 0
github.com/openagentsinc/bahia/internal/repository/pg_build.go:115.2,115.27 1 0
github.com/openagentsinc/bahia/internal/repository/pg_build.go:118.110,120.16 2 0
github.com/openagentsinc/bahia/internal/repository/pg_build.go:120.16,122.3 1 0
github.com/openagentsinc/bahia/internal/repository/pg_build.go:123.2,123.29 1 0
github.com/openagentsinc/bahia/internal/repository/pg_build.go:123.29,125.3 1 0
github.com/openagentsinc/bahia/internal/repository/pg_build.go:126.2,126.12 1 0
github.com/openagentsinc/bahia/internal/repository/pg_deployment.go:26.88,28.2 1 0
github.com/openagentsinc/bahia/internal/repository/pg_deployment.go:32.103,33.23 1 0
github.com/openagentsinc/bahia/internal/repository/pg_deployment.go:33.23,35.3 1 0
github.com/openagentsinc/bahia/internal/repository/pg_deployment.go:36.2,41.16 5 0
github.com/openagentsinc/bahia/internal/repository/pg_deployment.go:41.16,43.3 1 0
github.com/openagentsinc/bahia/internal/repository/pg_deployment.go:44.2,45.16 2 0
github.com/openagentsinc/bahia/internal/repository/pg_deployment.go:45.16,47.3 1 0
github.com/openagentsinc/bahia/internal/repository/pg_deployment.go:49.2,54.16 2 0
github.com/openagentsinc/bahia/internal/repository/pg_deployment.go:54.16,56.3 1 0
github.com/openagentsinc/bahia/internal/repository/pg_deployment.go:57.2,57.12 1 0
github.com/openagentsinc/bahia/internal/repository/pg_deployment.go:60.98,66.16 4 1
github.com/openagentsinc/bahia/internal/repository/pg_deployment.go:66.16,68.3 1 0
github.com/openagentsinc/bahia/internal/repository/pg_deployment.go:69.2,69.95 1 1
github.com/openagentsinc/bahia/internal/repository/pg_deployment.go:69.95,71.3 1 0
github.com/openagentsinc/bahia/internal/repository/pg_deployment.go:72.2,72.81 1 1
github.com/openagentsinc/bahia/internal/repository/pg_deployment.go:72.81,74.3 1 0
github.com/openagentsinc/bahia/internal/repository/pg_deployment.go:75.2,75.16 1 1
github.com/openagentsinc/bahia/internal/repository/pg_deployment.go:78.117,81.16 3 0
github.com/openagentsinc/bahia/internal/repository/pg_deployment.go:81.16,82.27 1 0
github.com/openagentsinc/bahia/internal/repository/pg_deployment.go:82.27,84.4 1 0
github.com/openagentsinc/bahia/internal/repository/pg_deployment.go:85.3,85.70 1 0
github.com/openagentsinc/bahia/internal/repository/pg_deployment.go:87.2,87.16 1 0
github.com/openagentsinc/bahia/internal/repository/pg_deployment.go:90.134,97.16 3 1
github.com/openagentsinc/bahia/internal/repository/pg_deployment.go:97.16,98.27 1 0
github.com/openagentsinc/bahia/internal/repository/pg_deployment.go:98.27,100.4 1 0
github.com/openagentsinc/bahia/internal/repository/pg_deployment.go:101.3,101.88 1 0
github.com/openagentsinc/bahia/internal/repository/pg_deployment.go:103.2,103.16 1 1
github.com/openagentsinc/bahia/internal/repository/pg_deployment.go:106.160,112.16 2 0
github.com/openagentsinc/bahia/internal/repository/pg_deployment.go:112.16,114.3 1 0
github.com/openagentsinc/bahia/internal/repository/pg_deployment.go:115.2,118.18 3 0
github.com/openagentsinc/bahia/internal/repository/pg_deployment.go:118.18,123.62 3 0
github.com/openagentsinc/bahia/internal/repository/pg_deployment.go:123.62,125.4 1 0
github.com/openagentsinc/bahia/internal/repository/pg_deployment.go:126.3,126.96 1 0
github.com/openagentsinc/bahia/internal/repository/pg_deployment.go:126.96,128.4 1 0
github.com/openagentsinc/bahia/internal/repository/pg_deployment.go:129.3,129.82 1 0
github.com/openagentsinc/bahia/internal/repository/pg_deployment.go:129.82,131.4 1 0
github.com/openagentsinc/bahia/internal/repository/pg_deployment.go:132.3,132.32 1 0
github.com/openagentsinc/bahia/internal/repository/pg_deployment.go:134.2,134.28 1 0
github.com/openagentsinc/bahia/internal/repository/pg_deployment.go:137.132,139.16 2 0
github.com/openagentsinc/bahia/internal/repository/pg_deployment.go:139.16,141.3 1 0
github.com/openagentsinc/bahia/internal/repository/pg_deployment.go:142.2,142.29 1 0
github.com/openagentsinc/bahia/internal/repository/pg_deployment.go:142.29,144.3 1 0
github.com/openagentsinc/bahia/internal/repository/pg_deployment.go:145.2,145.12 1 0
github.com/openagentsinc/bahia/internal/repository/pg_deployment.go:148.126,151.45 3 0
github.com/openagentsinc/bahia/internal/repository/pg_deployment.go:151.45,153.3 1 0
github.com/openagentsinc/bahia/internal/repository/pg_deployment.go:154.2,155.16 2 0
github.com/openagentsinc/bahia/internal/repository/pg_deployment.go:155.16,157.3 1 0
github.com/openagentsinc/bahia/internal/repository/pg_deployment.go:158.2,158.29 1 0
github.com/openagentsinc/bahia/internal/repository/pg_deployment.go:158.29,160.3 1 0
github.com/openagentsinc/bahia/internal/repository/pg_deployment.go:161.2,161.12 1 0
github.com/openagentsinc/bahia/internal/repository/pg_deployment.go:169.82,171.2 1 0
github.com/openagentsinc/bahia/internal/repository/pg_deployment.go:175.97,176.23 1 0
github.com/openagentsinc/bahia/internal/repository/pg_deployment.go:176.23,178.3 1 0
github.com/openagentsinc/bahia/internal/repository/pg_deployment.go:179.2,184.16 5 0
github.com/openagentsinc/bahia/internal/repository/pg_deployment.go:184.16,186.3 1 0
github.com/openagentsinc/bahia/internal/repository/pg_deployment.go:188.2,193.16 2 0
github.com/openagentsinc/bahia/internal/repository/pg_deployment.go:193.16,195.3 1 0
github.com/openagentsinc/bahia/internal/repository/pg_deployment.go:196.2,196.12 1 0
github.com/openagentsinc/bahia/internal/repository/pg_deployment.go:199.111,205.16 4 0
github.com/openagentsinc/bahia/internal/repository/pg_deployment.go:205.16,206.27 1 0
github.com/openagentsinc/bahia/internal/repository/pg_deployment.go:206.27,208.4 1 0
github.com/openagentsinc/bahia/internal/repository/pg_deployment.go:209.3,209.67 1 0
github.com/openagentsinc/bahia/internal/repository/pg_deployment.go:211.2,211.78 1 0
github.com/openagentsinc/bahia/internal/repository/pg_deployment.go:211.78,213.3 1 0
github.com/openagentsinc/bahia/internal/repository/pg_deployment.go:214.2,214.16 1 0
github.com/openagentsinc/bahia/internal/repository/pg_deployment.go:217.123,219.16 2 0
github.com/openagentsinc/bahia/internal/repository/pg_deployment.go:219.16,221.3 1 0
github.com/openagentsinc/bahia/internal/repository/pg_deployment.go:222.2,225.18 3 0
github.com/openagentsinc/bahia/internal/repository/pg_deployment.go:225.18,229.132 3 0
github.com/openagentsinc/bahia/internal/repository/pg_deployment.go:229.132,231.4 1 0
github.com/openagentsinc/bahia/internal/repository/pg_deployment.go:232.3,232.79 1 0
github.com/openagentsinc/bahia/internal/repository/pg_deployment.go:232.79,234.4 1 0
github.com/openagentsinc/bahia/internal/repository/pg_deployment.go:235.3,235.26 1 0
github.com/openagentsinc/bahia/internal/repository/pg_deployment.go:237.2,237.25 1 0
github.com/openagentsinc/bahia/internal/repository/pg_deployment.go:240.141,243.153 3 0
github.com/openagentsinc/bahia/internal/repository/pg_deployment.go:243.153,245.3 1 0
github.com/openagentsinc/bahia/internal/repository/pg_deployment.go:246.2,247.16 2 0
github.com/openagentsinc/bahia/internal/repository/pg_deployment.go:247.16,249.3 1 0
github.com/openagentsinc/bahia/internal/repository/pg_deployment.go:250.2,250.29 1 0
github.com/openagentsinc/bahia/internal/repository/pg_deployment.go:250.29,252.3 1 0
github.com/openagentsinc/bahia/internal/repository/pg_deployment.go:253.2,253.12 1 0
github.com/openagentsinc/bahia/internal/repository/pg_environment.go:19.78,21.2 1 0
github.com/openagentsinc/bahia/internal/repository/pg_environment.go:23.78,25.2 1 0
github.com/openagentsinc/bahia/internal/repository/pg_environment.go:27.94,28.24 1 0
github.com/openagentsinc/bahia/internal/repository/pg_environment.go:28.24,30.3 1 0
github.com/openagentsinc/bahia/internal/repository/pg_environment.go:31.2,36.16 5 0
github.com/openagentsinc/bahia/internal/repository/pg_environment.go:36.16,38.3 1 0
github.com/openagentsinc/bahia/internal/repository/pg_environment.go:39.2,40.16 2 0
github.com/openagentsinc/bahia/internal/repository/pg_environment.go:40.16,42.3 1 0
github.com/openagentsinc/bahia/internal/repository/pg_environment.go:44.2,48.16 2 0
github.com/openagentsinc/bahia/internal/repository/pg_environment.go:48.16,50.3 1 0
github.com/openagentsinc/bahia/internal/repository/pg_environment.go:51.2,51.12 1 0
github.com/openagentsinc/bahia/internal/repository/pg_environment.go:54.85,58.16 4 0
github.com/openagentsinc/bahia/internal/repository/pg_environment.go:58.16,60.3 1 0
github.com/openagentsinc/bahia/internal/repository/pg_environment.go:61.2,61.101 1 0
github.com/openagentsinc/bahia/internal/repository/pg_environment.go:61.101,63.3 1 0
github.com/openagentsinc/bahia/internal/repository/pg_environment.go:64.2,64.88 1 0
github.com/openagentsinc/bahia/internal/repository/pg_environment.go:64.88,66.3 1 0
github.com/openagentsinc/bahia/internal/repository/pg_environment.go:67.2,67.17 1 0
github.com/openagentsinc/bahia/internal/repository/pg_environment.go:70.107,76.16 3 0
github.com/openagentsinc/bahia/internal/repository/pg_environment.go:76.16,77.27 1 0
github.com/openagentsinc/bahia/internal/repository/pg_environment.go:77.27,79.4 1 0
github.com/openagentsinc/bahia/internal/repository/pg_environment.go:80.3,80.64 1 0
github.com/openagentsinc/bahia/internal/repository/pg_environment.go:82.2,82.17 1 0
github.com/openagentsinc/bahia/internal/repository/pg_environment.go:85.108,91.16 3 0
github.com/openagentsinc/bahia/internal/repository/pg_environment.go:91.16,92.27 1 0
github.com/openagentsinc/bahia/internal/repository/pg_environment.go:92.27,94.4 1 0
github.com/openagentsinc/bahia/internal/repository/pg_environment.go:95.3,95.66 1 0
github.com/openagentsinc/bahia/internal/repository/pg_environment.go:97.2,97.17 1 0
github.com/openagentsinc/bahia/internal/repository/pg_environment.go:100.91,105.16 2 0
github.com/openagentsinc/bahia/internal/repository/pg_environment.go:105.16,107.3 1 0
github.com/openagentsinc/bahia/internal/repository/pg_environment.go:108.2,111.18 3 0
github.com/openagentsinc/bahia/internal/repository/pg_environment.go:111.18,114.164 3 0
github.com/openagentsinc/bahia/internal/repository/pg_environment.go:114.164,116.4 1 0
github.com/openagentsinc/bahia/internal/repository/pg_environment.go:117.3,117.102 1 0
github.com/openagentsinc/bahia/internal/repository/pg_environment.go:117.102,119.4 1 0
github.com/openagentsinc/bahia/internal/repository/pg_environment.go:120.3,120.89 1 0
github.com/openagentsinc/bahia/internal/repository/pg_environment.go:120.89,122.4 1 0
github.com/openagentsinc/bahia/internal/repository/pg_environment.go:123.3,123.27 1 0
github.com/openagentsinc/bahia/internal/repository/pg_environment.go:125.2,125.25 1 0
github.com/openagentsinc/bahia/internal/repository/pg_environment.go:128.113,133.16 2 0
github.com/openagentsinc/bahia/internal/repository/pg_environment.go:133.16,135.3 1 0
github.com/openagentsinc/bahia/internal/repository/pg_environment.go:136.2,139.18 3 0
github.com/openagentsinc/bahia/internal/repository/pg_environment.go:139.18,142.164 3 0
github.com/openagentsinc/bahia/internal/repository/pg_environment.go:142.164,144.4 1 0
github.com/openagentsinc/bahia/internal/repository/pg_environment.go:145.3,145.102 1 0
github.com/openagentsinc/bahia/internal/repository/pg_environment.go:145.102,147.4 1 0
github.com/openagentsinc/bahia/internal/repository/pg_environment.go:148.3,148.89 1 0
github.com/openagentsinc/bahia/internal/repository/pg_environment.go:148.89,150.4 1 0
github.com/openagentsinc/bahia/internal/repository/pg_environment.go:151.3,151.27 1 0
github.com/openagentsinc/bahia/internal/repository/pg_environment.go:153.2,153.25 1 0
github.com/openagentsinc/bahia/internal/repository/pg_environment.go:156.94,159.16 3 0
github.com/openagentsinc/bahia/internal/repository/pg_environment.go:159.16,161.3 1 0
github.com/openagentsinc/bahia/internal/repository/pg_environment.go:162.2,163.16 2 0
github.com/openagentsinc/bahia/internal/repository/pg_environment.go:163.16,165.3 1 0
github.com/openagentsinc/bahia/internal/repository/pg_environment.go:167.2,171.16 2 0
github.com/openagentsinc/bahia/internal/repository/pg_environment.go:171.16,173.3 1 0
github.com/openagentsinc/bahia/internal/repository/pg_environment.go:174.2,174.29 1 0
github.com/openagentsinc/bahia/internal/repository/pg_environment.go:174.29,176.3 1 0
github.com/openagentsinc/bahia/internal/repository/pg_environment.go:177.2,177.12 1 0
github.com/openagentsinc/bahia/internal/repository/pg_environment.go:181.119,183.16 2 0
github.com/openagentsinc/bahia/internal/repository/pg_environment.go:183.16,185.3 1 0
github.com/openagentsinc/bahia/internal/repository/pg_environment.go:186.2,187.16 2 0
github.com/openagentsinc/bahia/internal/repository/pg_environment.go:187.16,189.3 1 0
github.com/openagentsinc/bahia/internal/repository/pg_environment.go:190.2,190.29 1 0
github.com/openagentsinc/bahia/internal/repository/pg_environment.go:193.83,195.16 2 0
github.com/openagentsinc/bahia/internal/repository/pg_environment.go:195.16,197.3 1 0
github.com/openagentsinc/bahia/internal/repository/pg_environment.go:198.2,198.29 1 0
github.com/openagentsinc/bahia/internal/repository/pg_environment.go:198.29,200.3 1 0
github.com/openagentsinc/bahia/internal/repository/pg_environment.go:201.2,201.12 1 0
github.com/openagentsinc/bahia/internal/repository/pg_hiveci.go:28.68,30.2 1 0
github.com/openagentsinc/bahia/internal/repository/pg_hiveci.go:32.105,43.16 2 1
github.com/openagentsinc/bahia/internal/repository/pg_hiveci.go:43.16,45.3 1 0
github.com/openagentsinc/bahia/internal/repository/pg_hiveci.go:47.2,52.16 2 1
github.com/openagentsinc/bahia/internal/repository/pg_hiveci.go:52.16,54.3 1 0
github.com/openagentsinc/bahia/internal/repository/pg_hiveci.go:56.2,56.12 1 1
github.com/openagentsinc/bahia/internal/repository/pg_hiveci.go:59.114,61.17 2 1
github.com/openagentsinc/bahia/internal/repository/pg_hiveci.go:61.17,63.3 1 1
github.com/openagentsinc/bahia/internal/repository/pg_hiveci.go:65.2,77.16 2 1
github.com/openagentsinc/bahia/internal/repository/pg_hiveci.go:77.16,79.3 1 0
github.com/openagentsinc/bahia/internal/repository/pg_hiveci.go:81.2,88.16 2 1
github.com/openagentsinc/bahia/internal/repository/pg_hiveci.go:88.16,90.3 1 0
github.com/openagentsinc/bahia/internal/repository/pg_hiveci.go:92.2,92.12 1 1
github.com/openagentsinc/bahia/internal/repository/pg_hiveci.go:95.118,120.16 4 0
github.com/openagentsinc/bahia/internal/repository/pg_hiveci.go:120.16,121.27 1 0
github.com/openagentsinc/bahia/internal/repository/pg_hiveci.go:121.27,123.4 1 0
github.com/openagentsinc/bahia/internal/repository/pg_hiveci.go:124.3,124.65 1 0
github.com/openagentsinc/bahia/internal/repository/pg_hiveci.go:126.2,127.18 2 0
github.com/openagentsinc/bahia/internal/repository/pg_hiveci.go:130.124,160.16 4 0
github.com/openagentsinc/bahia/internal/repository/pg_hiveci.go:160.16,161.27 1 0
github.com/openagentsinc/bahia/internal/repository/pg_hiveci.go:161.27,163.4 1 0
github.com/openagentsinc/bahia/internal/repository/pg_hiveci.go:164.3,164.68 1 0
github.com/openagentsinc/bahia/internal/repository/pg_hiveci.go:166.2,167.21 2 0
github.com/openagentsinc/bahia/internal/repository/pg_hiveci.go:170.109,179.16 2 0
github.com/openagentsinc/bahia/internal/repository/pg_hiveci.go:179.16,181.3 1 0
github.com/openagentsinc/bahia/internal/repository/pg_hiveci.go:182.2,185.18 3 0
github.com/openagentsinc/bahia/internal/repository/pg_hiveci.go:185.18,207.17 3 0
github.com/openagentsinc/bahia/internal/repository/pg_hiveci.go:207.17,209.4 1 0
github.com/openagentsinc/bahia/internal/repository/pg_hiveci.go:210.3,211.33 2 0
github.com/openagentsinc/bahia/internal/repository/pg_hiveci.go:214.2,214.28 1 0
github.com/openagentsinc/bahia/internal/repository/pg_hiveci.go:217.134,226.16 2 0
github.com/openagentsinc/bahia/internal/repository/pg_hiveci.go:226.16,228.3 1 0
github.com/openagentsinc/bahia/internal/repository/pg_hiveci.go:229.2,232.18 3 0
github.com/openagentsinc/bahia/internal/repository/pg_hiveci.go:232.18,254.17 3 0
github.com/openagentsinc/bahia/internal/repository/pg_hiveci.go:254.17,256.4 1 0
github.com/openagentsinc/bahia/internal/repository/pg_hiveci.go:257.3,258.33 2 0
github.com/openagentsinc/bahia/internal/repository/pg_hiveci.go:260.2,260.28 1 0
github.com/openagentsinc/bahia/internal/repository/pg_hiveci.go:263.130,264.68 1 1
github.com/openagentsinc/bahia/internal/repository/pg_hiveci.go:264.68,266.3 1 1
github.com/openagentsinc/bahia/internal/repository/pg_hiveci.go:268.2,273.16 2 1
github.com/openagentsinc/bahia/internal/repository/pg_hiveci.go:273.16,275.3 1 0
github.com/openagentsinc/bahia/internal/repository/pg_hiveci.go:276.2,276.29 1 1
github.com/openagentsinc/bahia/internal/repository/pg_hiveci.go:276.29,278.3 1 0
github.com/openagentsinc/bahia/internal/repository/pg_hiveci.go:279.2,279.12 1 1
github.com/openagentsinc/bahia/internal/repository/pg_hiveci.go:282.115,291.48 2 0
github.com/openagentsinc/bahia/internal/repository/pg_hiveci.go:291.48,292.27 1 0
github.com/openagentsinc/bahia/internal/repository/pg_hiveci.go:292.27,294.4 1 0
github.com/openagentsinc/bahia/internal/repository/pg_hiveci.go:295.3,295.68 1 0
github.com/openagentsinc/bahia/internal/repository/pg_hiveci.go:297.2,297.24 1 0
github.com/openagentsinc/bahia/internal/repository/pg_hiveci.go:300.98,308.16 2 0
github.com/openagentsinc/bahia/internal/repository/pg_hiveci.go:308.16,310.3 1 0
github.com/openagentsinc/bahia/internal/repository/pg_hiveci.go:311.2,311.12 1 0
github.com/openagentsinc/bahia/internal/repository/pg_hiveci.go:314.103,321.16 2 0
github.com/openagentsinc/bahia/internal/repository/pg_hiveci.go:321.16,323.3 1 0
github.com/openagentsinc/bahia/internal/repository/pg_hiveci.go:324.2,327.18 3 0
github.com/openagentsinc/bahia/internal/repository/pg_hiveci.go:327.18,329.17 2 0
github.com/openagentsinc/bahia/internal/repository/pg_hiveci.go:329.17,331.4 1 0
github.com/openagentsinc/bahia/internal/repository/pg_hiveci.go:332.3,332.33 1 0
github.com/openagentsinc/bahia/internal/repository/pg_hiveci.go:335.2,335.29 1 0
github.com/openagentsinc/bahia/internal/repository/pg_hiveci.go:338.139,349.16 3 0
github.com/openagentsinc/bahia/internal/repository/pg_hiveci.go:349.16,350.25 1 0
github.com/openagentsinc/bahia/internal/repository/pg_hiveci.go:350.25,352.4 1 0
github.com/openagentsinc/bahia/internal/repository/pg_hiveci.go:353.3,353.18 1 0
github.com/openagentsinc/bahia/internal/repository/pg_hiveci.go:355.2,355.21 1 0
github.com/openagentsinc/bahia/internal/repository/pg_hiveci.go:358.163,359.31 1 1
github.com/openagentsinc/bahia/internal/repository/pg_hiveci.go:359.31,361.3 1 1
github.com/openagentsinc/bahia/internal/repository/pg_hiveci.go:363.2,365.40 3 1
github.com/openagentsinc/bahia/internal/repository/pg_hiveci.go:365.40,366.46 1 1
github.com/openagentsinc/bahia/internal/repository/pg_hiveci.go:366.46,367.12 1 1
github.com/openagentsinc/bahia/internal/repository/pg_hiveci.go:369.3,370.55 2 1
github.com/openagentsinc/bahia/internal/repository/pg_hiveci.go:373.2,374.42 2 1
github.com/openagentsinc/bahia/internal/repository/pg_hiveci.go:374.42,380.3 1 1
github.com/openagentsinc/bahia/internal/repository/pg_hiveci.go:382.2,421.16 2 1
github.com/openagentsinc/bahia/internal/repository/pg_hiveci.go:421.16,423.3 1 0
github.com/openagentsinc/bahia/internal/repository/pg_hiveci.go:424.2,426.21 2 1
github.com/openagentsinc/bahia/internal/repository/pg_hiveci.go:426.21,428.17 2 1
github.com/openagentsinc/bahia/internal/repository/pg_hiveci.go:428.17,430.4 1 0
github.com/openagentsinc/bahia/internal/repository/pg_hiveci.go:432.3,433.20 2 1
github.com/openagentsinc/bahia/internal/repository/pg_hiveci.go:433.20,434.12 1 0
github.com/openagentsinc/bahia/internal/repository/pg_hiveci.go:436.3,436.27 1 1
github.com/openagentsinc/bahia/internal/repository/pg_hiveci.go:436.27,448.4 1 1
github.com/openagentsinc/bahia/internal/repository/pg_hiveci.go:449.3,449.30 1 1
github.com/openagentsinc/bahia/internal/repository/pg_hiveci.go:449.30,465.29 2 1
github.com/openagentsinc/bahia/internal/repository/pg_hiveci.go:465.29,467.5 1 1
github.com/openagentsinc/bahia/internal/repository/pg_hiveci.go:470.2,470.38 1 1
github.com/openagentsinc/bahia/internal/repository/pg_hiveci.go:470.38,472.3 1 0
github.com/openagentsinc/bahia/internal/repository/pg_hiveci.go:474.2,492.16 2 1
github.com/openagentsinc/bahia/internal/repository/pg_hiveci.go:492.16,494.3 1 0
github.com/openagentsinc/bahia/internal/repository/pg_hiveci.go:495.2,499.24 4 1
github.com/openagentsinc/bahia/internal/repository/pg_hiveci.go:499.24,501.17 2 1
github.com/openagentsinc/bahia/internal/repository/pg_hiveci.go:501.17,503.4 1 0
github.com/openagentsinc/bahia/internal/repository/pg_hiveci.go:505.3,506.20 2 1
github.com/openagentsinc/bahia/internal/repository/pg_hiveci.go:506.20,507.12 1 0
github.com/openagentsinc/bahia/internal/repository/pg_hiveci.go:510.3,526.4 2 1
github.com/openagentsinc/bahia/internal/repository/pg_hiveci.go:528.2,528.41 1 1
github.com/openagentsinc/bahia/internal/repository/pg_hiveci.go:528.41,530.3 1 0
github.com/openagentsinc/bahia/internal/repository/pg_hiveci.go:532.2,533.42 2 1
github.com/openagentsinc/bahia/internal/repository/pg_hiveci.go:533.42,535.3 1 1
github.com/openagentsinc/bahia/internal/repository/pg_hiveci.go:536.2,536.21 1 1
github.com/openagentsinc/bahia/internal/repository/pg_hiveci.go:580.94,607.16 2 1
github.com/openagentsinc/bahia/internal/repository/pg_hiveci.go:607.16,609.3 1 0
github.com/openagentsinc/bahia/internal/repository/pg_hiveci.go:610.2,610.16 1 1
github.com/openagentsinc/bahia/internal/repository/pg_hiveci.go:613.88,625.16 2 1
github.com/openagentsinc/bahia/internal/repository/pg_hiveci.go:625.16,627.3 1 0
github.com/openagentsinc/bahia/internal/repository/pg_hiveci.go:628.2,628.16 1 1
github.com/openagentsinc/bahia/internal/repository/pg_hiveci.go:636.3,638.9 2 1
github.com/openagentsinc/bahia/internal/repository/pg_hiveci.go:638.9,641.3 2 1
github.com/openagentsinc/bahia/internal/repository/pg_hiveci.go:643.2,644.9 2 1
github.com/openagentsinc/bahia/internal/repository/pg_hiveci.go:644.9,647.3 2 1
github.com/openagentsinc/bahia/internal/repository/pg_hiveci.go:649.2,650.9 2 1
github.com/openagentsinc/bahia/internal/repository/pg_hiveci.go:650.9,659.3 3 1
github.com/openagentsinc/bahia/internal/repository/pg_hiveci.go:661.2,662.9 2 1
github.com/openagentsinc/bahia/internal/repository/pg_hiveci.go:662.9,665.3 2 1
github.com/openagentsinc/bahia/internal/repository/pg_hiveci.go:666.2,666.49 1 1
github.com/openagentsinc/bahia/internal/repository/pg_hiveci.go:666.49,668.3 1 1
github.com/openagentsinc/bahia/internal/repository/pg_hiveci.go:669.2,671.120 3 1
github.com/openagentsinc/bahia/internal/repository/pg_hiveci.go:674.132,675.20 1 1
github.com/openagentsinc/bahia/internal/repository/pg_hiveci.go:675.20,677.3 1 0
github.com/openagentsinc/bahia/internal/repository/pg_hiveci.go:679.2,681.16 3 1
github.com/openagentsinc/bahia/internal/repository/pg_hiveci.go:681.16,683.3 1 0
github.com/openagentsinc/bahia/internal/repository/pg_hiveci.go:685.2,713.30 3 1
github.com/openagentsinc/bahia/internal/repository/pg_hiveci.go:713.30,715.3 1 0
github.com/openagentsinc/bahia/internal/repository/pg_hiveci.go:716.2,716.40 1 1
github.com/openagentsinc/bahia/internal/repository/pg_hiveci.go:719.105,733.16 3 0
github.com/openagentsinc/bahia/internal/repository/pg_hiveci.go:733.16,734.27 1 0
github.com/openagentsinc/bahia/internal/repository/pg_hiveci.go:734.27,736.4 1 0
github.com/openagentsinc/bahia/internal/repository/pg_hiveci.go:737.3,737.58 1 0
github.com/openagentsinc/bahia/internal/repository/pg_hiveci.go:739.2,739.73 1 0
github.com/openagentsinc/bahia/internal/repository/pg_hiveci.go:739.73,741.3 1 0
github.com/openagentsinc/bahia/internal/repository/pg_hiveci.go:742.2,742.23 1 0
github.com/openagentsinc/bahia/internal/repository/pg_hiveci.go:742.23,744.3 1 0
github.com/openagentsinc/bahia/internal/repository/pg_hiveci.go:745.2,745.15 1 0
github.com/openagentsinc/bahia/internal/repository/pg_llm_deployment.go:19.94,21.2 1 0
github.com/openagentsinc/bahia/internal/repository/pg_llm_deployment.go:23.94,25.2 1 1
github.com/openagentsinc/bahia/internal/repository/pg_llm_deployment.go:29.113,30.27 1 0
github.com/openagentsinc/bahia/internal/repository/pg_llm_deployment.go:30.27,32.3 1 0
github.com/openagentsinc/bahia/internal/repository/pg_llm_deployment.go:33.2,38.16 5 0
github.com/openagentsinc/bahia/internal/repository/pg_llm_deployment.go:38.16,40.3 1 0
github.com/openagentsinc/bahia/internal/repository/pg_llm_deployment.go:41.2,42.16 2 0
github.com/openagentsinc/bahia/internal/repository/pg_llm_deployment.go:42.16,44.3 1 0
github.com/openagentsinc/bahia/internal/repository/pg_llm_deployment.go:46.2,52.16 2 0
github.com/openagentsinc/bahia/internal/repository/pg_llm_deployment.go:52.16,54.3 1 0
github.com/openagentsinc/bahia/internal/repository/pg_llm_deployment.go:55.2,55.12 1 0
github.com/openagentsinc/bahia/internal/repository/pg_llm_deployment.go:58.104,63.99 3 0
github.com/openagentsinc/bahia/internal/repository/pg_llm_deployment.go:63.99,65.3 1 0
github.com/openagentsinc/bahia/internal/repository/pg_llm_deployment.go:66.2,66.110 1 0
github.com/openagentsinc/bahia/internal/repository/pg_llm_deployment.go:66.110,68.3 1 0
github.com/openagentsinc/bahia/internal/repository/pg_llm_deployment.go:69.2,69.89 1 0
github.com/openagentsinc/bahia/internal/repository/pg_llm_deployment.go:69.89,71.3 1 0
github.com/openagentsinc/bahia/internal/repository/pg_llm_deployment.go:72.2,72.20 1 0
github.com/openagentsinc/bahia/internal/repository/pg_llm_deployment.go:75.123,77.16 2 0
github.com/openagentsinc/bahia/internal/repository/pg_llm_deployment.go:77.16,78.27 1 0
github.com/openagentsinc/bahia/internal/repository/pg_llm_deployment.go:78.27,80.4 1 0
github.com/openagentsinc/bahia/internal/repository/pg_llm_deployment.go:81.3,81.74 1 0
github.com/openagentsinc/bahia/internal/repository/pg_llm_deployment.go:83.2,83.20 1 0
github.com/openagentsinc/bahia/internal/repository/pg_llm_deployment.go:86.162,87.16 1 0
github.com/openagentsinc/bahia/internal/repository/pg_llm_deployment.go:87.16,89.3 1 0
github.com/openagentsinc/bahia/internal/repository/pg_llm_deployment.go:90.2,95.16 2 0
github.com/openagentsinc/bahia/internal/repository/pg_llm_deployment.go:95.16,97.3 1 0
github.com/openagentsinc/bahia/internal/repository/pg_llm_deployment.go:98.2,101.18 3 0
github.com/openagentsinc/bahia/internal/repository/pg_llm_deployment.go:101.18,103.17 2 0
github.com/openagentsinc/bahia/internal/repository/pg_llm_deployment.go:103.17,105.4 1 0
github.com/openagentsinc/bahia/internal/repository/pg_llm_deployment.go:106.3,106.37 1 0
github.com/openagentsinc/bahia/internal/repository/pg_llm_deployment.go:108.2,108.28 1 0
github.com/openagentsinc/bahia/internal/repository/pg_llm_deployment.go:111.135,113.16 2 0
github.com/openagentsinc/bahia/internal/repository/pg_llm_deployment.go:113.16,115.3 1 0
github.com/openagentsinc/bahia/internal/repository/pg_llm_deployment.go:116.2,116.29 1 0
github.com/openagentsinc/bahia/internal/repository/pg_llm_deployment.go:116.29,118.3 1 0
github.com/openagentsinc/bahia/internal/repository/pg_llm_deployment.go:119.2,119.12 1 0
github.com/openagentsinc/bahia/internal/repository/pg_llm_deployment.go:122.129,125.45 3 1
github.com/openagentsinc/bahia/internal/repository/pg_llm_deployment.go:125.45,127.3 1 1
github.com/openagentsinc/bahia/internal/repository/pg_llm_deployment.go:128.2,129.16 2 1
github.com/openagentsinc/bahia/internal/repository/pg_llm_deployment.go:129.16,131.3 1 0
github.com/openagentsinc/bahia/internal/repository/pg_llm_deployment.go:132.2,132.29 1 1
github.com/openagentsinc/bahia/internal/repository/pg_llm_deployment.go:132.29,134.3 1 0
github.com/openagentsinc/bahia/internal/repository/pg_llm_deployment.go:135.2,135.12 1 1
github.com/openagentsinc/bahia/internal/repository/pg_llm_deployment.go:143.88,145.2 1 0
github.com/openagentsinc/bahia/internal/repository/pg_llm_deployment.go:147.88,149.2 1 1
github.com/openagentsinc/bahia/internal/repository/pg_llm_deployment.go:153.104,154.24 1 0
github.com/openagentsinc/bahia/internal/repository/pg_llm_deployment.go:154.24,156.3 1 0
github.com/openagentsinc/bahia/internal/repository/pg_llm_deployment.go:157.2,162.16 5 0
github.com/openagentsinc/bahia/internal/repository/pg_llm_deployment.go:162.16,164.3 1 0
github.com/openagentsinc/bahia/internal/repository/pg_llm_deployment.go:166.2,172.16 2 0
github.com/openagentsinc/bahia/internal/repository/pg_llm_deployment.go:172.16,174.3 1 0
github.com/openagentsinc/bahia/internal/repository/pg_llm_deployment.go:175.2,175.12 1 0
github.com/openagentsinc/bahia/internal/repository/pg_llm_deployment.go:178.95,183.91 3 1
github.com/openagentsinc/bahia/internal/repository/pg_llm_deployment.go:183.91,185.3 1 0
github.com/openagentsinc/bahia/internal/repository/pg_llm_deployment.go:186.2,186.83 1 1
github.com/openagentsinc/bahia/internal/repository/pg_llm_deployment.go:186.83,188.3 1 0
github.com/openagentsinc/bahia/internal/repository/pg_llm_deployment.go:189.2,189.17 1 1
github.com/openagentsinc/bahia/internal/repository/pg_llm_deployment.go:192.117,194.16 2 0
github.com/openagentsinc/bahia/internal/repository/pg_llm_deployment.go:194.16,195.27 1 0
github.com/openagentsinc/bahia/internal/repository/pg_llm_deployment.go:195.27,197.4 1 0
github.com/openagentsinc/bahia/internal/repository/pg_llm_deployment.go:198.3,198.71 1 0
github.com/openagentsinc/bahia/internal/repository/pg_llm_deployment.go:200.2,200.17 1 0
github.com/openagentsinc/bahia/internal/repository/pg_llm_deployment.go:203.129,205.16 2 0
github.com/openagentsinc/bahia/internal/repository/pg_llm_deployment.go:205.16,207.3 1 0
github.com/openagentsinc/bahia/internal/repository/pg_llm_deployment.go:208.2,211.18 3 0
github.com/openagentsinc/bahia/internal/repository/pg_llm_deployment.go:211.18,213.17 2 0
github.com/openagentsinc/bahia/internal/repository/pg_llm_deployment.go:213.17,215.4 1 0
github.com/openagentsinc/bahia/internal/repository/pg_llm_deployment.go:216.3,216.28 1 0
github.com/openagentsinc/bahia/internal/repository/pg_llm_deployment.go:218.2,218.25 1 0
github.com/openagentsinc/bahia/internal/repository/pg_llm_deployment.go:221.129,259.16 8 1
github.com/openagentsinc/bahia/internal/repository/pg_llm_deployment.go:259.16,260.27 1 0
github.com/openagentsinc/bahia/internal/repository/pg_llm_deployment.go:260.27,262.4 1 0
github.com/openagentsinc/bahia/internal/repository/pg_llm_deployment.go:263.3,263.61 1 0
github.com/openagentsinc/bahia/internal/repository/pg_llm_deployment.go:265.2,265.21 1 1
github.com/openagentsinc/bahia/internal/repository/pg_llm_deployment.go:268.114,282.16 3 1
github.com/openagentsinc/bahia/internal/repository/pg_llm_deployment.go:282.16,283.27 1 0
github.com/openagentsinc/bahia/internal/repository/pg_llm_deployment.go:283.27,285.4 1 0
github.com/openagentsinc/bahia/internal/repository/pg_llm_deployment.go:286.3,286.61 1 0
github.com/openagentsinc/bahia/internal/repository/pg_llm_deployment.go:288.2,288.17 1 1
github.com/openagentsinc/bahia/internal/repository/pg_llm_deployment.go:291.119,298.16 3 1
github.com/openagentsinc/bahia/internal/repository/pg_llm_deployment.go:298.16,300.3 1 0
github.com/openagentsinc/bahia/internal/repository/pg_llm_deployment.go:301.2,301.37 1 1
github.com/openagentsinc/bahia/internal/repository/pg_llm_deployment.go:304.104,307.16 3 1
github.com/openagentsinc/bahia/internal/repository/pg_llm_deployment.go:307.16,309.3 1 0
github.com/openagentsinc/bahia/internal/repository/pg_llm_deployment.go:310.2,318.16 2 1
github.com/openagentsinc/bahia/internal/repository/pg_llm_deployment.go:318.16,320.3 1 0
github.com/openagentsinc/bahia/internal/repository/pg_llm_deployment.go:321.2,321.29 1 1
github.com/openagentsinc/bahia/internal/repository/pg_llm_deployment.go:321.29,323.3 1 0
github.com/openagentsinc/bahia/internal/repository/pg_llm_deployment.go:324.2,324.12 1 1
github.com/openagentsinc/bahia/internal/repository/pg_llm_deployment.go:327.144,330.153 3 0
github.com/openagentsinc/bahia/internal/repository/pg_llm_deployment.go:330.153,332.3 1 0
github.com/openagentsinc/bahia/internal/repository/pg_llm_deployment.go:333.2,338.16 2 0
github.com/openagentsinc/bahia/internal/repository/pg_llm_deployment.go:338.16,340.3 1 0
github.com/openagentsinc/bahia/internal/repository/pg_llm_deployment.go:341.2,341.29 1 0
github.com/openagentsinc/bahia/internal/repository/pg_llm_deployment.go:341.29,343.3 1 0
github.com/openagentsinc/bahia/internal/repository/pg_llm_deployment.go:344.2,344.12 1 0
github.com/openagentsinc/bahia/internal/repository/pg_llm_route.go:19.72,21.2 1 0
github.com/openagentsinc/bahia/internal/repository/pg_llm_route.go:23.72,25.2 1 1
github.com/openagentsinc/bahia/internal/repository/pg_llm_route.go:29.90,30.26 1 1
github.com/openagentsinc/bahia/internal/repository/pg_llm_route.go:30.26,32.3 1 1
github.com/openagentsinc/bahia/internal/repository/pg_llm_route.go:33.2,38.16 5 1
github.com/openagentsinc/bahia/internal/repository/pg_llm_route.go:38.16,40.3 1 0
github.com/openagentsinc/bahia/internal/repository/pg_llm_route.go:41.2,42.16 2 1
github.com/openagentsinc/bahia/internal/repository/pg_llm_route.go:42.16,44.3 1 0
github.com/openagentsinc/bahia/internal/repository/pg_llm_route.go:45.2,46.16 2 1
github.com/openagentsinc/bahia/internal/repository/pg_llm_route.go:46.16,48.3 1 0
github.com/openagentsinc/bahia/internal/repository/pg_llm_route.go:49.2,50.16 2 1
github.com/openagentsinc/bahia/internal/repository/pg_llm_route.go:50.16,52.3 1 0
github.com/openagentsinc/bahia/internal/repository/pg_llm_route.go:54.2,58.16 2 1
github.com/openagentsinc/bahia/internal/repository/pg_llm_route.go:58.16,60.3 1 0
github.com/openagentsinc/bahia/internal/repository/pg_llm_route.go:61.2,61.12 1 1
github.com/openagentsinc/bahia/internal/repository/pg_llm_route.go:64.81,67.165 3 1
github.com/openagentsinc/bahia/internal/repository/pg_llm_route.go:67.165,69.3 1 0
github.com/openagentsinc/bahia/internal/repository/pg_llm_route.go:70.2,70.101 1 1
github.com/openagentsinc/bahia/internal/repository/pg_llm_route.go:70.101,72.3 1 0
github.com/openagentsinc/bahia/internal/repository/pg_llm_route.go:73.2,73.114 1 1
github.com/openagentsinc/bahia/internal/repository/pg_llm_route.go:73.114,75.3 1 0
github.com/openagentsinc/bahia/internal/repository/pg_llm_route.go:76.2,76.105 1 1
github.com/openagentsinc/bahia/internal/repository/pg_llm_route.go:76.105,78.3 1 0
github.com/openagentsinc/bahia/internal/repository/pg_llm_route.go:79.2,79.87 1 1
github.com/openagentsinc/bahia/internal/repository/pg_llm_route.go:79.87,81.3 1 0
github.com/openagentsinc/bahia/internal/repository/pg_llm_route.go:82.2,82.19 1 1
github.com/openagentsinc/bahia/internal/repository/pg_llm_route.go:85.101,87.16 2 0
github.com/openagentsinc/bahia/internal/repository/pg_llm_route.go:87.16,88.27 1 0
github.com/openagentsinc/bahia/internal/repository/pg_llm_route.go:88.27,90.4 1 0
github.com/openagentsinc/bahia/internal/repository/pg_llm_route.go:91.3,91.62 1 0
github.com/openagentsinc/bahia/internal/repository/pg_llm_route.go:93.2,93.19 1 0
github.com/openagentsinc/bahia/internal/repository/pg_llm_route.go:96.102,98.16 2 1
github.com/openagentsinc/bahia/internal/repository/pg_llm_route.go:98.16,99.27 1 0
github.com/openagentsinc/bahia/internal/repository/pg_llm_route.go:99.27,101.4 1 0
github.com/openagentsinc/bahia/internal/repository/pg_llm_route.go:102.3,102.64 1 0
github.com/openagentsinc/bahia/internal/repository/pg_llm_route.go:104.2,104.19 1 1
github.com/openagentsinc/bahia/internal/repository/pg_llm_route.go:107.104,108.16 1 0
github.com/openagentsinc/bahia/internal/repository/pg_llm_route.go:108.16,110.3 1 0
github.com/openagentsinc/bahia/internal/repository/pg_llm_route.go:111.2,112.16 2 0
github.com/openagentsinc/bahia/internal/repository/pg_llm_route.go:112.16,114.3 1 0
github.com/openagentsinc/bahia/internal/repository/pg_llm_route.go:115.2,118.18 3 0
github.com/openagentsinc/bahia/internal/repository/pg_llm_route.go:118.18,120.17 2 0
github.com/openagentsinc/bahia/internal/repository/pg_llm_route.go:120.17,122.4 1 0
github.com/openagentsinc/bahia/internal/repository/pg_llm_route.go:123.3,123.34 1 0
github.com/openagentsinc/bahia/internal/repository/pg_llm_route.go:125.2,125.27 1 0
github.com/openagentsinc/bahia/internal/repository/pg_llm_route.go:128.90,131.16 3 0
github.com/openagentsinc/bahia/internal/repository/pg_llm_route.go:131.16,133.3 1 0
github.com/openagentsinc/bahia/internal/repository/pg_llm_route.go:134.2,135.16 2 0
github.com/openagentsinc/bahia/internal/repository/pg_llm_route.go:135.16,137.3 1 0
github.com/openagentsinc/bahia/internal/repository/pg_llm_route.go:138.2,139.16 2 0
github.com/openagentsinc/bahia/internal/repository/pg_llm_route.go:139.16,141.3 1 0
github.com/openagentsinc/bahia/internal/repository/pg_llm_route.go:142.2,143.16 2 0
github.com/openagentsinc/bahia/internal/repository/pg_llm_route.go:143.16,145.3 1 0
github.com/openagentsinc/bahia/internal/repository/pg_llm_route.go:146.2,152.16 2 0
github.com/openagentsinc/bahia/internal/repository/pg_llm_route.go:152.16,154.3 1 0
github.com/openagentsinc/bahia/internal/repository/pg_llm_route.go:155.2,155.29 1 0
github.com/openagentsinc/bahia/internal/repository/pg_llm_route.go:155.29,157.3 1 0
github.com/openagentsinc/bahia/internal/repository/pg_llm_route.go:158.2,158.12 1 0
github.com/openagentsinc/bahia/internal/repository/pg_llm_route.go:161.80,163.16 2 0
github.com/openagentsinc/bahia/internal/repository/pg_llm_route.go:163.16,165.3 1 0
github.com/openagentsinc/bahia/internal/repository/pg_llm_route.go:166.2,166.29 1 0
github.com/openagentsinc/bahia/internal/repository/pg_llm_route.go:166.29,168.3 1 0
github.com/openagentsinc/bahia/internal/repository/pg_llm_route.go:169.2,169.12 1 0
github.com/openagentsinc/bahia/internal/repository/pg_llm_route.go:177.76,179.2 1 0
github.com/openagentsinc/bahia/internal/repository/pg_llm_route.go:181.76,183.2 1 1
github.com/openagentsinc/bahia/internal/repository/pg_llm_route.go:187.96,188.28 1 0
github.com/openagentsinc/bahia/internal/repository/pg_llm_route.go:188.28,190.3 1 0
github.com/openagentsinc/bahia/internal/repository/pg_llm_route.go:191.2,194.16 3 0
github.com/openagentsinc/bahia/internal/repository/pg_llm_route.go:194.16,196.3 1 0
github.com/openagentsinc/bahia/internal/repository/pg_llm_route.go:197.2,198.16 2 0
github.com/openagentsinc/bahia/internal/repository/pg_llm_route.go:198.16,200.3 1 0
github.com/openagentsinc/bahia/internal/repository/pg_llm_route.go:201.2,202.16 2 0
github.com/openagentsinc/bahia/internal/repository/pg_llm_route.go:202.16,204.3 1 0
github.com/openagentsinc/bahia/internal/repository/pg_llm_route.go:205.2,206.16 2 0
github.com/openagentsinc/bahia/internal/repository/pg_llm_route.go:206.16,208.3 1 0
github.com/openagentsinc/bahia/internal/repository/pg_llm_route.go:209.2,210.16 2 0
github.com/openagentsinc/bahia/internal/repository/pg_llm_route.go:210.16,212.3 1 0
github.com/openagentsinc/bahia/internal/repository/pg_llm_route.go:213.2,214.16 2 0
github.com/openagentsinc/bahia/internal/repository/pg_llm_route.go:214.16,216.3 1 0
github.com/openagentsinc/bahia/internal/repository/pg_llm_route.go:218.2,223.16 2 0
github.com/openagentsinc/bahia/internal/repository/pg_llm_route.go:223.16,225.3 1 0
github.com/openagentsinc/bahia/internal/repository/pg_llm_route.go:226.2,226.12 1 0
github.com/openagentsinc/bahia/internal/repository/pg_llm_route.go:229.87,234.73 3 1
github.com/openagentsinc/bahia/internal/repository/pg_llm_route.go:234.73,236.3 1 0
github.com/openagentsinc/bahia/internal/repository/pg_llm_route.go:237.2,237.111 1 1
github.com/openagentsinc/bahia/internal/repository/pg_llm_route.go:237.111,239.3 1 0
github.com/openagentsinc/bahia/internal/repository/pg_llm_route.go:240.2,240.99 1 1
github.com/openagentsinc/bahia/internal/repository/pg_llm_route.go:240.99,242.3 1 0
github.com/openagentsinc/bahia/internal/repository/pg_llm_route.go:243.2,243.102 1 1
github.com/openagentsinc/bahia/internal/repository/pg_llm_route.go:243.102,245.3 1 0
github.com/openagentsinc/bahia/internal/repository/pg_llm_route.go:246.2,246.111 1 1
github.com/openagentsinc/bahia/internal/repository/pg_llm_route.go:246.111,248.3 1 0
github.com/openagentsinc/bahia/internal/repository/pg_llm_route.go:249.2,249.102 1 1
github.com/openagentsinc/bahia/internal/repository/pg_llm_route.go:249.102,251.3 1 0
github.com/openagentsinc/bahia/internal/repository/pg_llm_route.go:252.2,252.91 1 1
github.com/openagentsinc/bahia/internal/repository/pg_llm_route.go:252.91,254.3 1 0
github.com/openagentsinc/bahia/internal/repository/pg_llm_route.go:255.2,255.21 1 1
github.com/openagentsinc/bahia/internal/repository/pg_llm_route.go:258.105,260.16 2 0
github.com/openagentsinc/bahia/internal/repository/pg_llm_route.go:260.16,261.27 1 0
github.com/openagentsinc/bahia/internal/repository/pg_llm_route.go:261.27,263.4 1 0
github.com/openagentsinc/bahia/internal/repository/pg_llm_route.go:264.3,264.64 1 0
github.com/openagentsinc/bahia/internal/repository/pg_llm_route.go:266.2,266.21 1 0
github.com/openagentsinc/bahia/internal/repository/pg_llm_route.go:269.136,271.16 2 0
github.com/openagentsinc/bahia/internal/repository/pg_llm_route.go:271.16,272.27 1 0
github.com/openagentsinc/bahia/internal/repository/pg_llm_route.go:272.27,274.4 1 0
github.com/openagentsinc/bahia/internal/repository/pg_llm_route.go:275.3,275.75 1 0
github.com/openagentsinc/bahia/internal/repository/pg_llm_route.go:277.2,277.21 1 0
github.com/openagentsinc/bahia/internal/repository/pg_llm_route.go:280.134,281.16 1 1
github.com/openagentsinc/bahia/internal/repository/pg_llm_route.go:281.16,283.3 1 0
github.com/openagentsinc/bahia/internal/repository/pg_llm_route.go:284.2,289.16 2 1
github.com/openagentsinc/bahia/internal/repository/pg_llm_route.go:289.16,291.3 1 0
github.com/openagentsinc/bahia/internal/repository/pg_llm_route.go:292.2,295.18 3 1
github.com/openagentsinc/bahia/internal/repository/pg_llm_route.go:295.18,297.17 2 1
github.com/openagentsinc/bahia/internal/repository/pg_llm_route.go:297.17,299.4 1 0
github.com/openagentsinc/bahia/internal/repository/pg_llm_route.go:300.3,300.40 1 1
github.com/openagentsinc/bahia/internal/repository/pg_llm_route.go:302.2,302.29 1 1
github.com/openagentsinc/bahia/internal/repository/pg_llm_state.go:19.94,21.2 1 0
github.com/openagentsinc/bahia/internal/repository/pg_llm_state.go:23.94,25.2 1 1
github.com/openagentsinc/bahia/internal/repository/pg_llm_state.go:29.118,30.32 1 1
github.com/openagentsinc/bahia/internal/repository/pg_llm_state.go:30.32,32.3 1 1
github.com/openagentsinc/bahia/internal/repository/pg_llm_state.go:33.2,33.37 1 1
github.com/openagentsinc/bahia/internal/repository/pg_llm_state.go:33.37,35.3 1 1
github.com/openagentsinc/bahia/internal/repository/pg_llm_state.go:36.2,37.16 2 1
github.com/openagentsinc/bahia/internal/repository/pg_llm_state.go:37.16,39.3 1 0
github.com/openagentsinc/bahia/internal/repository/pg_llm_state.go:40.2,46.16 2 1
github.com/openagentsinc/bahia/internal/repository/pg_llm_state.go:46.16,48.3 1 0
github.com/openagentsinc/bahia/internal/repository/pg_llm_state.go:49.2,49.12 1 1
github.com/openagentsinc/bahia/internal/repository/pg_llm_state.go:52.109,58.51 3 1
github.com/openagentsinc/bahia/internal/repository/pg_llm_state.go:58.51,60.3 1 0
github.com/openagentsinc/bahia/internal/repository/pg_llm_state.go:61.2,61.105 1 1
github.com/openagentsinc/bahia/internal/repository/pg_llm_state.go:61.105,63.3 1 0
github.com/openagentsinc/bahia/internal/repository/pg_llm_state.go:64.2,64.25 1 1
github.com/openagentsinc/bahia/internal/repository/pg_llm_state.go:67.137,73.16 2 1
github.com/openagentsinc/bahia/internal/repository/pg_llm_state.go:73.16,74.27 1 0
github.com/openagentsinc/bahia/internal/repository/pg_llm_state.go:74.27,76.4 1 0
github.com/openagentsinc/bahia/internal/repository/pg_llm_state.go:77.3,77.75 1 0
github.com/openagentsinc/bahia/internal/repository/pg_llm_state.go:79.2,79.25 1 1
github.com/openagentsinc/bahia/internal/repository/pg_llm_state.go:82.154,83.16 1 0
github.com/openagentsinc/bahia/internal/repository/pg_llm_state.go:83.16,85.3 1 0
github.com/openagentsinc/bahia/internal/repository/pg_llm_state.go:86.2,91.16 2 0
github.com/openagentsinc/bahia/internal/repository/pg_llm_state.go:91.16,93.3 1 0
github.com/openagentsinc/bahia/internal/repository/pg_llm_state.go:94.2,97.18 3 0
github.com/openagentsinc/bahia/internal/repository/pg_llm_state.go:97.18,99.17 2 0
github.com/openagentsinc/bahia/internal/repository/pg_llm_state.go:99.17,101.4 1 0
github.com/openagentsinc/bahia/internal/repository/pg_llm_state.go:102.3,102.52 1 0
github.com/openagentsinc/bahia/internal/repository/pg_llm_state.go:104.2,104.33 1 0
github.com/openagentsinc/bahia/internal/repository/pg_llm_state.go:112.82,114.2 1 0
github.com/openagentsinc/bahia/internal/repository/pg_llm_state.go:116.82,118.2 1 1
github.com/openagentsinc/bahia/internal/repository/pg_llm_state.go:122.100,143.16 3 1
github.com/openagentsinc/bahia/internal/repository/pg_llm_state.go:143.16,145.3 1 0
github.com/openagentsinc/bahia/internal/repository/pg_llm_state.go:146.2,146.12 1 1
github.com/openagentsinc/bahia/internal/repository/pg_llm_state.go:149.91,154.58 2 1
github.com/openagentsinc/bahia/internal/repository/pg_llm_state.go:154.58,156.3 1 0
github.com/openagentsinc/bahia/internal/repository/pg_llm_state.go:157.2,157.19 1 1
github.com/openagentsinc/bahia/internal/repository/pg_llm_state.go:160.119,162.16 2 1
github.com/openagentsinc/bahia/internal/repository/pg_llm_state.go:162.16,163.27 1 0
github.com/openagentsinc/bahia/internal/repository/pg_llm_state.go:163.27,165.4 1 0
github.com/openagentsinc/bahia/internal/repository/pg_llm_state.go:166.3,166.62 1 0
github.com/openagentsinc/bahia/internal/repository/pg_llm_state.go:168.2,168.19 1 1
github.com/openagentsinc/bahia/internal/repository/pg_llm_state.go:171.129,173.16 2 0
github.com/openagentsinc/bahia/internal/repository/pg_llm_state.go:173.16,175.3 1 0
github.com/openagentsinc/bahia/internal/repository/pg_llm_state.go:176.2,179.18 3 0
github.com/openagentsinc/bahia/internal/repository/pg_llm_state.go:179.18,181.17 2 0
github.com/openagentsinc/bahia/internal/repository/pg_llm_state.go:181.17,183.4 1 0
github.com/openagentsinc/bahia/internal/repository/pg_llm_state.go:184.3,184.34 1 0
github.com/openagentsinc/bahia/internal/repository/pg_llm_state.go:186.2,186.27 1 0
github.com/openagentsinc/bahia/internal/repository/pg_llm_state.go:189.125,191.2 1 0
github.com/openagentsinc/bahia/internal/repository/pg_llm_state.go:193.121,195.2 1 0
github.com/openagentsinc/bahia/internal/repository/pg_llm_state.go:197.102,199.2 1 0
github.com/openagentsinc/bahia/internal/repository/pg_llm_state.go:201.98,203.2 1 0
github.com/openagentsinc/bahia/internal/repository/pg_nostr_event.go:53.76,55.2 1 0
github.com/openagentsinc/bahia/internal/repository/pg_nostr_event.go:57.79,59.2 1 1
github.com/openagentsinc/bahia/internal/repository/pg_nostr_event.go:65.99,66.29 1 1
github.com/openagentsinc/bahia/internal/repository/pg_nostr_event.go:66.29,68.3 1 1
github.com/openagentsinc/bahia/internal/repository/pg_nostr_event.go:70.2,71.21 2 1
github.com/openagentsinc/bahia/internal/repository/pg_nostr_event.go:71.21,73.3 1 0
github.com/openagentsinc/bahia/internal/repository/pg_nostr_event.go:75.2,80.16 2 1
github.com/openagentsinc/bahia/internal/repository/pg_nostr_event.go:80.16,82.3 1 0
github.com/openagentsinc/bahia/internal/repository/pg_nostr_event.go:83.2,83.37 1 1
github.com/openagentsinc/bahia/internal/repository/pg_nostr_event.go:87.101,91.16 3 0
github.com/openagentsinc/bahia/internal/repository/pg_nostr_event.go:91.16,92.27 1 0
github.com/openagentsinc/bahia/internal/repository/pg_nostr_event.go:92.27,94.4 1 0
github.com/openagentsinc/bahia/internal/repository/pg_nostr_event.go:95.3,95.58 1 0
github.com/openagentsinc/bahia/internal/repository/pg_nostr_event.go:97.2,97.17 1 0
github.com/openagentsinc/bahia/internal/repository/pg_nostr_event.go:101.115,102.16 1 0
github.com/openagentsinc/bahia/internal/repository/pg_nostr_event.go:102.16,104.3 1 0
github.com/openagentsinc/bahia/internal/repository/pg_nostr_event.go:105.2,106.16 2 0
github.com/openagentsinc/bahia/internal/repository/pg_nostr_event.go:106.16,108.3 1 0
github.com/openagentsinc/bahia/internal/repository/pg_nostr_event.go:109.2,110.33 2 0
github.com/openagentsinc/bahia/internal/repository/pg_nostr_event.go:114.146,115.16 1 0
github.com/openagentsinc/bahia/internal/repository/pg_nostr_event.go:115.16,117.3 1 0
github.com/openagentsinc/bahia/internal/repository/pg_nostr_event.go:118.2,119.16 2 0
github.com/openagentsinc/bahia/internal/repository/pg_nostr_event.go:119.16,121.3 1 0
github.com/openagentsinc/bahia/internal/repository/pg_nostr_event.go:122.2,123.33 2 0
github.com/openagentsinc/bahia/internal/repository/pg_nostr_event.go:127.112,128.21 1 1
github.com/openagentsinc/bahia/internal/repository/pg_nostr_event.go:128.21,130.3 1 0
github.com/openagentsinc/bahia/internal/repository/pg_nostr_event.go:131.2,131.103 1 1
github.com/openagentsinc/bahia/internal/repository/pg_nostr_event.go:135.140,136.42 1 1
github.com/openagentsinc/bahia/internal/repository/pg_nostr_event.go:136.42,138.3 1 0
github.com/openagentsinc/bahia/internal/repository/pg_nostr_event.go:139.2,139.133 1 1
github.com/openagentsinc/bahia/internal/repository/pg_nostr_event.go:142.118,144.75 2 1
github.com/openagentsinc/bahia/internal/repository/pg_nostr_event.go:144.75,146.3 1 0
github.com/openagentsinc/bahia/internal/repository/pg_nostr_event.go:147.2,147.19 1 1
github.com/openagentsinc/bahia/internal/repository/pg_nostr_event.go:147.19,149.3 1 0
github.com/openagentsinc/bahia/internal/repository/pg_nostr_event.go:150.2,150.26 1 1
github.com/openagentsinc/bahia/internal/repository/pg_nostr_event.go:153.68,155.18 2 0
github.com/openagentsinc/bahia/internal/repository/pg_nostr_event.go:155.18,157.168 2 0
github.com/openagentsinc/bahia/internal/repository/pg_nostr_event.go:157.168,159.4 1 0
github.com/openagentsinc/bahia/internal/repository/pg_nostr_event.go:160.3,160.33 1 0
github.com/openagentsinc/bahia/internal/repository/pg_nostr_event.go:162.2,162.28 1 0
github.com/openagentsinc/bahia/internal/repository/pg_notification.go:20.80,22.2 1 0
github.com/openagentsinc/bahia/internal/repository/pg_notification.go:26.109,27.23 1 0
github.com/openagentsinc/bahia/internal/repository/pg_notification.go:27.23,29.3 1 0
github.com/openagentsinc/bahia/internal/repository/pg_notification.go:30.2,37.16 4 0
github.com/openagentsinc/bahia/internal/repository/pg_notification.go:37.16,39.3 1 0
github.com/openagentsinc/bahia/internal/repository/pg_notification.go:40.2,40.12 1 0
github.com/openagentsinc/bahia/internal/repository/pg_notification.go:43.123,52.16 5 0
github.com/openagentsinc/bahia/internal/repository/pg_notification.go:52.16,53.27 1 0
github.com/openagentsinc/bahia/internal/repository/pg_notification.go:53.27,55.4 1 0
github.com/openagentsinc/bahia/internal/repository/pg_notification.go:56.3,56.53 1 0
github.com/openagentsinc/bahia/internal/repository/pg_notification.go:58.2,61.16 4 0
github.com/openagentsinc/bahia/internal/repository/pg_notification.go:64.126,67.17 2 0
github.com/openagentsinc/bahia/internal/repository/pg_notification.go:67.17,69.3 1 0
github.com/openagentsinc/bahia/internal/repository/pg_notification.go:70.2,73.16 3 0
github.com/openagentsinc/bahia/internal/repository/pg_notification.go:73.16,75.3 1 0
github.com/openagentsinc/bahia/internal/repository/pg_notification.go:76.2,79.18 3 0
github.com/openagentsinc/bahia/internal/repository/pg_notification.go:79.18,84.59 4 0
github.com/openagentsinc/bahia/internal/repository/pg_notification.go:84.59,86.4 1 0
github.com/openagentsinc/bahia/internal/repository/pg_notification.go:87.3,90.34 4 0
github.com/openagentsinc/bahia/internal/repository/pg_notification.go:92.2,92.29 1 0
github.com/openagentsinc/bahia/internal/repository/pg_notification.go:95.109,104.16 4 0
github.com/openagentsinc/bahia/internal/repository/pg_notification.go:104.16,106.3 1 0
github.com/openagentsinc/bahia/internal/repository/pg_notification.go:107.2,107.12 1 0
github.com/openagentsinc/bahia/internal/repository/pg_notification.go:110.91,112.16 2 0
github.com/openagentsinc/bahia/internal/repository/pg_notification.go:112.16,114.3 1 0
github.com/openagentsinc/bahia/internal/repository/pg_notification.go:115.2,115.12 1 0
github.com/openagentsinc/bahia/internal/repository/pg_notification.go:120.102,121.24 1 0
github.com/openagentsinc/bahia/internal/repository/pg_notification.go:121.24,123.3 1 0
github.com/openagentsinc/bahia/internal/repository/pg_notification.go:124.2,130.16 3 0
github.com/openagentsinc/bahia/internal/repository/pg_notification.go:130.16,132.3 1 0
github.com/openagentsinc/bahia/internal/repository/pg_notification.go:133.2,133.12 1 0
github.com/openagentsinc/bahia/internal/repository/pg_notification.go:136.102,143.16 3 0
github.com/openagentsinc/bahia/internal/repository/pg_notification.go:143.16,145.3 1 0
github.com/openagentsinc/bahia/internal/repository/pg_notification.go:146.2,146.12 1 0
github.com/openagentsinc/bahia/internal/repository/pg_notification.go:149.141,150.16 1 0
github.com/openagentsinc/bahia/internal/repository/pg_notification.go:150.16,152.3 1 0
github.com/openagentsinc/bahia/internal/repository/pg_notification.go:153.2,158.16 2 0
github.com/openagentsinc/bahia/internal/repository/pg_notification.go:158.16,160.3 1 0
github.com/openagentsinc/bahia/internal/repository/pg_notification.go:161.2,162.35 2 0
github.com/openagentsinc/bahia/internal/repository/pg_notification.go:165.117,166.16 1 0
github.com/openagentsinc/bahia/internal/repository/pg_notification.go:166.16,168.3 1 0
github.com/openagentsinc/bahia/internal/repository/pg_notification.go:169.2,174.16 2 0
github.com/openagentsinc/bahia/internal/repository/pg_notification.go:174.16,176.3 1 0
github.com/openagentsinc/bahia/internal/repository/pg_notification.go:177.2,178.35 2 0
github.com/openagentsinc/bahia/internal/repository/pg_notification.go:181.122,188.16 2 0
github.com/openagentsinc/bahia/internal/repository/pg_notification.go:188.16,190.3 1 0
github.com/openagentsinc/bahia/internal/repository/pg_notification.go:191.2,192.35 2 0
github.com/openagentsinc/bahia/internal/repository/pg_notification.go:195.76,197.18 2 0
github.com/openagentsinc/bahia/internal/repository/pg_notification.go:197.18,202.80 4 0
github.com/openagentsinc/bahia/internal/repository/pg_notification.go:202.80,204.4 1 0
github.com/openagentsinc/bahia/internal/repository/pg_notification.go:205.3,207.25 3 0
github.com/openagentsinc/bahia/internal/repository/pg_notification.go:209.2,209.25 1 0
github.com/openagentsinc/bahia/internal/repository/pg_observation.go:19.92,21.2 1 0
github.com/openagentsinc/bahia/internal/repository/pg_observation.go:23.92,25.2 1 0
github.com/openagentsinc/bahia/internal/repository/pg_observation.go:29.108,30.24 1 0
github.com/openagentsinc/bahia/internal/repository/pg_observation.go:30.24,32.3 1 0
github.com/openagentsinc/bahia/internal/repository/pg_observation.go:33.2,33.29 1 0
github.com/openagentsinc/bahia/internal/repository/pg_observation.go:33.29,35.3 1 0
github.com/openagentsinc/bahia/internal/repository/pg_observation.go:37.2,38.16 2 0
github.com/openagentsinc/bahia/internal/repository/pg_observation.go:38.16,40.3 1 0
github.com/openagentsinc/bahia/internal/repository/pg_observation.go:42.2,47.16 2 0
github.com/openagentsinc/bahia/internal/repository/pg_observation.go:47.16,49.3 1 0
github.com/openagentsinc/bahia/internal/repository/pg_observation.go:50.2,50.12 1 0
github.com/openagentsinc/bahia/internal/repository/pg_observation.go:53.99,58.16 4 0
github.com/openagentsinc/bahia/internal/repository/pg_observation.go:58.16,60.3 1 0
github.com/openagentsinc/bahia/internal/repository/pg_observation.go:61.2,61.87 1 0
github.com/openagentsinc/bahia/internal/repository/pg_observation.go:61.87,63.3 1 0
github.com/openagentsinc/bahia/internal/repository/pg_observation.go:64.2,64.17 1 0
github.com/openagentsinc/bahia/internal/repository/pg_observation.go:67.137,74.16 3 0
github.com/openagentsinc/bahia/internal/repository/pg_observation.go:74.16,75.27 1 0
github.com/openagentsinc/bahia/internal/repository/pg_observation.go:75.27,77.4 1 0
github.com/openagentsinc/bahia/internal/repository/pg_observation.go:78.3,78.65 1 0
github.com/openagentsinc/bahia/internal/repository/pg_observation.go:80.2,80.17 1 0
github.com/openagentsinc/bahia/internal/repository/pg_observation.go:83.156,89.16 2 0
github.com/openagentsinc/bahia/internal/repository/pg_observation.go:89.16,91.3 1 0
github.com/openagentsinc/bahia/internal/repository/pg_observation.go:92.2,95.18 3 0
github.com/openagentsinc/bahia/internal/repository/pg_observation.go:95.18,99.143 3 0
github.com/openagentsinc/bahia/internal/repository/pg_observation.go:99.143,101.4 1 0
github.com/openagentsinc/bahia/internal/repository/pg_observation.go:102.3,102.88 1 0
github.com/openagentsinc/bahia/internal/repository/pg_observation.go:102.88,104.4 1 0
github.com/openagentsinc/bahia/internal/repository/pg_observation.go:105.3,105.43 1 0
github.com/openagentsinc/bahia/internal/repository/pg_observation.go:107.2,107.33 1 0
github.com/openagentsinc/bahia/internal/repository/pg_oci.go:27.62,29.2 1 0
github.com/openagentsinc/bahia/internal/repository/pg_oci.go:31.62,33.2 1 1
github.com/openagentsinc/bahia/internal/repository/pg_oci.go:40.109,46.16 2 1
github.com/openagentsinc/bahia/internal/repository/pg_oci.go:46.16,48.3 1 0
github.com/openagentsinc/bahia/internal/repository/pg_oci.go:49.2,49.35 1 1
github.com/openagentsinc/bahia/internal/repository/pg_oci.go:52.106,55.125 3 1
github.com/openagentsinc/bahia/internal/repository/pg_oci.go:55.125,56.27 1 0
github.com/openagentsinc/bahia/internal/repository/pg_oci.go:56.27,58.4 1 0
github.com/openagentsinc/bahia/internal/repository/pg_oci.go:59.3,59.61 1 0
github.com/openagentsinc/bahia/internal/repository/pg_oci.go:61.2,61.18 1 1
github.com/openagentsinc/bahia/internal/repository/pg_oci.go:64.122,72.2 2 0
github.com/openagentsinc/bahia/internal/repository/pg_oci.go:74.116,83.2 2 1
github.com/openagentsinc/bahia/internal/repository/pg_oci.go:86.117,87.45 1 0
github.com/openagentsinc/bahia/internal/repository/pg_oci.go:87.45,89.3 1 0
github.com/openagentsinc/bahia/internal/repository/pg_oci.go:90.2,90.53 1 0
github.com/openagentsinc/bahia/internal/repository/pg_oci.go:93.107,95.16 2 1
github.com/openagentsinc/bahia/internal/repository/pg_oci.go:95.16,97.3 1 0
github.com/openagentsinc/bahia/internal/repository/pg_oci.go:98.2,98.15 1 1
github.com/openagentsinc/bahia/internal/repository/pg_oci.go:98.15,98.39 1 1
github.com/openagentsinc/bahia/internal/repository/pg_oci.go:100.2,102.33 3 1
github.com/openagentsinc/bahia/internal/repository/pg_oci.go:102.33,104.3 1 0
github.com/openagentsinc/bahia/internal/repository/pg_oci.go:104.8,106.17 2 1
github.com/openagentsinc/bahia/internal/repository/pg_oci.go:106.17,108.4 1 0
github.com/openagentsinc/bahia/internal/repository/pg_oci.go:111.2,125.16 2 1
github.com/openagentsinc/bahia/internal/repository/pg_oci.go:125.16,127.3 1 0
github.com/openagentsinc/bahia/internal/repository/pg_oci.go:129.2,129.15 1 1
github.com/openagentsinc/bahia/internal/repository/pg_oci.go:129.15,136.17 2 1
github.com/openagentsinc/bahia/internal/repository/pg_oci.go:136.17,138.4 1 0
github.com/openagentsinc/bahia/internal/repository/pg_oci.go:141.2,141.39 1 1
github.com/openagentsinc/bahia/internal/repository/pg_oci.go:141.39,143.3 1 0
github.com/openagentsinc/bahia/internal/repository/pg_oci.go:144.2,144.12 1 1
github.com/openagentsinc/bahia/internal/repository/pg_oci.go:147.96,150.143 3 0
github.com/openagentsinc/bahia/internal/repository/pg_oci.go:150.143,151.27 1 0
github.com/openagentsinc/bahia/internal/repository/pg_oci.go:151.27,153.4 1 0
github.com/openagentsinc/bahia/internal/repository/pg_oci.go:154.3,154.55 1 0
github.com/openagentsinc/bahia/internal/repository/pg_oci.go:156.2,156.18 1 0
github.com/openagentsinc/bahia/internal/repository/pg_oci.go:159.104,170.16 3 1
github.com/openagentsinc/bahia/internal/repository/pg_oci.go:170.16,172.3 1 0
github.com/openagentsinc/bahia/internal/repository/pg_oci.go:173.2,173.20 1 1
github.com/openagentsinc/bahia/internal/repository/pg_oci.go:176.94,178.16 2 0
github.com/openagentsinc/bahia/internal/repository/pg_oci.go:178.16,180.3 1 0
github.com/openagentsinc/bahia/internal/repository/pg_oci.go:181.2,182.16 2 0
github.com/openagentsinc/bahia/internal/repository/pg_oci.go:182.16,184.3 1 0
github.com/openagentsinc/bahia/internal/repository/pg_oci.go:185.2,185.17 1 0
github.com/openagentsinc/bahia/internal/repository/pg_oci.go:185.17,187.3 1 0
github.com/openagentsinc/bahia/internal/repository/pg_oci.go:188.2,193.16 2 0
github.com/openagentsinc/bahia/internal/repository/pg_oci.go:193.16,195.3 1 0
github.com/openagentsinc/bahia/internal/repository/pg_oci.go:196.2,196.12 1 0
github.com/openagentsinc/bahia/internal/repository/pg_oci.go:199.130,201.16 2 0
github.com/openagentsinc/bahia/internal/repository/pg_oci.go:201.16,203.3 1 0
github.com/openagentsinc/bahia/internal/repository/pg_oci.go:204.2,204.15 1 0
github.com/openagentsinc/bahia/internal/repository/pg_oci.go:204.15,204.39 1 0
github.com/openagentsinc/bahia/internal/repository/pg_oci.go:206.2,207.16 2 0
github.com/openagentsinc/bahia/internal/repository/pg_oci.go:207.16,209.3 1 0
github.com/openagentsinc/bahia/internal/repository/pg_oci.go:211.2,223.16 3 0
github.com/openagentsinc/bahia/internal/repository/pg_oci.go:223.16,225.3 1 0
github.com/openagentsinc/bahia/internal/repository/pg_oci.go:227.2,232.16 2 0
github.com/openagentsinc/bahia/internal/repository/pg_oci.go:232.16,234.3 1 0
github.com/openagentsinc/bahia/internal/repository/pg_oci.go:236.2,236.39 1 0
github.com/openagentsinc/bahia/internal/repository/pg_oci.go:236.39,238.3 1 0
github.com/openagentsinc/bahia/internal/repository/pg_oci.go:239.2,239.12 1 0
github.com/openagentsinc/bahia/internal/repository/pg_oci.go:242.96,244.16 2 0
github.com/openagentsinc/bahia/internal/repository/pg_oci.go:244.16,246.3 1 0
github.com/openagentsinc/bahia/internal/repository/pg_oci.go:247.2,247.15 1 0
github.com/openagentsinc/bahia/internal/repository/pg_oci.go:247.15,247.39 1 0
github.com/openagentsinc/bahia/internal/repository/pg_oci.go:249.2,261.16 3 0
github.com/openagentsinc/bahia/internal/repository/pg_oci.go:261.16,263.3 1 0
github.com/openagentsinc/bahia/internal/repository/pg_oci.go:265.2,270.16 2 0
github.com/openagentsinc/bahia/internal/repository/pg_oci.go:270.16,272.3 1 0
github.com/openagentsinc/bahia/internal/repository/pg_oci.go:274.2,279.16 2 0
github.com/openagentsinc/bahia/internal/repository/pg_oci.go:279.16,281.3 1 0
github.com/openagentsinc/bahia/internal/repository/pg_oci.go:283.2,283.39 1 0
github.com/openagentsinc/bahia/internal/repository/pg_oci.go:283.39,285.3 1 0
github.com/openagentsinc/bahia/internal/repository/pg_oci.go:286.2,286.12 1 0
github.com/openagentsinc/bahia/internal/repository/pg_oci.go:289.112,290.16 1 0
github.com/openagentsinc/bahia/internal/repository/pg_oci.go:290.16,292.3 1 0
github.com/openagentsinc/bahia/internal/repository/pg_oci.go:294.2,302.16 2 0
github.com/openagentsinc/bahia/internal/repository/pg_oci.go:302.16,304.3 1 0
github.com/openagentsinc/bahia/internal/repository/pg_oci.go:305.2,308.18 3 0
github.com/openagentsinc/bahia/internal/repository/pg_oci.go:308.18,310.41 2 0
github.com/openagentsinc/bahia/internal/repository/pg_oci.go:310.41,312.4 1 0
github.com/openagentsinc/bahia/internal/repository/pg_oci.go:313.3,313.27 1 0
github.com/openagentsinc/bahia/internal/repository/pg_oci.go:315.2,315.25 1 0
github.com/openagentsinc/bahia/internal/repository/pg_oci.go:318.148,326.43 3 0
github.com/openagentsinc/bahia/internal/repository/pg_oci.go:326.43,329.3 2 0
github.com/openagentsinc/bahia/internal/repository/pg_oci.go:330.2,333.16 3 0
github.com/openagentsinc/bahia/internal/repository/pg_oci.go:333.16,335.3 1 0
github.com/openagentsinc/bahia/internal/repository/pg_oci.go:336.2,339.18 3 0
github.com/openagentsinc/bahia/internal/repository/pg_oci.go:339.18,342.108 3 0
github.com/openagentsinc/bahia/internal/repository/pg_oci.go:342.108,344.4 1 0
github.com/openagentsinc/bahia/internal/repository/pg_oci.go:345.3,345.31 1 0
github.com/openagentsinc/bahia/internal/repository/pg_oci.go:345.31,346.102 1 0
github.com/openagentsinc/bahia/internal/repository/pg_oci.go:346.102,348.5 1 0
github.com/openagentsinc/bahia/internal/repository/pg_oci.go:350.3,350.36 1 0
github.com/openagentsinc/bahia/internal/repository/pg_oci.go:352.2,352.30 1 0
github.com/openagentsinc/bahia/internal/repository/pg_oci.go:355.120,357.16 2 0
github.com/openagentsinc/bahia/internal/repository/pg_oci.go:357.16,359.3 1 0
github.com/openagentsinc/bahia/internal/repository/pg_oci.go:360.2,364.16 2 0
github.com/openagentsinc/bahia/internal/repository/pg_oci.go:364.16,366.3 1 0
github.com/openagentsinc/bahia/internal/repository/pg_oci.go:367.2,367.12 1 0
github.com/openagentsinc/bahia/internal/repository/pg_oci.go:370.96,375.16 2 1
github.com/openagentsinc/bahia/internal/repository/pg_oci.go:375.16,377.3 1 0
github.com/openagentsinc/bahia/internal/repository/pg_oci.go:378.2,378.12 1 1
github.com/openagentsinc/bahia/internal/repository/pg_oci.go:381.156,388.16 2 0
github.com/openagentsinc/bahia/internal/repository/pg_oci.go:388.16,389.27 1 0
github.com/openagentsinc/bahia/internal/repository/pg_oci.go:389.27,391.4 1 0
github.com/openagentsinc/bahia/internal/repository/pg_oci.go:392.3,392.88 1 0
github.com/openagentsinc/bahia/internal/repository/pg_oci.go:394.2,394.64 1 0
github.com/openagentsinc/bahia/internal/repository/pg_oci.go:397.106,401.194 4 1
github.com/openagentsinc/bahia/internal/repository/pg_oci.go:401.194,402.27 1 0
github.com/openagentsinc/bahia/internal/repository/pg_oci.go:402.27,404.4 1 0
github.com/openagentsinc/bahia/internal/repository/pg_oci.go:405.3,405.65 1 0
github.com/openagentsinc/bahia/internal/repository/pg_oci.go:407.2,408.20 2 1
github.com/openagentsinc/bahia/internal/repository/pg_oci.go:411.124,417.16 2 0
github.com/openagentsinc/bahia/internal/repository/pg_oci.go:417.16,419.3 1 0
github.com/openagentsinc/bahia/internal/repository/pg_oci.go:420.2,420.12 1 0
github.com/openagentsinc/bahia/internal/repository/pg_oci.go:423.107,429.16 2 1
github.com/openagentsinc/bahia/internal/repository/pg_oci.go:429.16,431.3 1 0
github.com/openagentsinc/bahia/internal/repository/pg_oci.go:432.2,432.12 1 1
github.com/openagentsinc/bahia/internal/repository/pg_oci.go:435.90,441.16 2 0
github.com/openagentsinc/bahia/internal/repository/pg_oci.go:441.16,443.3 1 0
github.com/openagentsinc/bahia/internal/repository/pg_oci.go:444.2,444.12 1 0
github.com/openagentsinc/bahia/internal/repository/pg_oci.go:447.88,453.16 2 1
github.com/openagentsinc/bahia/internal/repository/pg_oci.go:453.16,455.3 1 0
github.com/openagentsinc/bahia/internal/repository/pg_oci.go:456.2,456.12 1 1
github.com/openagentsinc/bahia/internal/repository/pg_oci.go:459.120,466.16 2 1
github.com/openagentsinc/bahia/internal/repository/pg_oci.go:466.16,468.3 1 0
github.com/openagentsinc/bahia/internal/repository/pg_oci.go:469.2,472.18 3 1
github.com/openagentsinc/bahia/internal/repository/pg_oci.go:472.18,475.196 3 1
github.com/openagentsinc/bahia/internal/repository/pg_oci.go:475.196,477.4 1 0
github.com/openagentsinc/bahia/internal/repository/pg_oci.go:478.3,479.36 2 1
github.com/openagentsinc/bahia/internal/repository/pg_oci.go:481.2,481.28 1 1
github.com/openagentsinc/bahia/internal/repository/pg_oci.go:484.78,486.16 2 0
github.com/openagentsinc/bahia/internal/repository/pg_oci.go:486.16,488.3 1 0
github.com/openagentsinc/bahia/internal/repository/pg_oci.go:489.2,489.12 1 0
github.com/openagentsinc/bahia/internal/repository/pg_oci.go:492.84,494.16 2 1
github.com/openagentsinc/bahia/internal/repository/pg_oci.go:494.16,496.3 1 0
github.com/openagentsinc/bahia/internal/repository/pg_oci.go:497.2,497.12 1 1
github.com/openagentsinc/bahia/internal/repository/pg_oci.go:500.64,503.189 3 1
github.com/openagentsinc/bahia/internal/repository/pg_oci.go:503.189,504.27 1 1
github.com/openagentsinc/bahia/internal/repository/pg_oci.go:504.27,506.4 1 1
github.com/openagentsinc/bahia/internal/repository/pg_oci.go:507.3,507.59 1 0
github.com/openagentsinc/bahia/internal/repository/pg_oci.go:509.2,509.30 1 0
github.com/openagentsinc/bahia/internal/repository/pg_oci.go:509.30,510.100 1 0
github.com/openagentsinc/bahia/internal/repository/pg_oci.go:510.100,512.4 1 0
github.com/openagentsinc/bahia/internal/repository/pg_oci.go:514.2,514.15 1 0
github.com/openagentsinc/bahia/internal/repository/pg_payment.go:23.70,25.2 1 0
github.com/openagentsinc/bahia/internal/repository/pg_payment.go:29.76,31.2 1 0
github.com/openagentsinc/bahia/internal/repository/pg_payment.go:34.90,35.22 1 0
github.com/openagentsinc/bahia/internal/repository/pg_payment.go:35.22,37.3 1 0
github.com/openagentsinc/bahia/internal/repository/pg_payment.go:38.2,43.16 5 0
github.com/openagentsinc/bahia/internal/repository/pg_payment.go:43.16,45.3 1 0
github.com/openagentsinc/bahia/internal/repository/pg_payment.go:47.2,56.16 2 0
github.com/openagentsinc/bahia/internal/repository/pg_payment.go:56.16,58.3 1 0
github.com/openagentsinc/bahia/internal/repository/pg_payment.go:59.2,59.12 1 0
github.com/openagentsinc/bahia/internal/repository/pg_payment.go:63.105,78.16 5 0
github.com/openagentsinc/bahia/internal/repository/pg_payment.go:78.16,79.27 1 0
github.com/openagentsinc/bahia/internal/repository/pg_payment.go:79.27,81.4 1 0
github.com/openagentsinc/bahia/internal/repository/pg_payment.go:82.3,82.54 1 0
github.com/openagentsinc/bahia/internal/repository/pg_payment.go:85.2,89.15 4 0
github.com/openagentsinc/bahia/internal/repository/pg_payment.go:93.131,98.16 2 0
github.com/openagentsinc/bahia/internal/repository/pg_payment.go:98.16,100.3 1 0
github.com/openagentsinc/bahia/internal/repository/pg_payment.go:101.2,101.12 1 0
github.com/openagentsinc/bahia/internal/repository/pg_payment.go:105.111,113.16 2 0
github.com/openagentsinc/bahia/internal/repository/pg_payment.go:113.16,115.3 1 0
github.com/openagentsinc/bahia/internal/repository/pg_payment.go:116.2,118.27 2 0
github.com/openagentsinc/bahia/internal/repository/pg_payment.go:122.116,137.16 5 0
github.com/openagentsinc/bahia/internal/repository/pg_payment.go:137.16,138.27 1 0
github.com/openagentsinc/bahia/internal/repository/pg_payment.go:138.27,140.4 1 0
github.com/openagentsinc/bahia/internal/repository/pg_payment.go:141.3,141.68 1 0
github.com/openagentsinc/bahia/internal/repository/pg_payment.go:144.2,148.15 4 0
github.com/openagentsinc/bahia/internal/repository/pg_payment.go:152.129,153.16 1 0
github.com/openagentsinc/bahia/internal/repository/pg_payment.go:153.16,155.3 1 0
github.com/openagentsinc/bahia/internal/repository/pg_payment.go:157.2,164.16 2 0
github.com/openagentsinc/bahia/internal/repository/pg_payment.go:164.16,166.3 1 0
github.com/openagentsinc/bahia/internal/repository/pg_payment.go:167.2,169.27 2 0
github.com/openagentsinc/bahia/internal/repository/pg_payment.go:173.109,180.16 3 0
github.com/openagentsinc/bahia/internal/repository/pg_payment.go:180.16,182.3 1 0
github.com/openagentsinc/bahia/internal/repository/pg_payment.go:183.2,183.19 1 0
github.com/openagentsinc/bahia/internal/repository/pg_payment.go:187.66,189.18 2 0
github.com/openagentsinc/bahia/internal/repository/pg_payment.go:189.18,198.17 4 0
github.com/openagentsinc/bahia/internal/repository/pg_payment.go:198.17,200.4 1 0
github.com/openagentsinc/bahia/internal/repository/pg_payment.go:202.3,206.33 4 0
github.com/openagentsinc/bahia/internal/repository/pg_payment.go:208.2,208.29 1 0
github.com/openagentsinc/bahia/internal/repository/pg_policy.go:23.88,25.2 1 0
github.com/openagentsinc/bahia/internal/repository/pg_policy.go:28.102,29.22 1 0
github.com/openagentsinc/bahia/internal/repository/pg_policy.go:29.22,31.3 1 0
github.com/openagentsinc/bahia/internal/repository/pg_policy.go:32.2,37.16 5 0
github.com/openagentsinc/bahia/internal/repository/pg_policy.go:37.16,39.3 1 0
github.com/openagentsinc/bahia/internal/repository/pg_policy.go:41.2,48.16 2 0
github.com/openagentsinc/bahia/internal/repository/pg_policy.go:48.16,50.3 1 0
github.com/openagentsinc/bahia/internal/repository/pg_policy.go:51.2,51.12 1 0
github.com/openagentsinc/bahia/internal/repository/pg_policy.go:55.117,59.2 2 0
github.com/openagentsinc/bahia/internal/repository/pg_policy.go:62.118,66.2 2 0
github.com/openagentsinc/bahia/internal/repository/pg_policy.go:69.119,71.17 2 0
github.com/openagentsinc/bahia/internal/repository/pg_policy.go:71.17,73.3 1 0
github.com/openagentsinc/bahia/internal/repository/pg_policy.go:74.2,77.16 3 0
github.com/openagentsinc/bahia/internal/repository/pg_policy.go:77.16,79.3 1 0
github.com/openagentsinc/bahia/internal/repository/pg_policy.go:80.2,81.29 2 0
github.com/openagentsinc/bahia/internal/repository/pg_policy.go:85.131,89.16 2 0
github.com/openagentsinc/bahia/internal/repository/pg_policy.go:89.16,91.3 1 0
github.com/openagentsinc/bahia/internal/repository/pg_policy.go:92.2,93.29 2 0
github.com/openagentsinc/bahia/internal/repository/pg_policy.go:97.107,100.16 2 0
github.com/openagentsinc/bahia/internal/repository/pg_policy.go:100.16,102.3 1 0
github.com/openagentsinc/bahia/internal/repository/pg_policy.go:103.2,104.29 2 0
github.com/openagentsinc/bahia/internal/repository/pg_policy.go:108.102,112.16 3 0
github.com/openagentsinc/bahia/internal/repository/pg_policy.go:112.16,114.3 1 0
github.com/openagentsinc/bahia/internal/repository/pg_policy.go:116.2,124.16 2 0
github.com/openagentsinc/bahia/internal/repository/pg_policy.go:124.16,126.3 1 0
github.com/openagentsinc/bahia/internal/repository/pg_policy.go:127.2,127.12 1 0
github.com/openagentsinc/bahia/internal/repository/pg_policy.go:131.88,133.16 2 0
github.com/openagentsinc/bahia/internal/repository/pg_policy.go:133.16,135.3 1 0
github.com/openagentsinc/bahia/internal/repository/pg_policy.go:136.2,136.12 1 0
github.com/openagentsinc/bahia/internal/repository/pg_policy.go:139.98,147.16 5 0
github.com/openagentsinc/bahia/internal/repository/pg_policy.go:147.16,148.27 1 0
github.com/openagentsinc/bahia/internal/repository/pg_policy.go:148.27,150.4 1 0
github.com/openagentsinc/bahia/internal/repository/pg_policy.go:151.3,151.53 1 0
github.com/openagentsinc/bahia/internal/repository/pg_policy.go:153.2,154.60 2 0
github.com/openagentsinc/bahia/internal/repository/pg_policy.go:154.60,156.3 1 0
github.com/openagentsinc/bahia/internal/repository/pg_policy.go:157.2,157.16 1 0
github.com/openagentsinc/bahia/internal/repository/pg_policy.go:160.103,162.18 2 0
github.com/openagentsinc/bahia/internal/repository/pg_policy.go:162.18,170.17 5 0
github.com/openagentsinc/bahia/internal/repository/pg_policy.go:170.17,172.4 1 0
github.com/openagentsinc/bahia/internal/repository/pg_policy.go:173.3,174.61 2 0
github.com/openagentsinc/bahia/internal/repository/pg_policy.go:174.61,176.4 1 0
github.com/openagentsinc/bahia/internal/repository/pg_policy.go:177.3,177.33 1 0
github.com/openagentsinc/bahia/internal/repository/pg_policy.go:179.2,179.29 1 0
github.com/openagentsinc/bahia/internal/repository/pg_rollout.go:20.78,22.2 1 0
github.com/openagentsinc/bahia/internal/repository/pg_rollout.go:24.99,25.25 1 0
github.com/openagentsinc/bahia/internal/repository/pg_rollout.go:25.25,27.3 1 0
github.com/openagentsinc/bahia/internal/repository/pg_rollout.go:28.2,33.16 2 0
github.com/openagentsinc/bahia/internal/repository/pg_rollout.go:33.16,35.3 1 0
github.com/openagentsinc/bahia/internal/repository/pg_rollout.go:36.2,36.12 1 0
github.com/openagentsinc/bahia/internal/repository/pg_rollout.go:39.111,47.16 4 0
github.com/openagentsinc/bahia/internal/repository/pg_rollout.go:47.16,48.27 1 0
github.com/openagentsinc/bahia/internal/repository/pg_rollout.go:48.27,50.4 1 0
github.com/openagentsinc/bahia/internal/repository/pg_rollout.go:51.3,51.58 1 0
github.com/openagentsinc/bahia/internal/repository/pg_rollout.go:53.2,55.18 3 0
github.com/openagentsinc/bahia/internal/repository/pg_rollout.go:58.121,67.16 4 0
github.com/openagentsinc/bahia/internal/repository/pg_rollout.go:67.16,68.27 1 0
github.com/openagentsinc/bahia/internal/repository/pg_rollout.go:68.27,70.4 1 0
github.com/openagentsinc/bahia/internal/repository/pg_rollout.go:71.3,71.68 1 0
github.com/openagentsinc/bahia/internal/repository/pg_rollout.go:73.2,75.18 3 0
github.com/openagentsinc/bahia/internal/repository/pg_rollout.go:78.99,83.16 2 0
github.com/openagentsinc/bahia/internal/repository/pg_rollout.go:83.16,85.3 1 0
github.com/openagentsinc/bahia/internal/repository/pg_rollout.go:86.2,86.12 1 0
github.com/openagentsinc/bahia/internal/repository/pg_rollout.go:89.102,95.16 2 0
github.com/openagentsinc/bahia/internal/repository/pg_rollout.go:95.16,97.3 1 0
github.com/openagentsinc/bahia/internal/repository/pg_rollout.go:98.2,101.18 3 0
github.com/openagentsinc/bahia/internal/repository/pg_rollout.go:101.18,105.69 3 0
github.com/openagentsinc/bahia/internal/repository/pg_rollout.go:105.69,107.4 1 0
github.com/openagentsinc/bahia/internal/repository/pg_rollout.go:108.3,110.27 3 0
github.com/openagentsinc/bahia/internal/repository/pg_rollout.go:112.2,112.26 1 0
github.com/openagentsinc/bahia/internal/repository/pg_rollout.go:115.99,116.25 1 0
github.com/openagentsinc/bahia/internal/repository/pg_rollout.go:116.25,118.3 1 0
github.com/openagentsinc/bahia/internal/repository/pg_rollout.go:119.2,127.16 4 0
github.com/openagentsinc/bahia/internal/repository/pg_rollout.go:127.16,129.3 1 0
github.com/openagentsinc/bahia/internal/repository/pg_rollout.go:130.2,130.12 1 0
github.com/openagentsinc/bahia/internal/repository/pg_rollout.go:133.102,135.29 2 0
github.com/openagentsinc/bahia/internal/repository/pg_rollout.go:135.29,136.26 1 0
github.com/openagentsinc/bahia/internal/repository/pg_rollout.go:136.26,138.4 1 0
github.com/openagentsinc/bahia/internal/repository/pg_rollout.go:139.3,146.48 3 0
github.com/openagentsinc/bahia/internal/repository/pg_rollout.go:149.2,152.18 3 0
github.com/openagentsinc/bahia/internal/repository/pg_rollout.go:152.18,153.38 1 0
github.com/openagentsinc/bahia/internal/repository/pg_rollout.go:153.38,155.4 1 0
github.com/openagentsinc/bahia/internal/repository/pg_rollout.go:157.2,157.12 1 0
github.com/openagentsinc/bahia/internal/repository/pg_rollout.go:160.111,170.16 5 0
github.com/openagentsinc/bahia/internal/repository/pg_rollout.go:170.16,171.27 1 0
github.com/openagentsinc/bahia/internal/repository/pg_rollout.go:171.27,173.4 1 0
github.com/openagentsinc/bahia/internal/repository/pg_rollout.go:174.3,174.50 1 0
github.com/openagentsinc/bahia/internal/repository/pg_rollout.go:176.2,180.18 5 0
github.com/openagentsinc/bahia/internal/repository/pg_rollout.go:183.120,189.16 2 0
github.com/openagentsinc/bahia/internal/repository/pg_rollout.go:189.16,191.3 1 0
github.com/openagentsinc/bahia/internal/repository/pg_rollout.go:192.2,195.18 3 0
github.com/openagentsinc/bahia/internal/repository/pg_rollout.go:195.18,200.81 4 0
github.com/openagentsinc/bahia/internal/repository/pg_rollout.go:200.81,202.4 1 0
github.com/openagentsinc/bahia/internal/repository/pg_rollout.go:203.3,207.27 5 0
github.com/openagentsinc/bahia/internal/repository/pg_rollout.go:209.2,209.26 1 0
github.com/openagentsinc/bahia/internal/repository/pg_rollout.go:212.99,220.16 4 0
github.com/openagentsinc/bahia/internal/repository/pg_rollout.go:220.16,222.3 1 0
github.com/openagentsinc/bahia/internal/repository/pg_rollout.go:223.2,223.12 1 0
github.com/openagentsinc/bahia/internal/repository/pg_sbom.go:20.31,21.13 1 0
github.com/openagentsinc/bahia/internal/repository/pg_sbom.go:21.13,23.3 1 0
github.com/openagentsinc/bahia/internal/repository/pg_sbom.go:24.2,24.10 1 0
github.com/openagentsinc/bahia/internal/repository/pg_sbom.go:33.64,35.2 1 0
github.com/openagentsinc/bahia/internal/repository/pg_sbom.go:38.93,39.25 1 0
github.com/openagentsinc/bahia/internal/repository/pg_sbom.go:39.25,41.3 1 0
github.com/openagentsinc/bahia/internal/repository/pg_sbom.go:42.2,45.16 3 0
github.com/openagentsinc/bahia/internal/repository/pg_sbom.go:45.16,47.3 1 0
github.com/openagentsinc/bahia/internal/repository/pg_sbom.go:49.2,58.16 2 0
github.com/openagentsinc/bahia/internal/repository/pg_sbom.go:58.16,60.3 1 0
github.com/openagentsinc/bahia/internal/repository/pg_sbom.go:61.2,61.12 1 0
github.com/openagentsinc/bahia/internal/repository/pg_sbom.go:65.105,69.2 2 0
github.com/openagentsinc/bahia/internal/repository/pg_sbom.go:72.119,77.2 2 0
github.com/openagentsinc/bahia/internal/repository/pg_sbom.go:80.109,85.2 2 0
github.com/openagentsinc/bahia/internal/repository/pg_sbom.go:88.101,89.24 1 0
github.com/openagentsinc/bahia/internal/repository/pg_sbom.go:89.24,91.3 1 0
github.com/openagentsinc/bahia/internal/repository/pg_sbom.go:93.2,94.26 2 0
github.com/openagentsinc/bahia/internal/repository/pg_sbom.go:94.26,96.25 2 0
github.com/openagentsinc/bahia/internal/repository/pg_sbom.go:96.25,98.4 1 0
github.com/openagentsinc/bahia/internal/repository/pg_sbom.go:99.3,105.4 1 0
github.com/openagentsinc/bahia/internal/repository/pg_sbom.go:108.2,111.21 3 0
github.com/openagentsinc/bahia/internal/repository/pg_sbom.go:111.21,112.38 1 0
github.com/openagentsinc/bahia/internal/repository/pg_sbom.go:112.38,114.4 1 0
github.com/openagentsinc/bahia/internal/repository/pg_sbom.go:116.2,116.12 1 0
github.com/openagentsinc/bahia/internal/repository/pg_sbom.go:120.116,124.16 2 0
github.com/openagentsinc/bahia/internal/repository/pg_sbom.go:124.16,126.3 1 0
github.com/openagentsinc/bahia/internal/repository/pg_sbom.go:127.2,128.29 2 0
github.com/openagentsinc/bahia/internal/repository/pg_sbom.go:132.124,133.16 1 0
github.com/openagentsinc/bahia/internal/repository/pg_sbom.go:133.16,135.3 1 0
github.com/openagentsinc/bahia/internal/repository/pg_sbom.go:136.2,139.16 2 0
github.com/openagentsinc/bahia/internal/repository/pg_sbom.go:139.16,141.3 1 0
github.com/openagentsinc/bahia/internal/repository/pg_sbom.go:142.2,143.29 2 0
github.com/openagentsinc/bahia/internal/repository/pg_sbom.go:146.80,156.16 6 0
github.com/openagentsinc/bahia/internal/repository/pg_sbom.go:156.16,157.27 1 0
github.com/openagentsinc/bahia/internal/repository/pg_sbom.go:157.27,159.4 1 0
github.com/openagentsinc/bahia/internal/repository/pg_sbom.go:160.3,160.51 1 0
github.com/openagentsinc/bahia/internal/repository/pg_sbom.go:162.2,163.22 2 0
github.com/openagentsinc/bahia/internal/repository/pg_sbom.go:163.22,165.3 1 0
github.com/openagentsinc/bahia/internal/repository/pg_sbom.go:166.2,166.20 1 0
github.com/openagentsinc/bahia/internal/repository/pg_sbom.go:166.20,168.3 1 0
github.com/openagentsinc/bahia/internal/repository/pg_sbom.go:169.2,169.73 1 0
github.com/openagentsinc/bahia/internal/repository/pg_sbom.go:169.73,171.3 1 0
github.com/openagentsinc/bahia/internal/repository/pg_sbom.go:172.2,172.16 1 0
github.com/openagentsinc/bahia/internal/repository/pg_sbom.go:175.86,177.18 2 0
github.com/openagentsinc/bahia/internal/repository/pg_sbom.go:177.18,181.17 4 0
github.com/openagentsinc/bahia/internal/repository/pg_sbom.go:181.17,183.4 1 0
github.com/openagentsinc/bahia/internal/repository/pg_sbom.go:184.3,184.23 1 0
github.com/openagentsinc/bahia/internal/repository/pg_sbom.go:184.23,186.4 1 0
github.com/openagentsinc/bahia/internal/repository/pg_sbom.go:187.3,187.21 1 0
github.com/openagentsinc/bahia/internal/repository/pg_sbom.go:187.21,189.4 1 0
github.com/openagentsinc/bahia/internal/repository/pg_sbom.go:190.3,190.18 1 0
github.com/openagentsinc/bahia/internal/repository/pg_sbom.go:190.18,192.4 1 0
github.com/openagentsinc/bahia/internal/repository/pg_sbom.go:193.3,193.17 1 0
github.com/openagentsinc/bahia/internal/repository/pg_sbom.go:193.17,195.4 1 0
github.com/openagentsinc/bahia/internal/repository/pg_sbom.go:196.3,196.25 1 0
github.com/openagentsinc/bahia/internal/repository/pg_sbom.go:198.2,198.25 1 0
github.com/openagentsinc/bahia/internal/repository/pg_secret.go:19.68,21.2 1 0
github.com/openagentsinc/bahia/internal/repository/pg_secret.go:23.68,25.2 1 0
github.com/openagentsinc/bahia/internal/repository/pg_secret.go:27.89,28.22 1 0
github.com/openagentsinc/bahia/internal/repository/pg_secret.go:28.22,30.3 1 0
github.com/openagentsinc/bahia/internal/repository/pg_secret.go:31.2,31.20 1 0
github.com/openagentsinc/bahia/internal/repository/pg_secret.go:31.20,33.3 1 0
github.com/openagentsinc/bahia/internal/repository/pg_secret.go:35.2,41.16 2 0
github.com/openagentsinc/bahia/internal/repository/pg_secret.go:41.16,43.3 1 0
github.com/openagentsinc/bahia/internal/repository/pg_secret.go:44.2,44.12 1 0
github.com/openagentsinc/bahia/internal/repository/pg_secret.go:47.104,56.16 4 0
github.com/openagentsinc/bahia/internal/repository/pg_secret.go:56.16,57.27 1 0
github.com/openagentsinc/bahia/internal/repository/pg_secret.go:57.27,59.4 1 0
github.com/openagentsinc/bahia/internal/repository/pg_secret.go:60.3,60.52 1 0
github.com/openagentsinc/bahia/internal/repository/pg_secret.go:62.2,63.15 2 0
github.com/openagentsinc/bahia/internal/repository/pg_secret.go:66.118,73.16 2 0
github.com/openagentsinc/bahia/internal/repository/pg_secret.go:73.16,75.3 1 0
github.com/openagentsinc/bahia/internal/repository/pg_secret.go:76.2,77.26 2 0
github.com/openagentsinc/bahia/internal/repository/pg_secret.go:80.131,88.16 2 0
github.com/openagentsinc/bahia/internal/repository/pg_secret.go:88.16,90.3 1 0
github.com/openagentsinc/bahia/internal/repository/pg_secret.go:91.2,92.26 2 0
github.com/openagentsinc/bahia/internal/repository/pg_secret.go:97.125,105.16 2 0
github.com/openagentsinc/bahia/internal/repository/pg_secret.go:105.16,107.3 1 0
github.com/openagentsinc/bahia/internal/repository/pg_secret.go:108.2,109.26 2 0
github.com/openagentsinc/bahia/internal/repository/pg_secret.go:112.89,118.16 2 0
github.com/openagentsinc/bahia/internal/repository/pg_secret.go:118.16,120.3 1 0
github.com/openagentsinc/bahia/internal/repository/pg_secret.go:121.2,121.12 1 0
github.com/openagentsinc/bahia/internal/repository/pg_secret.go:124.78,126.16 2 0
github.com/openagentsinc/bahia/internal/repository/pg_secret.go:126.16,128.3 1 0
github.com/openagentsinc/bahia/internal/repository/pg_secret.go:129.2,129.12 1 0
github.com/openagentsinc/bahia/internal/repository/pg_secret.go:132.122,134.18 2 0
github.com/openagentsinc/bahia/internal/repository/pg_secret.go:134.18,138.3 1 0
github.com/openagentsinc/bahia/internal/repository/pg_secret.go:138.8,142.3 1 0
github.com/openagentsinc/bahia/internal/repository/pg_secret.go:143.2,143.16 1 0
github.com/openagentsinc/bahia/internal/repository/pg_secret.go:143.16,145.3 1 0
github.com/openagentsinc/bahia/internal/repository/pg_secret.go:146.2,146.12 1 0
github.com/openagentsinc/bahia/internal/repository/pg_secret.go:149.65,151.18 2 0
github.com/openagentsinc/bahia/internal/repository/pg_secret.go:151.18,155.79 3 0
github.com/openagentsinc/bahia/internal/repository/pg_secret.go:155.79,157.4 1 0
github.com/openagentsinc/bahia/internal/repository/pg_secret.go:158.3,159.31 2 0
github.com/openagentsinc/bahia/internal/repository/pg_secret.go:161.2,161.28 1 0
github.com/openagentsinc/bahia/internal/repository/pg_service.go:20.70,22.2 1 0
github.com/openagentsinc/bahia/internal/repository/pg_service.go:24.70,26.2 1 0
github.com/openagentsinc/bahia/internal/repository/pg_service.go:28.86,29.24 1 0
github.com/openagentsinc/bahia/internal/repository/pg_service.go:29.24,31.3 1 0
github.com/openagentsinc/bahia/internal/repository/pg_service.go:32.2,37.16 5 0
github.com/openagentsinc/bahia/internal/repository/pg_service.go:37.16,39.3 1 0
github.com/openagentsinc/bahia/internal/repository/pg_service.go:40.2,41.16 2 0
github.com/openagentsinc/bahia/internal/repository/pg_service.go:41.16,43.3 1 0
github.com/openagentsinc/bahia/internal/repository/pg_service.go:45.2,49.16 2 0
github.com/openagentsinc/bahia/internal/repository/pg_service.go:49.16,51.3 1 0
github.com/openagentsinc/bahia/internal/repository/pg_service.go:52.2,52.12 1 0
github.com/openagentsinc/bahia/internal/repository/pg_service.go:55.81,58.205 3 0
github.com/openagentsinc/bahia/internal/repository/pg_service.go:58.205,60.3 1 0
github.com/openagentsinc/bahia/internal/repository/pg_service.go:61.2,61.85 1 0
github.com/openagentsinc/bahia/internal/repository/pg_service.go:61.85,63.3 1 0
github.com/openagentsinc/bahia/internal/repository/pg_service.go:64.2,64.103 1 0
github.com/openagentsinc/bahia/internal/repository/pg_service.go:64.103,66.3 1 0
github.com/openagentsinc/bahia/internal/repository/pg_service.go:67.2,67.17 1 0
github.com/openagentsinc/bahia/internal/repository/pg_service.go:70.99,76.16 3 0
github.com/openagentsinc/bahia/internal/repository/pg_service.go:76.16,77.27 1 0
github.com/openagentsinc/bahia/internal/repository/pg_service.go:77.27,79.4 1 0
github.com/openagentsinc/bahia/internal/repository/pg_service.go:80.3,80.60 1 0
github.com/openagentsinc/bahia/internal/repository/pg_service.go:82.2,82.17 1 0
github.com/openagentsinc/bahia/internal/repository/pg_service.go:85.100,91.16 3 0
github.com/openagentsinc/bahia/internal/repository/pg_service.go:91.16,92.27 1 0
github.com/openagentsinc/bahia/internal/repository/pg_service.go:92.27,94.4 1 0
github.com/openagentsinc/bahia/internal/repository/pg_service.go:95.3,95.62 1 0
github.com/openagentsinc/bahia/internal/repository/pg_service.go:97.2,97.17 1 0
github.com/openagentsinc/bahia/internal/repository/pg_service.go:100.83,105.16 2 0
github.com/openagentsinc/bahia/internal/repository/pg_service.go:105.16,107.3 1 0
github.com/openagentsinc/bahia/internal/repository/pg_service.go:108.2,111.18 3 0
github.com/openagentsinc/bahia/internal/repository/pg_service.go:111.18,113.17 2 0
github.com/openagentsinc/bahia/internal/repository/pg_service.go:113.17,115.4 1 0
github.com/openagentsinc/bahia/internal/repository/pg_service.go:116.3,116.36 1 0
github.com/openagentsinc/bahia/internal/repository/pg_service.go:118.2,118.29 1 0
github.com/openagentsinc/bahia/internal/repository/pg_service.go:121.105,126.16 2 0
github.com/openagentsinc/bahia/internal/repository/pg_service.go:126.16,128.3 1 0
github.com/openagentsinc/bahia/internal/repository/pg_service.go:129.2,132.18 3 0
github.com/openagentsinc/bahia/internal/repository/pg_service.go:132.18,134.17 2 0
github.com/openagentsinc/bahia/internal/repository/pg_service.go:134.17,136.4 1 0
github.com/openagentsinc/bahia/internal/repository/pg_service.go:137.3,137.36 1 0
github.com/openagentsinc/bahia/internal/repository/pg_service.go:139.2,139.29 1 0
github.com/openagentsinc/bahia/internal/repository/pg_service.go:142.86,145.16 3 0
github.com/openagentsinc/bahia/internal/repository/pg_service.go:145.16,147.3 1 0
github.com/openagentsinc/bahia/internal/repository/pg_service.go:148.2,149.16 2 0
github.com/openagentsinc/bahia/internal/repository/pg_service.go:149.16,151.3 1 0
github.com/openagentsinc/bahia/internal/repository/pg_service.go:153.2,157.16 2 0
github.com/openagentsinc/bahia/internal/repository/pg_service.go:157.16,159.3 1 0
github.com/openagentsinc/bahia/internal/repository/pg_service.go:160.2,160.29 1 0
github.com/openagentsinc/bahia/internal/repository/pg_service.go:160.29,162.3 1 0
github.com/openagentsinc/bahia/internal/repository/pg_service.go:163.2,163.12 1 0
github.com/openagentsinc/bahia/internal/repository/pg_service.go:167.126,169.16 2 0
github.com/openagentsinc/bahia/internal/repository/pg_service.go:169.16,171.3 1 0
github.com/openagentsinc/bahia/internal/repository/pg_service.go:172.2,173.16 2 0
github.com/openagentsinc/bahia/internal/repository/pg_service.go:173.16,175.3 1 0
github.com/openagentsinc/bahia/internal/repository/pg_service.go:176.2,177.16 2 0
github.com/openagentsinc/bahia/internal/repository/pg_service.go:177.16,179.3 1 0
github.com/openagentsinc/bahia/internal/repository/pg_service.go:180.2,180.40 1 0
github.com/openagentsinc/bahia/internal/repository/pg_service.go:183.79,185.16 2 0
github.com/openagentsinc/bahia/internal/repository/pg_service.go:185.16,187.3 1 0
github.com/openagentsinc/bahia/internal/repository/pg_service.go:188.2,188.29 1 0
github.com/openagentsinc/bahia/internal/repository/pg_service.go:188.29,190.3 1 0
github.com/openagentsinc/bahia/internal/repository/pg_service.go:191.2,191.12 1 0
github.com/openagentsinc/bahia/internal/repository/pg_signature.go:23.90,25.2 1 0
github.com/openagentsinc/bahia/internal/repository/pg_signature.go:28.106,29.24 1 0
github.com/openagentsinc/bahia/internal/repository/pg_signature.go:29.24,31.3 1 0
github.com/openagentsinc/bahia/internal/repository/pg_signature.go:32.2,36.16 4 0
github.com/openagentsinc/bahia/internal/repository/pg_signature.go:36.16,38.3 1 0
github.com/openagentsinc/bahia/internal/repository/pg_signature.go:40.2,49.16 2 0
github.com/openagentsinc/bahia/internal/repository/pg_signature.go:49.16,51.3 1 0
github.com/openagentsinc/bahia/internal/repository/pg_signature.go:52.2,52.12 1 0
github.com/openagentsinc/bahia/internal/repository/pg_signature.go:56.119,60.2 2 0
github.com/openagentsinc/bahia/internal/repository/pg_signature.go:63.135,67.16 2 0
github.com/openagentsinc/bahia/internal/repository/pg_signature.go:67.16,69.3 1 0
github.com/openagentsinc/bahia/internal/repository/pg_signature.go:70.2,71.25 2 0
github.com/openagentsinc/bahia/internal/repository/pg_signature.go:75.143,79.16 2 0
github.com/openagentsinc/bahia/internal/repository/pg_signature.go:79.16,81.3 1 0
github.com/openagentsinc/bahia/internal/repository/pg_signature.go:82.2,83.25 2 0
github.com/openagentsinc/bahia/internal/repository/pg_signature.go:87.119,92.16 3 0
github.com/openagentsinc/bahia/internal/repository/pg_signature.go:92.16,94.3 1 0
github.com/openagentsinc/bahia/internal/repository/pg_signature.go:95.2,95.20 1 0
github.com/openagentsinc/bahia/internal/repository/pg_signature.go:98.97,108.16 6 0
github.com/openagentsinc/bahia/internal/repository/pg_signature.go:108.16,109.27 1 0
github.com/openagentsinc/bahia/internal/repository/pg_signature.go:109.27,111.4 1 0
github.com/openagentsinc/bahia/internal/repository/pg_signature.go:112.3,112.56 1 0
github.com/openagentsinc/bahia/internal/repository/pg_signature.go:114.2,117.75 4 0
github.com/openagentsinc/bahia/internal/repository/pg_signature.go:117.75,119.3 1 0
github.com/openagentsinc/bahia/internal/repository/pg_signature.go:120.2,120.18 1 0
github.com/openagentsinc/bahia/internal/repository/pg_signature.go:123.101,125.18 2 0
github.com/openagentsinc/bahia/internal/repository/pg_signature.go:125.18,135.17 6 0
github.com/openagentsinc/bahia/internal/repository/pg_signature.go:135.17,137.4 1 0
github.com/openagentsinc/bahia/internal/repository/pg_signature.go:138.3,141.76 4 0
github.com/openagentsinc/bahia/internal/repository/pg_signature.go:141.76,143.4 1 0
github.com/openagentsinc/bahia/internal/repository/pg_signature.go:144.3,144.27 1 0
github.com/openagentsinc/bahia/internal/repository/pg_signature.go:146.2,146.25 1 0
github.com/openagentsinc/bahia/internal/repository/pg_state.go:19.102,21.2 1 0
github.com/openagentsinc/bahia/internal/repository/pg_state.go:23.102,25.2 1 0
github.com/openagentsinc/bahia/internal/repository/pg_state.go:29.120,45.16 3 0
github.com/openagentsinc/bahia/internal/repository/pg_state.go:45.16,47.3 1 0
github.com/openagentsinc/bahia/internal/repository/pg_state.go:48.2,48.12 1 0
github.com/openagentsinc/bahia/internal/repository/pg_state.go:51.111,55.16 3 0
github.com/openagentsinc/bahia/internal/repository/pg_state.go:55.16,57.3 1 0
github.com/openagentsinc/bahia/internal/repository/pg_state.go:58.2,58.15 1 0
github.com/openagentsinc/bahia/internal/repository/pg_state.go:61.141,64.16 3 0
github.com/openagentsinc/bahia/internal/repository/pg_state.go:64.16,65.27 1 0
github.com/openagentsinc/bahia/internal/repository/pg_state.go:65.27,67.4 1 0
github.com/openagentsinc/bahia/internal/repository/pg_state.go:68.3,68.72 1 0
github.com/openagentsinc/bahia/internal/repository/pg_state.go:70.2,70.15 1 0
github.com/openagentsinc/bahia/internal/repository/pg_state.go:73.149,75.16 2 0
github.com/openagentsinc/bahia/internal/repository/pg_state.go:75.16,77.3 1 0
github.com/openagentsinc/bahia/internal/repository/pg_state.go:78.2,81.18 3 0
github.com/openagentsinc/bahia/internal/repository/pg_state.go:81.18,84.116 2 0
github.com/openagentsinc/bahia/internal/repository/pg_state.go:84.116,86.4 1 0
github.com/openagentsinc/bahia/internal/repository/pg_state.go:87.3,87.29 1 0
github.com/openagentsinc/bahia/internal/repository/pg_state.go:89.2,89.27 1 0
github.com/openagentsinc/bahia/internal/repository/pg_state.go:92.145,94.2 1 0
github.com/openagentsinc/bahia/internal/repository/pg_state.go:96.145,98.2 1 0
github.com/openagentsinc/bahia/internal/repository/pg_state.go:100.122,102.2 1 0
github.com/openagentsinc/bahia/internal/repository/pg_state.go:104.118,106.2 1 0
github.com/openagentsinc/bahia/internal/repository/pg_tenant.go:58.80,60.2 1 0
github.com/openagentsinc/bahia/internal/repository/pg_tenant.go:62.79,64.2 1 1
github.com/openagentsinc/bahia/internal/repository/pg_tenant.go:66.50,68.2 1 1
github.com/openagentsinc/bahia/internal/repository/pg_tenant.go:70.96,71.24 1 1
github.com/openagentsinc/bahia/internal/repository/pg_tenant.go:71.24,73.3 1 0
github.com/openagentsinc/bahia/internal/repository/pg_tenant.go:74.2,84.12 6 1
github.com/openagentsinc/bahia/internal/repository/pg_tenant.go:87.109,95.35 4 0
github.com/openagentsinc/bahia/internal/repository/pg_tenant.go:95.35,97.3 1 0
github.com/openagentsinc/bahia/internal/repository/pg_tenant.go:98.2,98.16 1 0
github.com/openagentsinc/bahia/internal/repository/pg_tenant.go:98.16,100.3 1 0
github.com/openagentsinc/bahia/internal/repository/pg_tenant.go:101.2,101.18 1 0
github.com/openagentsinc/bahia/internal/repository/pg_tenant.go:104.110,112.35 4 0
github.com/openagentsinc/bahia/internal/repository/pg_tenant.go:112.35,114.3 1 0
github.com/openagentsinc/bahia/internal/repository/pg_tenant.go:115.2,115.16 1 0
github.com/openagentsinc/bahia/internal/repository/pg_tenant.go:115.16,117.3 1 0
github.com/openagentsinc/bahia/internal/repository/pg_tenant.go:118.2,118.18 1 0
github.com/openagentsinc/bahia/internal/repository/pg_tenant.go:121.93,126.16 2 0
github.com/openagentsinc/bahia/internal/repository/pg_tenant.go:126.16,128.3 1 0
github.com/openagentsinc/bahia/internal/repository/pg_tenant.go:129.2,132.18 3 0
github.com/openagentsinc/bahia/internal/repository/pg_tenant.go:132.18,134.123 2 0
github.com/openagentsinc/bahia/internal/repository/pg_tenant.go:134.123,136.4 1 0
github.com/openagentsinc/bahia/internal/repository/pg_tenant.go:137.3,137.27 1 0
github.com/openagentsinc/bahia/internal/repository/pg_tenant.go:139.2,139.25 1 0
github.com/openagentsinc/bahia/internal/repository/pg_tenant.go:142.96,149.16 4 0
github.com/openagentsinc/bahia/internal/repository/pg_tenant.go:149.16,151.3 1 0
github.com/openagentsinc/bahia/internal/repository/pg_tenant.go:152.2,152.29 1 0
github.com/openagentsinc/bahia/internal/repository/pg_tenant.go:152.29,154.3 1 0
github.com/openagentsinc/bahia/internal/repository/pg_tenant.go:155.2,155.12 1 0
github.com/openagentsinc/bahia/internal/repository/pg_tenant.go:158.84,160.16 2 0
github.com/openagentsinc/bahia/internal/repository/pg_tenant.go:160.16,162.3 1 0
github.com/openagentsinc/bahia/internal/repository/pg_tenant.go:163.2,163.29 1 0
github.com/openagentsinc/bahia/internal/repository/pg_tenant.go:163.29,165.3 1 0
github.com/openagentsinc/bahia/internal/repository/pg_tenant.go:166.2,166.12 1 0
github.com/openagentsinc/bahia/internal/repository/pg_tenant.go:175.74,177.2 1 0
github.com/openagentsinc/bahia/internal/repository/pg_tenant.go:179.73,181.2 1 1
github.com/openagentsinc/bahia/internal/repository/pg_tenant.go:183.90,195.2 6 1
github.com/openagentsinc/bahia/internal/repository/pg_tenant.go:197.123,205.35 4 0
github.com/openagentsinc/bahia/internal/repository/pg_tenant.go:205.35,207.3 1 0
github.com/openagentsinc/bahia/internal/repository/pg_tenant.go:208.2,208.16 1 0
github.com/openagentsinc/bahia/internal/repository/pg_tenant.go:208.16,210.3 1 0
github.com/openagentsinc/bahia/internal/repository/pg_tenant.go:211.2,211.16 1 0
github.com/openagentsinc/bahia/internal/repository/pg_tenant.go:214.109,219.16 2 0
github.com/openagentsinc/bahia/internal/repository/pg_tenant.go:219.16,221.3 1 0
github.com/openagentsinc/bahia/internal/repository/pg_tenant.go:222.2,225.18 3 0
github.com/openagentsinc/bahia/internal/repository/pg_tenant.go:225.18,227.102 2 0
github.com/openagentsinc/bahia/internal/repository/pg_tenant.go:227.102,229.4 1 0
github.com/openagentsinc/bahia/internal/repository/pg_tenant.go:230.3,230.31 1 0
github.com/openagentsinc/bahia/internal/repository/pg_tenant.go:232.2,232.28 1 0
github.com/openagentsinc/bahia/internal/repository/pg_tenant.go:235.110,240.16 2 0
github.com/openagentsinc/bahia/internal/repository/pg_tenant.go:240.16,242.3 1 0
github.com/openagentsinc/bahia/internal/repository/pg_tenant.go:243.2,246.18 3 0
github.com/openagentsinc/bahia/internal/repository/pg_tenant.go:246.18,248.102 2 0
github.com/openagentsinc/bahia/internal/repository/pg_tenant.go:248.102,250.4 1 0
github.com/openagentsinc/bahia/internal/repository/pg_tenant.go:251.3,251.31 1 0
github.com/openagentsinc/bahia/internal/repository/pg_tenant.go:253.2,253.28 1 0
github.com/openagentsinc/bahia/internal/repository/pg_tenant.go:256.121,262.16 3 1
github.com/openagentsinc/bahia/internal/repository/pg_tenant.go:262.16,264.3 1 0
github.com/openagentsinc/bahia/internal/repository/pg_tenant.go:265.2,265.29 1 1
github.com/openagentsinc/bahia/internal/repository/pg_tenant.go:265.29,267.3 1 0
github.com/openagentsinc/bahia/internal/repository/pg_tenant.go:268.2,268.12 1 1
github.com/openagentsinc/bahia/internal/repository/pg_tenant.go:271.99,274.16 3 0
github.com/openagentsinc/bahia/internal/repository/pg_tenant.go:274.16,276.3 1 0
github.com/openagentsinc/bahia/internal/repository/pg_tenant.go:277.2,277.29 1 0
github.com/openagentsinc/bahia/internal/repository/pg_tenant.go:277.29,279.3 1 0
github.com/openagentsinc/bahia/internal/repository/pg_tenant.go:280.2,280.12 1 0
github.com/openagentsinc/bahia/internal/repository/pg_tenant.go:289.74,291.2 1 0
github.com/openagentsinc/bahia/internal/repository/pg_tenant.go:293.73,295.2 1 1
github.com/openagentsinc/bahia/internal/repository/pg_tenant.go:297.93,298.27 1 1
github.com/openagentsinc/bahia/internal/repository/pg_tenant.go:298.27,300.3 1 0
github.com/openagentsinc/bahia/internal/repository/pg_tenant.go:301.2,309.12 5 1
github.com/openagentsinc/bahia/internal/repository/pg_tenant.go:312.103,320.35 4 0
github.com/openagentsinc/bahia/internal/repository/pg_tenant.go:320.35,322.3 1 0
github.com/openagentsinc/bahia/internal/repository/pg_tenant.go:323.2,323.16 1 0
github.com/openagentsinc/bahia/internal/repository/pg_tenant.go:323.16,325.3 1 0
github.com/openagentsinc/bahia/internal/repository/pg_tenant.go:326.2,326.18 1 0
github.com/openagentsinc/bahia/internal/repository/pg_tenant.go:329.109,334.16 2 0
github.com/openagentsinc/bahia/internal/repository/pg_tenant.go:334.16,336.3 1 0
github.com/openagentsinc/bahia/internal/repository/pg_tenant.go:337.2,340.18 3 0
github.com/openagentsinc/bahia/internal/repository/pg_tenant.go:340.18,342.128 2 0
github.com/openagentsinc/bahia/internal/repository/pg_tenant.go:342.128,344.4 1 0
github.com/openagentsinc/bahia/internal/repository/pg_tenant.go:345.3,345.33 1 0
github.com/openagentsinc/bahia/internal/repository/pg_tenant.go:347.2,347.28 1 0
github.com/openagentsinc/bahia/internal/repository/pg_tenant.go:350.110,355.16 2 0
github.com/openagentsinc/bahia/internal/repository/pg_tenant.go:355.16,357.3 1 0
github.com/openagentsinc/bahia/internal/repository/pg_tenant.go:358.2,361.18 3 0
github.com/openagentsinc/bahia/internal/repository/pg_tenant.go:361.18,363.128 2 0
github.com/openagentsinc/bahia/internal/repository/pg_tenant.go:363.128,365.4 1 0
github.com/openagentsinc/bahia/internal/repository/pg_tenant.go:366.3,366.33 1 0
github.com/openagentsinc/bahia/internal/repository/pg_tenant.go:368.2,368.28 1 0
github.com/openagentsinc/bahia/internal/repository/pg_tenant.go:371.81,373.16 2 0
github.com/openagentsinc/bahia/internal/repository/pg_tenant.go:373.16,375.3 1 0
github.com/openagentsinc/bahia/internal/repository/pg_tenant.go:376.2,376.29 1 0
github.com/openagentsinc/bahia/internal/repository/pg_tenant.go:376.29,378.3 1 0
github.com/openagentsinc/bahia/internal/repository/pg_tenant.go:379.2,379.12 1 0
github.com/openagentsinc/bahia/internal/repository/pg_tenant.go:382.81,384.16 2 0
github.com/openagentsinc/bahia/internal/repository/pg_tenant.go:384.16,386.3 1 0
github.com/openagentsinc/bahia/internal/repository/pg_tenant.go:387.2,387.37 1 0
github.com/openagentsinc/bahia/internal/repository/pg_tool_provisioning.go:20.88,22.2 1 0
github.com/openagentsinc/bahia/internal/repository/pg_tool_provisioning.go:24.88,26.2 1 0
github.com/openagentsinc/bahia/internal/repository/pg_tool_provisioning.go:33.116,34.27 1 0
github.com/openagentsinc/bahia/internal/repository/pg_tool_provisioning.go:34.27,36.3 1 0
github.com/openagentsinc/bahia/internal/repository/pg_tool_provisioning.go:37.2,37.31 1 0
github.com/openagentsinc/bahia/internal/repository/pg_tool_provisioning.go:37.31,39.3 1 0
github.com/openagentsinc/bahia/internal/repository/pg_tool_provisioning.go:40.2,41.16 2 0
github.com/openagentsinc/bahia/internal/repository/pg_tool_provisioning.go:41.16,43.3 1 0
github.com/openagentsinc/bahia/internal/repository/pg_tool_provisioning.go:44.2,45.16 2 0
github.com/openagentsinc/bahia/internal/repository/pg_tool_provisioning.go:45.16,47.3 1 0
github.com/openagentsinc/bahia/internal/repository/pg_tool_provisioning.go:48.2,49.16 2 0
github.com/openagentsinc/bahia/internal/repository/pg_tool_provisioning.go:49.16,51.3 1 0
github.com/openagentsinc/bahia/internal/repository/pg_tool_provisioning.go:52.2,53.16 2 0
github.com/openagentsinc/bahia/internal/repository/pg_tool_provisioning.go:53.16,55.3 1 0
github.com/openagentsinc/bahia/internal/repository/pg_tool_provisioning.go:56.2,62.16 2 0
github.com/openagentsinc/bahia/internal/repository/pg_tool_provisioning.go:62.16,64.3 1 0
github.com/openagentsinc/bahia/internal/repository/pg_tool_provisioning.go:65.2,65.12 1 0
github.com/openagentsinc/bahia/internal/repository/pg_tool_provisioning.go:68.101,73.101 3 0
github.com/openagentsinc/bahia/internal/repository/pg_tool_provisioning.go:73.101,75.3 1 0
github.com/openagentsinc/bahia/internal/repository/pg_tool_provisioning.go:76.2,76.111 1 0
github.com/openagentsinc/bahia/internal/repository/pg_tool_provisioning.go:76.111,78.3 1 0
github.com/openagentsinc/bahia/internal/repository/pg_tool_provisioning.go:79.2,79.108 1 0
github.com/openagentsinc/bahia/internal/repository/pg_tool_provisioning.go:79.108,81.3 1 0
github.com/openagentsinc/bahia/internal/repository/pg_tool_provisioning.go:82.2,82.117 1 0
github.com/openagentsinc/bahia/internal/repository/pg_tool_provisioning.go:82.117,84.3 1 0
github.com/openagentsinc/bahia/internal/repository/pg_tool_provisioning.go:85.2,85.105 1 0
github.com/openagentsinc/bahia/internal/repository/pg_tool_provisioning.go:85.105,87.3 1 0
github.com/openagentsinc/bahia/internal/repository/pg_tool_provisioning.go:88.2,88.20 1 0
github.com/openagentsinc/bahia/internal/repository/pg_tool_provisioning.go:91.122,93.16 2 0
github.com/openagentsinc/bahia/internal/repository/pg_tool_provisioning.go:93.16,94.27 1 0
github.com/openagentsinc/bahia/internal/repository/pg_tool_provisioning.go:94.27,96.4 1 0
github.com/openagentsinc/bahia/internal/repository/pg_tool_provisioning.go:97.3,97.74 1 0
github.com/openagentsinc/bahia/internal/repository/pg_tool_provisioning.go:99.2,99.20 1 0
github.com/openagentsinc/bahia/internal/repository/pg_tool_provisioning.go:102.116,104.16 2 0
github.com/openagentsinc/bahia/internal/repository/pg_tool_provisioning.go:104.16,106.3 1 0
github.com/openagentsinc/bahia/internal/repository/pg_tool_provisioning.go:107.2,108.16 2 0
github.com/openagentsinc/bahia/internal/repository/pg_tool_provisioning.go:108.16,110.3 1 0
github.com/openagentsinc/bahia/internal/repository/pg_tool_provisioning.go:111.2,112.16 2 0
github.com/openagentsinc/bahia/internal/repository/pg_tool_provisioning.go:112.16,114.3 1 0
github.com/openagentsinc/bahia/internal/repository/pg_tool_provisioning.go:115.2,116.16 2 0
github.com/openagentsinc/bahia/internal/repository/pg_tool_provisioning.go:116.16,118.3 1 0
github.com/openagentsinc/bahia/internal/repository/pg_tool_provisioning.go:119.2,139.16 2 0
github.com/openagentsinc/bahia/internal/repository/pg_tool_provisioning.go:139.16,141.3 1 0
github.com/openagentsinc/bahia/internal/repository/pg_tool_provisioning.go:142.2,142.29 1 0
github.com/openagentsinc/bahia/internal/repository/pg_tool_provisioning.go:142.29,144.3 1 0
github.com/openagentsinc/bahia/internal/repository/pg_tool_provisioning.go:145.2,145.12 1 0
github.com/openagentsinc/bahia/internal/repository/pg_tool_provisioning.go:148.126,150.2 1 0
github.com/openagentsinc/bahia/internal/repository/pg_tool_provisioning.go:152.159,153.24 1 0
github.com/openagentsinc/bahia/internal/repository/pg_tool_provisioning.go:153.24,155.3 1 0
github.com/openagentsinc/bahia/internal/repository/pg_tool_provisioning.go:156.2,158.34 3 0
github.com/openagentsinc/bahia/internal/repository/pg_tool_provisioning.go:158.34,161.3 2 0
github.com/openagentsinc/bahia/internal/repository/pg_tool_provisioning.go:162.2,169.16 3 0
github.com/openagentsinc/bahia/internal/repository/pg_tool_provisioning.go:169.16,171.3 1 0
github.com/openagentsinc/bahia/internal/repository/pg_tool_provisioning.go:172.2,175.18 3 0
github.com/openagentsinc/bahia/internal/repository/pg_tool_provisioning.go:175.18,177.17 2 0
github.com/openagentsinc/bahia/internal/repository/pg_tool_provisioning.go:177.17,179.4 1 0
github.com/openagentsinc/bahia/internal/repository/pg_tool_provisioning.go:180.3,180.37 1 0
github.com/openagentsinc/bahia/internal/repository/pg_tool_provisioning.go:182.2,182.28 1 0
github.com/openagentsinc/bahia/internal/repository/pg_tool_provisioning.go:185.107,186.24 1 0
github.com/openagentsinc/bahia/internal/repository/pg_tool_provisioning.go:186.24,188.3 1 0
github.com/openagentsinc/bahia/internal/repository/pg_tool_provisioning.go:189.2,194.16 2 0
github.com/openagentsinc/bahia/internal/repository/pg_tool_provisioning.go:194.16,196.3 1 0
github.com/openagentsinc/bahia/internal/repository/pg_tool_provisioning.go:197.2,197.12 1 0
github.com/openagentsinc/bahia/internal/repository/pg_tool_provisioning.go:200.95,203.99 2 0
github.com/openagentsinc/bahia/internal/repository/pg_tool_provisioning.go:203.99,205.3 1 0
github.com/openagentsinc/bahia/internal/repository/pg_tool_provisioning.go:206.2,206.17 1 0
github.com/openagentsinc/bahia/internal/repository/pg_tool_provisioning.go:209.116,211.16 2 0
github.com/openagentsinc/bahia/internal/repository/pg_tool_provisioning.go:211.16,212.27 1 0
github.com/openagentsinc/bahia/internal/repository/pg_tool_provisioning.go:212.27,214.4 1 0
github.com/openagentsinc/bahia/internal/repository/pg_tool_provisioning.go:215.3,215.71 1 0
github.com/openagentsinc/bahia/internal/repository/pg_tool_provisioning.go:217.2,217.17 1 0
github.com/openagentsinc/bahia/internal/repository/pg_tool_provisioning.go:220.107,235.16 2 0
github.com/openagentsinc/bahia/internal/repository/pg_tool_provisioning.go:235.16,237.3 1 0
github.com/openagentsinc/bahia/internal/repository/pg_tool_provisioning.go:238.2,238.29 1 0
github.com/openagentsinc/bahia/internal/repository/pg_tool_provisioning.go:238.29,240.3 1 0
github.com/openagentsinc/bahia/internal/repository/pg_tool_provisioning.go:241.2,241.12 1 0
github.com/openagentsinc/bahia/internal/repository/pg_tool_provisioning.go:244.139,249.16 2 0
github.com/openagentsinc/bahia/internal/repository/pg_tool_provisioning.go:249.16,250.27 1 0
github.com/openagentsinc/bahia/internal/repository/pg_tool_provisioning.go:250.27,252.4 1 0
github.com/openagentsinc/bahia/internal/repository/pg_tool_provisioning.go:253.3,253.65 1 0
github.com/openagentsinc/bahia/internal/repository/pg_tool_provisioning.go:255.2,255.19 1 0
github.com/openagentsinc/bahia/internal/repository/pg_tool_provisioning.go:258.104,262.77 3 0
github.com/openagentsinc/bahia/internal/repository/pg_tool_provisioning.go:262.77,264.3 1 0
github.com/openagentsinc/bahia/internal/repository/pg_tool_provisioning.go:265.2,265.108 1 0
github.com/openagentsinc/bahia/internal/repository/pg_tool_provisioning.go:265.108,267.3 1 0
github.com/openagentsinc/bahia/internal/repository/pg_tool_provisioning.go:268.2,268.19 1 0
github.com/openagentsinc/bahia/internal/repository/pg_tool_provisioning.go:271.118,274.16 3 0
github.com/openagentsinc/bahia/internal/repository/pg_tool_provisioning.go:274.16,276.3 1 0
github.com/openagentsinc/bahia/internal/repository/pg_tool_provisioning.go:277.2,288.16 2 0
github.com/openagentsinc/bahia/internal/repository/pg_tool_provisioning.go:288.16,290.3 1 0
github.com/openagentsinc/bahia/internal/repository/pg_tool_provisioning.go:291.2,291.12 1 0
github.com/openagentsinc/bahia/internal/repository/pg_tool_provisioning.go:294.114,295.30 1 0
github.com/openagentsinc/bahia/internal/repository/pg_tool_provisioning.go:295.30,297.3 1 0
github.com/openagentsinc/bahia/internal/repository/pg_tool_provisioning.go:298.2,307.16 2 0
github.com/openagentsinc/bahia/internal/repository/pg_tool_provisioning.go:307.16,309.3 1 0
github.com/openagentsinc/bahia/internal/repository/pg_tool_provisioning.go:310.2,310.12 1 0
github.com/openagentsinc/bahia/internal/repository/pg_tool_provisioning.go:313.115,315.16 2 0
github.com/openagentsinc/bahia/internal/repository/pg_tool_provisioning.go:315.16,317.3 1 0
github.com/openagentsinc/bahia/internal/repository/pg_tool_provisioning.go:318.2,318.12 1 0
github.com/openagentsinc/bahia/internal/repository/pg_tool_provisioning.go:321.117,328.16 3 0
github.com/openagentsinc/bahia/internal/repository/pg_tool_provisioning.go:328.16,330.3 1 0
github.com/openagentsinc/bahia/internal/repository/pg_tool_provisioning.go:331.2,331.20 1 0
github.com/openagentsinc/bahia/internal/repository/pg_tool_provisioning.go:334.110,336.16 2 0
github.com/openagentsinc/bahia/internal/repository/pg_tool_provisioning.go:336.16,338.3 1 0
github.com/openagentsinc/bahia/internal/repository/pg_tool_provisioning.go:339.2,342.18 3 0
github.com/openagentsinc/bahia/internal/repository/pg_tool_provisioning.go:342.18,344.137 2 0
github.com/openagentsinc/bahia/internal/repository/pg_tool_provisioning.go:344.137,346.4 1 0
github.com/openagentsinc/bahia/internal/repository/pg_tool_provisioning.go:347.3,347.35 1 0
github.com/openagentsinc/bahia/internal/repository/pg_tool_provisioning.go:349.2,349.28 1 0
github.com/openagentsinc/bahia/internal/repository/pg_tool_provisioning.go:352.135,357.16 2 0
github.com/openagentsinc/bahia/internal/repository/pg_tool_provisioning.go:357.16,359.3 1 0
github.com/openagentsinc/bahia/internal/repository/pg_tool_provisioning.go:360.2,360.12 1 0
github.com/openagentsinc/bahia/internal/repository/pg_worker.go:32.68,34.2 1 0
github.com/openagentsinc/bahia/internal/repository/pg_worker.go:37.82,39.16 2 0
github.com/openagentsinc/bahia/internal/repository/pg_worker.go:39.16,41.3 1 0
github.com/openagentsinc/bahia/internal/repository/pg_worker.go:42.2,43.16 2 0
github.com/openagentsinc/bahia/internal/repository/pg_worker.go:43.16,45.3 1 0
github.com/openagentsinc/bahia/internal/repository/pg_worker.go:46.2,47.16 2 0
github.com/openagentsinc/bahia/internal/repository/pg_worker.go:47.16,49.3 1 0
github.com/openagentsinc/bahia/internal/repository/pg_worker.go:50.2,51.16 2 0
github.com/openagentsinc/bahia/internal/repository/pg_worker.go:51.16,53.3 1 0
github.com/openagentsinc/bahia/internal/repository/pg_worker.go:54.2,55.16 2 0
github.com/openagentsinc/bahia/internal/repository/pg_worker.go:55.16,57.3 1 0
github.com/openagentsinc/bahia/internal/repository/pg_worker.go:58.2,59.16 2 0
github.com/openagentsinc/bahia/internal/repository/pg_worker.go:59.16,61.3 1 0
github.com/openagentsinc/bahia/internal/repository/pg_worker.go:63.2,92.16 2 0
github.com/openagentsinc/bahia/internal/repository/pg_worker.go:92.16,94.3 1 0
github.com/openagentsinc/bahia/internal/repository/pg_worker.go:95.2,95.12 1 0
github.com/openagentsinc/bahia/internal/repository/pg_worker.go:99.102,105.20 3 1
github.com/openagentsinc/bahia/internal/repository/pg_worker.go:105.20,106.31 1 0
github.com/openagentsinc/bahia/internal/repository/pg_worker.go:106.31,108.4 1 0
github.com/openagentsinc/bahia/internal/repository/pg_worker.go:109.3,109.57 1 0
github.com/openagentsinc/bahia/internal/repository/pg_worker.go:111.2,111.15 1 1
github.com/openagentsinc/bahia/internal/repository/pg_worker.go:115.107,116.16 1 0
github.com/openagentsinc/bahia/internal/repository/pg_worker.go:116.16,118.3 1 0
github.com/openagentsinc/bahia/internal/repository/pg_worker.go:120.2,122.18 3 0
github.com/openagentsinc/bahia/internal/repository/pg_worker.go:122.18,128.3 1 0
github.com/openagentsinc/bahia/internal/repository/pg_worker.go:128.8,134.3 1 0
github.com/openagentsinc/bahia/internal/repository/pg_worker.go:135.2,135.16 1 0
github.com/openagentsinc/bahia/internal/repository/pg_worker.go:135.16,137.3 1 0
github.com/openagentsinc/bahia/internal/repository/pg_worker.go:138.2,141.18 3 0
github.com/openagentsinc/bahia/internal/repository/pg_worker.go:141.18,143.17 2 0
github.com/openagentsinc/bahia/internal/repository/pg_worker.go:143.17,145.4 1 0
github.com/openagentsinc/bahia/internal/repository/pg_worker.go:146.3,146.32 1 0
github.com/openagentsinc/bahia/internal/repository/pg_worker.go:148.2,148.28 1 0
github.com/openagentsinc/bahia/internal/repository/pg_worker.go:151.54,159.16 3 1
github.com/openagentsinc/bahia/internal/repository/pg_worker.go:159.16,161.3 1 0
github.com/openagentsinc/bahia/internal/repository/pg_worker.go:162.2,162.84 1 1
github.com/openagentsinc/bahia/internal/repository/pg_worker.go:162.84,164.3 1 0
github.com/openagentsinc/bahia/internal/repository/pg_worker.go:165.2,165.81 1 1
github.com/openagentsinc/bahia/internal/repository/pg_worker.go:165.81,167.3 1 0
github.com/openagentsinc/bahia/internal/repository/pg_worker.go:168.2,168.87 1 1
github.com/openagentsinc/bahia/internal/repository/pg_worker.go:168.87,170.3 1 0
github.com/openagentsinc/bahia/internal/repository/pg_worker.go:171.2,171.85 1 1
github.com/openagentsinc/bahia/internal/repository/pg_worker.go:171.85,173.3 1 1
github.com/openagentsinc/bahia/internal/repository/pg_worker.go:174.2,174.96 1 1
github.com/openagentsinc/bahia/internal/repository/pg_worker.go:174.96,176.3 1 0
github.com/openagentsinc/bahia/internal/repository/pg_worker.go:177.2,177.100 1 1
github.com/openagentsinc/bahia/internal/repository/pg_worker.go:177.100,179.3 1 0
github.com/openagentsinc/bahia/internal/repository/pg_worker.go:180.2,180.97 1 1
github.com/openagentsinc/bahia/internal/repository/pg_worker.go:180.97,182.3 1 1
github.com/openagentsinc/bahia/internal/repository/pg_worker.go:183.2,183.97 1 1
github.com/openagentsinc/bahia/internal/repository/pg_worker.go:183.97,185.3 1 0
github.com/openagentsinc/bahia/internal/repository/pg_worker.go:186.2,186.15 1 1
github.com/openagentsinc/bahia/internal/repository/pg_worker.go:190.113,192.16 2 0
github.com/openagentsinc/bahia/internal/repository/pg_worker.go:192.16,194.3 1 0
github.com/openagentsinc/bahia/internal/repository/pg_worker.go:195.2,195.12 1 0
github.com/openagentsinc/bahia/internal/repository/tx.go:40.56,42.2 1 0
github.com/openagentsinc/bahia/internal/repository/tx.go:45.90,46.31 1 0
github.com/openagentsinc/bahia/internal/repository/tx.go:46.31,48.3 1 0
github.com/openagentsinc/bahia/internal/repository/tx.go:49.2,50.16 2 0
github.com/openagentsinc/bahia/internal/repository/tx.go:50.16,52.3 1 0
github.com/openagentsinc/bahia/internal/repository/tx.go:53.2,54.15 2 0
github.com/openagentsinc/bahia/internal/repository/tx.go:54.15,55.17 1 0
github.com/openagentsinc/bahia/internal/repository/tx.go:55.17,57.4 1 0
github.com/openagentsinc/bahia/internal/repository/tx.go:60.2,69.34 2 0
github.com/openagentsinc/bahia/internal/repository/tx.go:69.34,71.3 1 0
github.com/openagentsinc/bahia/internal/repository/tx.go:72.2,72.39 1 0
github.com/openagentsinc/bahia/internal/repository/tx.go:72.39,74.3 1 0
github.com/openagentsinc/bahia/internal/repository/tx.go:75.2,76.12 2 0
github.com/openagentsinc/bahia/internal/mcp/server.go:88.79,90.2 1 1
github.com/openagentsinc/bahia/internal/mcp/server.go:94.158,99.2 1 0
github.com/openagentsinc/bahia/internal/mcp/server.go:103.107,122.2 1 1
github.com/openagentsinc/bahia/internal/mcp/server.go:146.36,1645.2 1 1
github.com/openagentsinc/bahia/internal/mcp/server.go:1648.116,1651.14 2 1
github.com/openagentsinc/bahia/internal/mcp/server.go:1653.29,1654.46 1 1
github.com/openagentsinc/bahia/internal/mcp/server.go:1655.27,1656.44 1 1
github.com/openagentsinc/bahia/internal/mcp/server.go:1657.30,1658.47 1 1
github.com/openagentsinc/bahia/internal/mcp/server.go:1659.30,1660.47 1 1
github.com/openagentsinc/bahia/internal/mcp/server.go:1662.33,1663.50 1 1
github.com/openagentsinc/bahia/internal/mcp/server.go:1664.31,1665.48 1 1
github.com/openagentsinc/bahia/internal/mcp/server.go:1666.34,1667.51 1 1
github.com/openagentsinc/bahia/internal/mcp/server.go:1668.34,1669.51 1 1
github.com/openagentsinc/bahia/internal/mcp/server.go:1671.22,1672.40 1 1
github.com/openagentsinc/bahia/internal/mcp/server.go:1673.24,1674.42 1 1
github.com/openagentsinc/bahia/internal/mcp/server.go:1675.37,1676.53 1 1
github.com/openagentsinc/bahia/internal/mcp/server.go:1677.34,1678.51 1 1
github.com/openagentsinc/bahia/internal/mcp/server.go:1679.33,1680.50 1 1
github.com/openagentsinc/bahia/internal/mcp/server.go:1682.32,1683.48 1 1
github.com/openagentsinc/bahia/internal/mcp/server.go:1684.32,1685.48 1 1
github.com/openagentsinc/bahia/internal/mcp/server.go:1686.36,1687.52 1 1
github.com/openagentsinc/bahia/internal/mcp/server.go:1688.31,1689.47 1 0
github.com/openagentsinc/bahia/internal/mcp/server.go:1690.33,1691.49 1 0
github.com/openagentsinc/bahia/internal/mcp/server.go:1693.26,1694.43 1 1
github.com/openagentsinc/bahia/internal/mcp/server.go:1695.38,1696.54 1 1
github.com/openagentsinc/bahia/internal/mcp/server.go:1697.37,1698.53 1 1
github.com/openagentsinc/bahia/internal/mcp/server.go:1699.28,1700.45 1 1
github.com/openagentsinc/bahia/internal/mcp/server.go:1701.30,1702.47 1 1
github.com/openagentsinc/bahia/internal/mcp/server.go:1703.34,1704.51 1 1
github.com/openagentsinc/bahia/internal/mcp/server.go:1706.30,1707.47 1 0
github.com/openagentsinc/bahia/internal/mcp/server.go:1708.28,1709.45 1 0
github.com/openagentsinc/bahia/internal/mcp/server.go:1710.33,1711.50 1 1
github.com/openagentsinc/bahia/internal/mcp/server.go:1713.31,1714.48 1 1
github.com/openagentsinc/bahia/internal/mcp/server.go:1715.40,1716.56 1 1
github.com/openagentsinc/bahia/internal/mcp/server.go:1717.38,1718.54 1 1
github.com/openagentsinc/bahia/internal/mcp/server.go:1719.29,1720.46 1 1
github.com/openagentsinc/bahia/internal/mcp/server.go:1721.33,1722.50 1 1
github.com/openagentsinc/bahia/internal/mcp/server.go:1724.24,1725.41 1 1
github.com/openagentsinc/bahia/internal/mcp/server.go:1726.33,1727.49 1 1
github.com/openagentsinc/bahia/internal/mcp/server.go:1728.36,1729.52 1 1
github.com/openagentsinc/bahia/internal/mcp/server.go:1730.27,1731.44 1 1
github.com/openagentsinc/bahia/internal/mcp/server.go:1733.27,1734.44 1 0
github.com/openagentsinc/bahia/internal/mcp/server.go:1735.25,1736.42 1 0
github.com/openagentsinc/bahia/internal/mcp/server.go:1737.30,1738.47 1 1
github.com/openagentsinc/bahia/internal/mcp/server.go:1739.35,1740.51 1 1
github.com/openagentsinc/bahia/internal/mcp/server.go:1742.27,1743.44 1 1
github.com/openagentsinc/bahia/internal/mcp/server.go:1744.28,1745.45 1 1
github.com/openagentsinc/bahia/internal/mcp/server.go:1746.31,1747.48 1 1
github.com/openagentsinc/bahia/internal/mcp/server.go:1748.28,1749.45 1 1
github.com/openagentsinc/bahia/internal/mcp/server.go:1750.25,1751.42 1 1
github.com/openagentsinc/bahia/internal/mcp/server.go:1752.26,1753.43 1 1
github.com/openagentsinc/bahia/internal/mcp/server.go:1754.23,1755.40 1 1
github.com/openagentsinc/bahia/internal/mcp/server.go:1756.28,1757.44 1 1
github.com/openagentsinc/bahia/internal/mcp/server.go:1758.28,1759.45 1 1
github.com/openagentsinc/bahia/internal/mcp/server.go:1761.28,1762.45 1 1
github.com/openagentsinc/bahia/internal/mcp/server.go:1763.29,1764.46 1 1
github.com/openagentsinc/bahia/internal/mcp/server.go:1765.29,1766.46 1 1
github.com/openagentsinc/bahia/internal/mcp/server.go:1767.29,1768.46 1 1
github.com/openagentsinc/bahia/internal/mcp/server.go:1770.29,1771.46 1 1
github.com/openagentsinc/bahia/internal/mcp/server.go:1772.26,1773.43 1 1
github.com/openagentsinc/bahia/internal/mcp/server.go:1774.29,1775.46 1 1
github.com/openagentsinc/bahia/internal/mcp/server.go:1776.29,1777.46 1 1
github.com/openagentsinc/bahia/internal/mcp/server.go:1778.29,1779.46 1 1
github.com/openagentsinc/bahia/internal/mcp/server.go:1780.31,1781.48 1 1
github.com/openagentsinc/bahia/internal/mcp/server.go:1783.28,1784.45 1 1
github.com/openagentsinc/bahia/internal/mcp/server.go:1785.26,1786.43 1 1
github.com/openagentsinc/bahia/internal/mcp/server.go:1787.34,1788.50 1 1
github.com/openagentsinc/bahia/internal/mcp/server.go:1790.29,1791.46 1 1
github.com/openagentsinc/bahia/internal/mcp/server.go:1792.28,1793.44 1 1
github.com/openagentsinc/bahia/internal/mcp/server.go:1794.35,1795.51 1 1
github.com/openagentsinc/bahia/internal/mcp/server.go:1797.29,1798.40 1 1
github.com/openagentsinc/bahia/internal/mcp/server.go:1799.26,1800.43 1 1
github.com/openagentsinc/bahia/internal/mcp/server.go:1801.30,1802.51 1 1
github.com/openagentsinc/bahia/internal/mcp/server.go:1803.29,1804.50 1 1
github.com/openagentsinc/bahia/internal/mcp/server.go:1806.38,1807.54 1 0
github.com/openagentsinc/bahia/internal/mcp/server.go:1808.37,1809.53 1 0
github.com/openagentsinc/bahia/internal/mcp/server.go:1810.38,1811.54 1 0
github.com/openagentsinc/bahia/internal/mcp/server.go:1812.37,1813.53 1 0
github.com/openagentsinc/bahia/internal/mcp/server.go:1814.33,1815.49 1 0
github.com/openagentsinc/bahia/internal/mcp/server.go:1816.36,1817.52 1 0
github.com/openagentsinc/bahia/internal/mcp/server.go:1818.34,1819.50 1 0
github.com/openagentsinc/bahia/internal/mcp/server.go:1820.32,1821.48 1 0
github.com/openagentsinc/bahia/internal/mcp/server.go:1823.42,1824.58 1 1
github.com/openagentsinc/bahia/internal/mcp/server.go:1825.40,1826.56 1 1
github.com/openagentsinc/bahia/internal/mcp/server.go:1827.43,1828.59 1 1
github.com/openagentsinc/bahia/internal/mcp/server.go:1829.43,1830.59 1 1
github.com/openagentsinc/bahia/internal/mcp/server.go:1831.43,1832.59 1 1
github.com/openagentsinc/bahia/internal/mcp/server.go:1833.41,1834.57 1 1
github.com/openagentsinc/bahia/internal/mcp/server.go:1836.34,1837.51 1 1
github.com/openagentsinc/bahia/internal/mcp/server.go:1838.32,1839.49 1 1
github.com/openagentsinc/bahia/internal/mcp/server.go:1840.38,1841.54 1 1
github.com/openagentsinc/bahia/internal/mcp/server.go:1842.36,1843.53 1 1
github.com/openagentsinc/bahia/internal/mcp/server.go:1844.10,1845.65 1 0
github.com/openagentsinc/bahia/internal/mcp/server.go:1851.108,1853.16 2 1
github.com/openagentsinc/bahia/internal/mcp/server.go:1853.16,1855.3 1 0
github.com/openagentsinc/bahia/internal/mcp/server.go:1857.2,1861.27 2 1
github.com/openagentsinc/bahia/internal/mcp/server.go:1864.106,1871.21 5 1
github.com/openagentsinc/bahia/internal/mcp/server.go:1871.21,1873.22 2 1
github.com/openagentsinc/bahia/internal/mcp/server.go:1873.22,1875.4 1 0
github.com/openagentsinc/bahia/internal/mcp/server.go:1876.3,1876.44 1 1
github.com/openagentsinc/bahia/internal/mcp/server.go:1877.8,1877.23 1 1
github.com/openagentsinc/bahia/internal/mcp/server.go:1877.23,1879.3 1 1
github.com/openagentsinc/bahia/internal/mcp/server.go:1879.8,1881.3 1 0
github.com/openagentsinc/bahia/internal/mcp/server.go:1883.2,1883.16 1 1
github.com/openagentsinc/bahia/internal/mcp/server.go:1883.16,1885.3 1 0
github.com/openagentsinc/bahia/internal/mcp/server.go:1886.2,1886.16 1 1
github.com/openagentsinc/bahia/internal/mcp/server.go:1886.16,1888.3 1 0
github.com/openagentsinc/bahia/internal/mcp/server.go:1890.2,1890.38 1 1
github.com/openagentsinc/bahia/internal/mcp/server.go:1893.109,1899.16 5 1
github.com/openagentsinc/bahia/internal/mcp/server.go:1899.16,1901.3 1 0
github.com/openagentsinc/bahia/internal/mcp/server.go:1902.2,1902.24 1 1
github.com/openagentsinc/bahia/internal/mcp/server.go:1902.24,1904.3 1 0
github.com/openagentsinc/bahia/internal/mcp/server.go:1906.2,1906.23 1 1
github.com/openagentsinc/bahia/internal/mcp/server.go:1906.23,1908.3 1 0
github.com/openagentsinc/bahia/internal/mcp/server.go:1911.2,1911.84 1 1
github.com/openagentsinc/bahia/internal/mcp/server.go:1911.84,1913.3 1 0
github.com/openagentsinc/bahia/internal/mcp/server.go:1915.2,1923.59 2 1
github.com/openagentsinc/bahia/internal/mcp/server.go:1923.59,1925.3 1 0
github.com/openagentsinc/bahia/internal/mcp/server.go:1927.2,1934.27 3 1
github.com/openagentsinc/bahia/internal/mcp/server.go:1937.112,1939.16 2 1
github.com/openagentsinc/bahia/internal/mcp/server.go:1939.16,1941.3 1 0
github.com/openagentsinc/bahia/internal/mcp/server.go:1943.2,1947.27 2 1
github.com/openagentsinc/bahia/internal/mcp/server.go:1950.110,1957.17 5 1
github.com/openagentsinc/bahia/internal/mcp/server.go:1957.17,1959.22 2 1
github.com/openagentsinc/bahia/internal/mcp/server.go:1959.22,1961.4 1 0
github.com/openagentsinc/bahia/internal/mcp/server.go:1962.3,1962.48 1 1
github.com/openagentsinc/bahia/internal/mcp/server.go:1963.8,1963.23 1 1
github.com/openagentsinc/bahia/internal/mcp/server.go:1963.23,1965.3 1 1
github.com/openagentsinc/bahia/internal/mcp/server.go:1965.8,1967.3 1 0
github.com/openagentsinc/bahia/internal/mcp/server.go:1969.2,1969.16 1 1
github.com/openagentsinc/bahia/internal/mcp/server.go:1969.16,1971.3 1 0
github.com/openagentsinc/bahia/internal/mcp/server.go:1972.2,1972.16 1 1
github.com/openagentsinc/bahia/internal/mcp/server.go:1972.16,1974.3 1 0
github.com/openagentsinc/bahia/internal/mcp/server.go:1976.2,1976.42 1 1
github.com/openagentsinc/bahia/internal/mcp/server.go:1979.113,1984.16 4 1
github.com/openagentsinc/bahia/internal/mcp/server.go:1984.16,1986.3 1 0
github.com/openagentsinc/bahia/internal/mcp/server.go:1988.2,1988.26 1 1
github.com/openagentsinc/bahia/internal/mcp/server.go:1988.26,1990.3 1 0
github.com/openagentsinc/bahia/internal/mcp/server.go:1992.2,1999.63 2 1
github.com/openagentsinc/bahia/internal/mcp/server.go:1999.63,2001.3 1 0
github.com/openagentsinc/bahia/internal/mcp/server.go:2003.2,2010.27 3 1
github.com/openagentsinc/bahia/internal/mcp/server.go:2013.109,2015.24 2 1
github.com/openagentsinc/bahia/internal/mcp/server.go:2015.24,2017.3 1 0
github.com/openagentsinc/bahia/internal/mcp/server.go:2019.2,2020.16 2 1
github.com/openagentsinc/bahia/internal/mcp/server.go:2020.16,2022.3 1 0
github.com/openagentsinc/bahia/internal/mcp/server.go:2025.2,2026.16 2 1
github.com/openagentsinc/bahia/internal/mcp/server.go:2026.16,2028.3 1 0
github.com/openagentsinc/bahia/internal/mcp/server.go:2029.2,2029.16 1 1
github.com/openagentsinc/bahia/internal/mcp/server.go:2029.16,2031.3 1 0
github.com/openagentsinc/bahia/internal/mcp/server.go:2034.2,2034.57 1 1
github.com/openagentsinc/bahia/internal/mcp/server.go:2034.57,2036.3 1 1
github.com/openagentsinc/bahia/internal/mcp/server.go:2037.2,2037.50 1 1
github.com/openagentsinc/bahia/internal/mcp/server.go:2037.50,2040.3 2 1
github.com/openagentsinc/bahia/internal/mcp/server.go:2041.2,2041.82 1 1
github.com/openagentsinc/bahia/internal/mcp/server.go:2041.82,2043.3 1 1
github.com/openagentsinc/bahia/internal/mcp/server.go:2044.2,2044.62 1 1
github.com/openagentsinc/bahia/internal/mcp/server.go:2044.62,2046.3 1 1
github.com/openagentsinc/bahia/internal/mcp/server.go:2047.2,2047.79 1 1
github.com/openagentsinc/bahia/internal/mcp/server.go:2047.79,2051.66 2 1
github.com/openagentsinc/bahia/internal/mcp/server.go:2051.66,2053.4 1 1
github.com/openagentsinc/bahia/internal/mcp/server.go:2054.3,2054.23 1 1
github.com/openagentsinc/bahia/internal/mcp/server.go:2057.2,2059.59 2 1
github.com/openagentsinc/bahia/internal/mcp/server.go:2059.59,2061.3 1 0
github.com/openagentsinc/bahia/internal/mcp/server.go:2063.2,2073.27 3 1
github.com/openagentsinc/bahia/internal/mcp/server.go:2076.113,2078.20 2 1
github.com/openagentsinc/bahia/internal/mcp/server.go:2078.20,2080.3 1 0
github.com/openagentsinc/bahia/internal/mcp/server.go:2082.2,2083.16 2 1
github.com/openagentsinc/bahia/internal/mcp/server.go:2083.16,2085.3 1 0
github.com/openagentsinc/bahia/internal/mcp/server.go:2088.2,2089.16 2 1
github.com/openagentsinc/bahia/internal/mcp/server.go:2089.16,2091.3 1 0
github.com/openagentsinc/bahia/internal/mcp/server.go:2092.2,2092.16 1 1
github.com/openagentsinc/bahia/internal/mcp/server.go:2092.16,2094.3 1 0
github.com/openagentsinc/bahia/internal/mcp/server.go:2097.2,2097.57 1 1
github.com/openagentsinc/bahia/internal/mcp/server.go:2097.57,2099.3 1 1
github.com/openagentsinc/bahia/internal/mcp/server.go:2100.2,2100.89 1 1
github.com/openagentsinc/bahia/internal/mcp/server.go:2100.89,2102.3 1 1
github.com/openagentsinc/bahia/internal/mcp/server.go:2103.2,2103.78 1 1
github.com/openagentsinc/bahia/internal/mcp/server.go:2103.78,2105.3 1 1
github.com/openagentsinc/bahia/internal/mcp/server.go:2106.2,2106.88 1 1
github.com/openagentsinc/bahia/internal/mcp/server.go:2106.88,2110.38 2 1
github.com/openagentsinc/bahia/internal/mcp/server.go:2110.38,2112.4 1 1
github.com/openagentsinc/bahia/internal/mcp/server.go:2113.3,2113.26 1 1
github.com/openagentsinc/bahia/internal/mcp/server.go:2115.2,2115.51 1 1
github.com/openagentsinc/bahia/internal/mcp/server.go:2115.51,2117.3 1 1
github.com/openagentsinc/bahia/internal/mcp/server.go:2119.2,2121.63 2 1
github.com/openagentsinc/bahia/internal/mcp/server.go:2121.63,2123.3 1 0
github.com/openagentsinc/bahia/internal/mcp/server.go:2125.2,2135.27 3 1
github.com/openagentsinc/bahia/internal/mcp/server.go:2138.102,2145.16 6 1
github.com/openagentsinc/bahia/internal/mcp/server.go:2145.16,2147.3 1 0
github.com/openagentsinc/bahia/internal/mcp/server.go:2149.2,2150.16 2 1
github.com/openagentsinc/bahia/internal/mcp/server.go:2150.16,2152.3 1 0
github.com/openagentsinc/bahia/internal/mcp/server.go:2154.2,2155.16 2 1
github.com/openagentsinc/bahia/internal/mcp/server.go:2155.16,2157.3 1 0
github.com/openagentsinc/bahia/internal/mcp/server.go:2159.2,2159.23 1 1
github.com/openagentsinc/bahia/internal/mcp/server.go:2159.23,2161.3 1 1
github.com/openagentsinc/bahia/internal/mcp/server.go:2164.2,2164.65 1 1
github.com/openagentsinc/bahia/internal/mcp/server.go:2164.65,2166.3 1 0
github.com/openagentsinc/bahia/internal/mcp/server.go:2167.2,2167.65 1 1
github.com/openagentsinc/bahia/internal/mcp/server.go:2167.65,2169.3 1 0
github.com/openagentsinc/bahia/internal/mcp/server.go:2170.2,2170.67 1 1
github.com/openagentsinc/bahia/internal/mcp/server.go:2170.67,2172.3 1 0
github.com/openagentsinc/bahia/internal/mcp/server.go:2174.2,2183.71 2 1
github.com/openagentsinc/bahia/internal/mcp/server.go:2183.71,2185.3 1 0
github.com/openagentsinc/bahia/internal/mcp/server.go:2187.2,2201.27 3 1
github.com/openagentsinc/bahia/internal/mcp/server.go:2204.104,2210.16 5 1
github.com/openagentsinc/bahia/internal/mcp/server.go:2210.16,2212.3 1 0
github.com/openagentsinc/bahia/internal/mcp/server.go:2214.2,2215.16 2 1
github.com/openagentsinc/bahia/internal/mcp/server.go:2215.16,2217.3 1 0
github.com/openagentsinc/bahia/internal/mcp/server.go:2219.2,2219.23 1 1
github.com/openagentsinc/bahia/internal/mcp/server.go:2219.23,2221.3 1 0
github.com/openagentsinc/bahia/internal/mcp/server.go:2223.2,2224.16 2 1
github.com/openagentsinc/bahia/internal/mcp/server.go:2224.16,2226.3 1 0
github.com/openagentsinc/bahia/internal/mcp/server.go:2228.2,2241.27 3 1
github.com/openagentsinc/bahia/internal/mcp/server.go:2244.115,2249.16 4 1
github.com/openagentsinc/bahia/internal/mcp/server.go:2249.16,2251.3 1 0
github.com/openagentsinc/bahia/internal/mcp/server.go:2253.2,2254.16 2 1
github.com/openagentsinc/bahia/internal/mcp/server.go:2254.16,2256.3 1 0
github.com/openagentsinc/bahia/internal/mcp/server.go:2258.2,2259.16 2 1
github.com/openagentsinc/bahia/internal/mcp/server.go:2259.16,2261.3 1 0
github.com/openagentsinc/bahia/internal/mcp/server.go:2263.2,2269.36 2 1
github.com/openagentsinc/bahia/internal/mcp/server.go:2269.36,2271.3 1 1
github.com/openagentsinc/bahia/internal/mcp/server.go:2272.2,2272.34 1 1
github.com/openagentsinc/bahia/internal/mcp/server.go:2272.34,2274.3 1 1
github.com/openagentsinc/bahia/internal/mcp/server.go:2275.2,2275.38 1 1
github.com/openagentsinc/bahia/internal/mcp/server.go:2275.38,2277.3 1 1
github.com/openagentsinc/bahia/internal/mcp/server.go:2278.2,2278.35 1 1
github.com/openagentsinc/bahia/internal/mcp/server.go:2278.35,2280.3 1 1
github.com/openagentsinc/bahia/internal/mcp/server.go:2282.2,2282.27 1 1
github.com/openagentsinc/bahia/internal/mcp/server.go:2285.113,2289.16 3 1
github.com/openagentsinc/bahia/internal/mcp/server.go:2289.16,2291.3 1 0
github.com/openagentsinc/bahia/internal/mcp/server.go:2293.2,2293.74 1 1
github.com/openagentsinc/bahia/internal/mcp/server.go:2293.74,2295.3 1 0
github.com/openagentsinc/bahia/internal/mcp/server.go:2297.2,2304.27 3 1
github.com/openagentsinc/bahia/internal/mcp/server.go:2307.112,2311.16 3 1
github.com/openagentsinc/bahia/internal/mcp/server.go:2311.16,2313.3 1 0
github.com/openagentsinc/bahia/internal/mcp/server.go:2315.2,2315.73 1 1
github.com/openagentsinc/bahia/internal/mcp/server.go:2315.73,2317.3 1 0
github.com/openagentsinc/bahia/internal/mcp/server.go:2319.2,2326.27 3 1
github.com/openagentsinc/bahia/internal/mcp/server.go:2329.82,2330.26 1 1
github.com/openagentsinc/bahia/internal/mcp/server.go:2330.26,2332.3 1 0
github.com/openagentsinc/bahia/internal/mcp/server.go:2333.2,2333.27 1 1
github.com/openagentsinc/bahia/internal/mcp/server.go:2336.74,2337.26 1 1
github.com/openagentsinc/bahia/internal/mcp/server.go:2337.26,2339.3 1 0
github.com/openagentsinc/bahia/internal/mcp/server.go:2340.2,2340.27 1 1
github.com/openagentsinc/bahia/internal/mcp/server.go:2343.110,2345.22 2 1
github.com/openagentsinc/bahia/internal/mcp/server.go:2345.22,2347.3 1 0
github.com/openagentsinc/bahia/internal/mcp/server.go:2348.2,2356.51 2 1
github.com/openagentsinc/bahia/internal/mcp/server.go:2356.51,2358.3 1 0
github.com/openagentsinc/bahia/internal/mcp/server.go:2359.2,2367.16 2 1
github.com/openagentsinc/bahia/internal/mcp/server.go:2367.16,2369.3 1 0
github.com/openagentsinc/bahia/internal/mcp/server.go:2370.2,2370.65 1 1
github.com/openagentsinc/bahia/internal/mcp/server.go:2373.110,2375.22 2 1
github.com/openagentsinc/bahia/internal/mcp/server.go:2375.22,2377.3 1 0
github.com/openagentsinc/bahia/internal/mcp/server.go:2378.2,2379.16 2 1
github.com/openagentsinc/bahia/internal/mcp/server.go:2379.16,2381.3 1 0
github.com/openagentsinc/bahia/internal/mcp/server.go:2382.2,2383.16 2 1
github.com/openagentsinc/bahia/internal/mcp/server.go:2383.16,2385.3 1 0
github.com/openagentsinc/bahia/internal/mcp/server.go:2386.2,2386.18 1 1
github.com/openagentsinc/bahia/internal/mcp/server.go:2386.18,2388.3 1 0
github.com/openagentsinc/bahia/internal/mcp/server.go:2389.2,2396.51 2 1
github.com/openagentsinc/bahia/internal/mcp/server.go:2396.51,2398.3 1 0
github.com/openagentsinc/bahia/internal/mcp/server.go:2399.2,2399.38 1 1
github.com/openagentsinc/bahia/internal/mcp/server.go:2399.38,2401.3 1 1
github.com/openagentsinc/bahia/internal/mcp/server.go:2402.2,2402.30 1 1
github.com/openagentsinc/bahia/internal/mcp/server.go:2402.30,2404.3 1 0
github.com/openagentsinc/bahia/internal/mcp/server.go:2405.2,2405.39 1 1
github.com/openagentsinc/bahia/internal/mcp/server.go:2405.39,2407.3 1 0
github.com/openagentsinc/bahia/internal/mcp/server.go:2408.2,2408.37 1 1
github.com/openagentsinc/bahia/internal/mcp/server.go:2408.37,2410.3 1 0
github.com/openagentsinc/bahia/internal/mcp/server.go:2411.2,2411.25 1 1
github.com/openagentsinc/bahia/internal/mcp/server.go:2411.25,2413.3 1 0
github.com/openagentsinc/bahia/internal/mcp/server.go:2414.2,2414.57 1 1
github.com/openagentsinc/bahia/internal/mcp/server.go:2414.57,2416.3 1 0
github.com/openagentsinc/bahia/internal/mcp/server.go:2417.2,2423.4 1 1
github.com/openagentsinc/bahia/internal/mcp/server.go:2426.114,2428.22 2 1
github.com/openagentsinc/bahia/internal/mcp/server.go:2428.22,2430.3 1 0
github.com/openagentsinc/bahia/internal/mcp/server.go:2431.2,2445.51 2 1
github.com/openagentsinc/bahia/internal/mcp/server.go:2445.51,2447.3 1 0
github.com/openagentsinc/bahia/internal/mcp/server.go:2448.2,2449.16 2 1
github.com/openagentsinc/bahia/internal/mcp/server.go:2449.16,2451.3 1 0
github.com/openagentsinc/bahia/internal/mcp/server.go:2452.2,2466.16 2 1
github.com/openagentsinc/bahia/internal/mcp/server.go:2466.16,2468.3 1 0
github.com/openagentsinc/bahia/internal/mcp/server.go:2469.2,2469.65 1 1
github.com/openagentsinc/bahia/internal/mcp/server.go:2472.109,2474.22 2 0
github.com/openagentsinc/bahia/internal/mcp/server.go:2474.22,2476.3 1 0
github.com/openagentsinc/bahia/internal/mcp/server.go:2477.2,2479.16 3 0
github.com/openagentsinc/bahia/internal/mcp/server.go:2479.16,2481.3 1 0
github.com/openagentsinc/bahia/internal/mcp/server.go:2482.2,2483.24 2 0
github.com/openagentsinc/bahia/internal/mcp/server.go:2483.24,2485.3 1 0
github.com/openagentsinc/bahia/internal/mcp/server.go:2486.2,2486.129 1 0
github.com/openagentsinc/bahia/internal/mcp/server.go:2489.111,2491.22 2 0
github.com/openagentsinc/bahia/internal/mcp/server.go:2491.22,2493.3 1 0
github.com/openagentsinc/bahia/internal/mcp/server.go:2494.2,2495.16 2 0
github.com/openagentsinc/bahia/internal/mcp/server.go:2495.16,2497.3 1 0
github.com/openagentsinc/bahia/internal/mcp/server.go:2498.2,2500.16 3 0
github.com/openagentsinc/bahia/internal/mcp/server.go:2500.16,2502.3 1 0
github.com/openagentsinc/bahia/internal/mcp/server.go:2503.2,2504.26 2 0
github.com/openagentsinc/bahia/internal/mcp/server.go:2504.26,2506.3 1 0
github.com/openagentsinc/bahia/internal/mcp/server.go:2507.2,2507.161 1 0
github.com/openagentsinc/bahia/internal/mcp/server.go:2510.105,2512.22 2 1
github.com/openagentsinc/bahia/internal/mcp/server.go:2512.22,2514.3 1 0
github.com/openagentsinc/bahia/internal/mcp/server.go:2515.2,2516.16 2 1
github.com/openagentsinc/bahia/internal/mcp/server.go:2516.16,2518.3 1 0
github.com/openagentsinc/bahia/internal/mcp/server.go:2519.2,2520.16 2 1
github.com/openagentsinc/bahia/internal/mcp/server.go:2520.16,2522.3 1 0
github.com/openagentsinc/bahia/internal/mcp/server.go:2523.2,2524.16 2 1
github.com/openagentsinc/bahia/internal/mcp/server.go:2524.16,2526.3 1 0
github.com/openagentsinc/bahia/internal/mcp/server.go:2527.2,2528.23 2 1
github.com/openagentsinc/bahia/internal/mcp/server.go:2528.23,2530.3 1 0
github.com/openagentsinc/bahia/internal/mcp/server.go:2531.2,2533.16 3 1
github.com/openagentsinc/bahia/internal/mcp/server.go:2533.16,2535.3 1 0
github.com/openagentsinc/bahia/internal/mcp/server.go:2536.2,2536.65 1 1
github.com/openagentsinc/bahia/internal/mcp/server.go:2539.116,2541.2 1 1
github.com/openagentsinc/bahia/internal/mcp/server.go:2543.115,2545.2 1 1
github.com/openagentsinc/bahia/internal/mcp/server.go:2547.132,2549.22 2 1
github.com/openagentsinc/bahia/internal/mcp/server.go:2549.22,2551.3 1 0
github.com/openagentsinc/bahia/internal/mcp/server.go:2552.2,2553.16 2 1
github.com/openagentsinc/bahia/internal/mcp/server.go:2553.16,2555.3 1 0
github.com/openagentsinc/bahia/internal/mcp/server.go:2556.2,2557.16 2 1
github.com/openagentsinc/bahia/internal/mcp/server.go:2557.16,2559.3 1 0
github.com/openagentsinc/bahia/internal/mcp/server.go:2560.2,2560.65 1 1
github.com/openagentsinc/bahia/internal/mcp/server.go:2563.107,2565.22 2 1
github.com/openagentsinc/bahia/internal/mcp/server.go:2565.22,2567.3 1 0
github.com/openagentsinc/bahia/internal/mcp/server.go:2568.2,2569.16 2 1
github.com/openagentsinc/bahia/internal/mcp/server.go:2569.16,2571.3 1 0
github.com/openagentsinc/bahia/internal/mcp/server.go:2572.2,2573.16 2 1
github.com/openagentsinc/bahia/internal/mcp/server.go:2573.16,2575.3 1 0
github.com/openagentsinc/bahia/internal/mcp/server.go:2576.2,2577.23 2 1
github.com/openagentsinc/bahia/internal/mcp/server.go:2577.23,2579.3 1 0
github.com/openagentsinc/bahia/internal/mcp/server.go:2580.2,2581.16 2 1
github.com/openagentsinc/bahia/internal/mcp/server.go:2581.16,2583.3 1 0
github.com/openagentsinc/bahia/internal/mcp/server.go:2584.2,2584.65 1 1
github.com/openagentsinc/bahia/internal/mcp/server.go:2587.109,2592.16 4 1
github.com/openagentsinc/bahia/internal/mcp/server.go:2592.16,2594.3 1 0
github.com/openagentsinc/bahia/internal/mcp/server.go:2596.2,2596.72 1 1
github.com/openagentsinc/bahia/internal/mcp/server.go:2596.72,2598.3 1 0
github.com/openagentsinc/bahia/internal/mcp/server.go:2600.2,2606.27 3 1
github.com/openagentsinc/bahia/internal/mcp/server.go:2609.113,2614.16 4 1
github.com/openagentsinc/bahia/internal/mcp/server.go:2614.16,2616.3 1 0
github.com/openagentsinc/bahia/internal/mcp/server.go:2618.2,2618.72 1 1
github.com/openagentsinc/bahia/internal/mcp/server.go:2618.72,2620.3 1 0
github.com/openagentsinc/bahia/internal/mcp/server.go:2622.2,2628.27 3 1
github.com/openagentsinc/bahia/internal/mcp/server.go:2631.109,2634.42 3 0
github.com/openagentsinc/bahia/internal/mcp/server.go:2634.42,2636.3 1 0
github.com/openagentsinc/bahia/internal/mcp/server.go:2638.2,2639.16 2 0
github.com/openagentsinc/bahia/internal/mcp/server.go:2639.16,2641.3 1 0
github.com/openagentsinc/bahia/internal/mcp/server.go:2643.2,2644.16 2 0
github.com/openagentsinc/bahia/internal/mcp/server.go:2644.16,2646.3 1 0
github.com/openagentsinc/bahia/internal/mcp/server.go:2648.2,2652.27 2 0
github.com/openagentsinc/bahia/internal/mcp/server.go:2655.107,2659.16 3 0
github.com/openagentsinc/bahia/internal/mcp/server.go:2659.16,2661.3 1 0
github.com/openagentsinc/bahia/internal/mcp/server.go:2663.2,2664.16 2 0
github.com/openagentsinc/bahia/internal/mcp/server.go:2664.16,2666.3 1 0
github.com/openagentsinc/bahia/internal/mcp/server.go:2667.2,2667.21 1 0
github.com/openagentsinc/bahia/internal/mcp/server.go:2667.21,2669.3 1 0
github.com/openagentsinc/bahia/internal/mcp/server.go:2671.2,2681.27 2 0
github.com/openagentsinc/bahia/internal/mcp/server.go:2684.112,2697.16 12 1
github.com/openagentsinc/bahia/internal/mcp/server.go:2697.16,2699.3 1 0
github.com/openagentsinc/bahia/internal/mcp/server.go:2700.2,2701.16 2 1
github.com/openagentsinc/bahia/internal/mcp/server.go:2701.16,2703.3 1 0
github.com/openagentsinc/bahia/internal/mcp/server.go:2704.2,2704.79 1 1
github.com/openagentsinc/bahia/internal/mcp/server.go:2704.79,2706.3 1 0
github.com/openagentsinc/bahia/internal/mcp/server.go:2707.2,2707.77 1 1
github.com/openagentsinc/bahia/internal/mcp/server.go:2707.77,2709.3 1 0
github.com/openagentsinc/bahia/internal/mcp/server.go:2710.2,2710.64 1 1
github.com/openagentsinc/bahia/internal/mcp/server.go:2710.64,2712.3 1 1
github.com/openagentsinc/bahia/internal/mcp/server.go:2713.2,2713.81 1 1
github.com/openagentsinc/bahia/internal/mcp/server.go:2713.81,2715.3 1 0
github.com/openagentsinc/bahia/internal/mcp/server.go:2717.2,2718.50 2 1
github.com/openagentsinc/bahia/internal/mcp/server.go:2718.50,2721.3 2 0
github.com/openagentsinc/bahia/internal/mcp/server.go:2723.2,2738.67 2 1
github.com/openagentsinc/bahia/internal/mcp/server.go:2738.67,2740.3 1 0
github.com/openagentsinc/bahia/internal/mcp/server.go:2742.2,2758.27 2 1
github.com/openagentsinc/bahia/internal/mcp/server.go:2761.110,2762.25 1 1
github.com/openagentsinc/bahia/internal/mcp/server.go:2762.25,2764.3 1 1
github.com/openagentsinc/bahia/internal/mcp/server.go:2766.2,2767.16 2 1
github.com/openagentsinc/bahia/internal/mcp/server.go:2767.16,2769.3 1 0
github.com/openagentsinc/bahia/internal/mcp/server.go:2771.2,2772.16 2 1
github.com/openagentsinc/bahia/internal/mcp/server.go:2772.16,2774.3 1 0
github.com/openagentsinc/bahia/internal/mcp/server.go:2776.2,2780.4 1 1
github.com/openagentsinc/bahia/internal/mcp/server.go:2783.118,2784.25 1 1
github.com/openagentsinc/bahia/internal/mcp/server.go:2784.25,2786.3 1 0
github.com/openagentsinc/bahia/internal/mcp/server.go:2788.2,2789.16 2 1
github.com/openagentsinc/bahia/internal/mcp/server.go:2789.16,2791.3 1 0
github.com/openagentsinc/bahia/internal/mcp/server.go:2793.2,2794.16 2 1
github.com/openagentsinc/bahia/internal/mcp/server.go:2794.16,2796.3 1 0
github.com/openagentsinc/bahia/internal/mcp/server.go:2798.2,2802.4 1 1
github.com/openagentsinc/bahia/internal/mcp/server.go:2805.116,2806.25 1 1
github.com/openagentsinc/bahia/internal/mcp/server.go:2806.25,2808.3 1 0
github.com/openagentsinc/bahia/internal/mcp/server.go:2810.2,2811.16 2 1
github.com/openagentsinc/bahia/internal/mcp/server.go:2811.16,2813.3 1 1
github.com/openagentsinc/bahia/internal/mcp/server.go:2815.2,2816.16 2 1
github.com/openagentsinc/bahia/internal/mcp/server.go:2816.16,2818.3 1 0
github.com/openagentsinc/bahia/internal/mcp/server.go:2820.2,2823.4 1 1
github.com/openagentsinc/bahia/internal/mcp/server.go:2826.108,2827.25 1 1
github.com/openagentsinc/bahia/internal/mcp/server.go:2827.25,2829.3 1 0
github.com/openagentsinc/bahia/internal/mcp/server.go:2831.2,2832.16 2 1
github.com/openagentsinc/bahia/internal/mcp/server.go:2832.16,2834.3 1 0
github.com/openagentsinc/bahia/internal/mcp/server.go:2836.2,2837.16 2 1
github.com/openagentsinc/bahia/internal/mcp/server.go:2837.16,2838.36 1 0
github.com/openagentsinc/bahia/internal/mcp/server.go:2838.36,2840.4 1 0
github.com/openagentsinc/bahia/internal/mcp/server.go:2841.3,2841.75 1 0
github.com/openagentsinc/bahia/internal/mcp/server.go:2844.2,2844.46 1 1
github.com/openagentsinc/bahia/internal/mcp/server.go:2847.112,2848.25 1 1
github.com/openagentsinc/bahia/internal/mcp/server.go:2848.25,2850.3 1 0
github.com/openagentsinc/bahia/internal/mcp/server.go:2851.2,2851.27 1 1
github.com/openagentsinc/bahia/internal/mcp/server.go:2851.27,2853.3 1 1
github.com/openagentsinc/bahia/internal/mcp/server.go:2854.2,2854.23 1 1
github.com/openagentsinc/bahia/internal/mcp/server.go:2854.23,2856.3 1 0
github.com/openagentsinc/bahia/internal/mcp/server.go:2858.2,2859.16 2 1
github.com/openagentsinc/bahia/internal/mcp/server.go:2859.16,2861.3 1 0
github.com/openagentsinc/bahia/internal/mcp/server.go:2863.2,2864.16 2 1
github.com/openagentsinc/bahia/internal/mcp/server.go:2864.16,2865.36 1 0
github.com/openagentsinc/bahia/internal/mcp/server.go:2865.36,2867.4 1 0
github.com/openagentsinc/bahia/internal/mcp/server.go:2868.3,2868.74 1 0
github.com/openagentsinc/bahia/internal/mcp/server.go:2870.2,2870.21 1 1
github.com/openagentsinc/bahia/internal/mcp/server.go:2870.21,2872.3 1 0
github.com/openagentsinc/bahia/internal/mcp/server.go:2874.2,2875.16 2 1
github.com/openagentsinc/bahia/internal/mcp/server.go:2875.16,2877.3 1 0
github.com/openagentsinc/bahia/internal/mcp/server.go:2879.2,2880.28 2 1
github.com/openagentsinc/bahia/internal/mcp/server.go:2880.28,2881.66 1 1
github.com/openagentsinc/bahia/internal/mcp/server.go:2881.66,2887.12 2 0
github.com/openagentsinc/bahia/internal/mcp/server.go:2889.3,2889.11 1 1
github.com/openagentsinc/bahia/internal/mcp/server.go:2892.2,2897.4 1 1
github.com/openagentsinc/bahia/internal/mcp/server.go:2900.103,2901.20 1 1
github.com/openagentsinc/bahia/internal/mcp/server.go:2901.20,2903.3 1 1
github.com/openagentsinc/bahia/internal/mcp/server.go:2905.2,2906.16 2 1
github.com/openagentsinc/bahia/internal/mcp/server.go:2906.16,2908.3 1 0
github.com/openagentsinc/bahia/internal/mcp/server.go:2910.2,2911.16 2 1
github.com/openagentsinc/bahia/internal/mcp/server.go:2911.16,2912.36 1 0
github.com/openagentsinc/bahia/internal/mcp/server.go:2912.36,2914.4 1 0
github.com/openagentsinc/bahia/internal/mcp/server.go:2915.3,2915.70 1 0
github.com/openagentsinc/bahia/internal/mcp/server.go:2918.2,2918.36 1 1
github.com/openagentsinc/bahia/internal/mcp/server.go:2921.111,2922.20 1 1
github.com/openagentsinc/bahia/internal/mcp/server.go:2922.20,2924.3 1 0
github.com/openagentsinc/bahia/internal/mcp/server.go:2926.2,2927.16 2 1
github.com/openagentsinc/bahia/internal/mcp/server.go:2927.16,2929.3 1 0
github.com/openagentsinc/bahia/internal/mcp/server.go:2931.2,2932.16 2 1
github.com/openagentsinc/bahia/internal/mcp/server.go:2932.16,2933.36 1 0
github.com/openagentsinc/bahia/internal/mcp/server.go:2933.36,2935.4 1 0
github.com/openagentsinc/bahia/internal/mcp/server.go:2936.3,2936.70 1 0
github.com/openagentsinc/bahia/internal/mcp/server.go:2939.2,2940.16 2 1
github.com/openagentsinc/bahia/internal/mcp/server.go:2940.16,2942.3 1 0
github.com/openagentsinc/bahia/internal/mcp/server.go:2944.2,2950.27 2 1
github.com/openagentsinc/bahia/internal/mcp/server.go:2953.114,2954.20 1 1
github.com/openagentsinc/bahia/internal/mcp/server.go:2954.20,2956.3 1 0
github.com/openagentsinc/bahia/internal/mcp/server.go:2958.2,2959.17 2 1
github.com/openagentsinc/bahia/internal/mcp/server.go:2959.17,2961.3 1 0
github.com/openagentsinc/bahia/internal/mcp/server.go:2962.2,2963.17 2 1
github.com/openagentsinc/bahia/internal/mcp/server.go:2963.17,2965.3 1 0
github.com/openagentsinc/bahia/internal/mcp/server.go:2966.2,2969.16 3 1
github.com/openagentsinc/bahia/internal/mcp/server.go:2969.16,2971.3 1 0
github.com/openagentsinc/bahia/internal/mcp/server.go:2973.2,2978.27 2 1
github.com/openagentsinc/bahia/internal/mcp/server.go:2981.106,2982.20 1 1
github.com/openagentsinc/bahia/internal/mcp/server.go:2982.20,2984.3 1 0
github.com/openagentsinc/bahia/internal/mcp/server.go:2985.2,2985.23 1 1
github.com/openagentsinc/bahia/internal/mcp/server.go:2985.23,2987.3 1 0
github.com/openagentsinc/bahia/internal/mcp/server.go:2989.2,2990.16 2 1
github.com/openagentsinc/bahia/internal/mcp/server.go:2990.16,2992.3 1 0
github.com/openagentsinc/bahia/internal/mcp/server.go:2993.2,2993.67 1 1
github.com/openagentsinc/bahia/internal/mcp/server.go:2993.67,2994.36 1 1
github.com/openagentsinc/bahia/internal/mcp/server.go:2994.36,2996.4 1 1
github.com/openagentsinc/bahia/internal/mcp/server.go:2997.3,2997.74 1 0
github.com/openagentsinc/bahia/internal/mcp/server.go:3000.2,3001.16 2 1
github.com/openagentsinc/bahia/internal/mcp/server.go:3001.16,3003.3 1 1
github.com/openagentsinc/bahia/internal/mcp/server.go:3005.2,3007.89 3 1
github.com/openagentsinc/bahia/internal/mcp/server.go:3007.89,3013.3 2 1
github.com/openagentsinc/bahia/internal/mcp/server.go:3015.2,3016.16 2 1
github.com/openagentsinc/bahia/internal/mcp/server.go:3016.16,3018.3 1 0
github.com/openagentsinc/bahia/internal/mcp/server.go:3019.2,3019.85 1 1
github.com/openagentsinc/bahia/internal/mcp/server.go:3019.85,3021.3 1 1
github.com/openagentsinc/bahia/internal/mcp/server.go:3023.2,3023.62 1 1
github.com/openagentsinc/bahia/internal/mcp/server.go:3023.62,3025.3 1 0
github.com/openagentsinc/bahia/internal/mcp/server.go:3026.2,3026.30 1 1
github.com/openagentsinc/bahia/internal/mcp/server.go:3026.30,3027.70 1 1
github.com/openagentsinc/bahia/internal/mcp/server.go:3027.70,3029.4 1 0
github.com/openagentsinc/bahia/internal/mcp/server.go:3032.2,3038.27 2 1
github.com/openagentsinc/bahia/internal/mcp/server.go:3041.106,3044.42 3 0
github.com/openagentsinc/bahia/internal/mcp/server.go:3044.42,3046.3 1 0
github.com/openagentsinc/bahia/internal/mcp/server.go:3048.2,3049.16 2 0
github.com/openagentsinc/bahia/internal/mcp/server.go:3049.16,3051.3 1 0
github.com/openagentsinc/bahia/internal/mcp/server.go:3053.2,3054.16 2 0
github.com/openagentsinc/bahia/internal/mcp/server.go:3054.16,3056.3 1 0
github.com/openagentsinc/bahia/internal/mcp/server.go:3058.2,3062.27 2 0
github.com/openagentsinc/bahia/internal/mcp/server.go:3065.104,3069.16 3 0
github.com/openagentsinc/bahia/internal/mcp/server.go:3069.16,3071.3 1 0
github.com/openagentsinc/bahia/internal/mcp/server.go:3073.2,3074.16 2 0
github.com/openagentsinc/bahia/internal/mcp/server.go:3074.16,3076.3 1 0
github.com/openagentsinc/bahia/internal/mcp/server.go:3077.2,3077.18 1 0
github.com/openagentsinc/bahia/internal/mcp/server.go:3077.18,3079.3 1 0
github.com/openagentsinc/bahia/internal/mcp/server.go:3081.2,3091.27 2 0
github.com/openagentsinc/bahia/internal/mcp/server.go:3094.109,3106.16 11 1
github.com/openagentsinc/bahia/internal/mcp/server.go:3106.16,3108.3 1 0
github.com/openagentsinc/bahia/internal/mcp/server.go:3109.2,3109.54 1 1
github.com/openagentsinc/bahia/internal/mcp/server.go:3109.54,3111.3 1 1
github.com/openagentsinc/bahia/internal/mcp/server.go:3112.2,3112.73 1 1
github.com/openagentsinc/bahia/internal/mcp/server.go:3112.73,3114.3 1 0
github.com/openagentsinc/bahia/internal/mcp/server.go:3115.2,3115.76 1 1
github.com/openagentsinc/bahia/internal/mcp/server.go:3115.76,3117.3 1 0
github.com/openagentsinc/bahia/internal/mcp/server.go:3118.2,3118.79 1 1
github.com/openagentsinc/bahia/internal/mcp/server.go:3118.79,3120.3 1 0
github.com/openagentsinc/bahia/internal/mcp/server.go:3121.2,3121.20 1 1
github.com/openagentsinc/bahia/internal/mcp/server.go:3121.20,3123.3 1 1
github.com/openagentsinc/bahia/internal/mcp/server.go:3125.2,3138.61 2 1
github.com/openagentsinc/bahia/internal/mcp/server.go:3138.61,3140.3 1 0
github.com/openagentsinc/bahia/internal/mcp/server.go:3142.2,3157.27 2 1
github.com/openagentsinc/bahia/internal/mcp/server.go:3160.113,3165.16 4 1
github.com/openagentsinc/bahia/internal/mcp/server.go:3165.16,3167.3 1 1
github.com/openagentsinc/bahia/internal/mcp/server.go:3169.2,3170.59 2 1
github.com/openagentsinc/bahia/internal/mcp/server.go:3170.59,3172.3 1 1
github.com/openagentsinc/bahia/internal/mcp/server.go:3174.2,3174.75 1 1
github.com/openagentsinc/bahia/internal/mcp/server.go:3174.75,3176.3 1 1
github.com/openagentsinc/bahia/internal/mcp/server.go:3178.2,3186.27 2 1
github.com/openagentsinc/bahia/internal/mcp/server.go:3189.106,3195.20 4 1
github.com/openagentsinc/bahia/internal/mcp/server.go:3195.20,3197.22 2 1
github.com/openagentsinc/bahia/internal/mcp/server.go:3197.22,3199.4 1 0
github.com/openagentsinc/bahia/internal/mcp/server.go:3200.3,3200.61 1 1
github.com/openagentsinc/bahia/internal/mcp/server.go:3201.8,3203.3 1 1
github.com/openagentsinc/bahia/internal/mcp/server.go:3205.2,3205.16 1 1
github.com/openagentsinc/bahia/internal/mcp/server.go:3205.16,3207.3 1 0
github.com/openagentsinc/bahia/internal/mcp/server.go:3209.2,3213.27 2 1
github.com/openagentsinc/bahia/internal/mcp/server.go:3216.107,3218.16 2 1
github.com/openagentsinc/bahia/internal/mcp/server.go:3218.16,3220.3 1 0
github.com/openagentsinc/bahia/internal/mcp/server.go:3222.2,3226.27 2 1
github.com/openagentsinc/bahia/internal/mcp/server.go:3229.110,3234.16 4 1
github.com/openagentsinc/bahia/internal/mcp/server.go:3234.16,3236.3 1 0
github.com/openagentsinc/bahia/internal/mcp/server.go:3238.2,3239.16 2 1
github.com/openagentsinc/bahia/internal/mcp/server.go:3239.16,3241.3 1 0
github.com/openagentsinc/bahia/internal/mcp/server.go:3243.2,3244.16 2 1
github.com/openagentsinc/bahia/internal/mcp/server.go:3244.16,3246.3 1 0
github.com/openagentsinc/bahia/internal/mcp/server.go:3247.2,3247.16 1 1
github.com/openagentsinc/bahia/internal/mcp/server.go:3247.16,3249.3 1 0
github.com/openagentsinc/bahia/internal/mcp/server.go:3251.2,3260.27 2 1
github.com/openagentsinc/bahia/internal/mcp/server.go:3263.107,3267.42 4 1
github.com/openagentsinc/bahia/internal/mcp/server.go:3267.42,3269.3 1 1
github.com/openagentsinc/bahia/internal/mcp/server.go:3271.2,3272.16 2 1
github.com/openagentsinc/bahia/internal/mcp/server.go:3272.16,3274.3 1 0
github.com/openagentsinc/bahia/internal/mcp/server.go:3276.2,3277.16 2 1
github.com/openagentsinc/bahia/internal/mcp/server.go:3277.16,3279.3 1 0
github.com/openagentsinc/bahia/internal/mcp/server.go:3281.2,3282.16 2 1
github.com/openagentsinc/bahia/internal/mcp/server.go:3282.16,3284.3 1 0
github.com/openagentsinc/bahia/internal/mcp/server.go:3286.2,3290.27 2 1
github.com/openagentsinc/bahia/internal/mcp/server.go:3293.104,3297.16 3 1
github.com/openagentsinc/bahia/internal/mcp/server.go:3297.16,3299.3 1 0
github.com/openagentsinc/bahia/internal/mcp/server.go:3301.2,3302.16 2 1
github.com/openagentsinc/bahia/internal/mcp/server.go:3302.16,3304.3 1 0
github.com/openagentsinc/bahia/internal/mcp/server.go:3306.2,3310.27 2 1
github.com/openagentsinc/bahia/internal/mcp/server.go:3313.105,3318.16 4 1
github.com/openagentsinc/bahia/internal/mcp/server.go:3318.16,3320.3 1 0
github.com/openagentsinc/bahia/internal/mcp/server.go:3322.2,3331.65 2 1
github.com/openagentsinc/bahia/internal/mcp/server.go:3331.65,3333.3 1 0
github.com/openagentsinc/bahia/internal/mcp/server.go:3335.2,3346.27 3 1
github.com/openagentsinc/bahia/internal/mcp/server.go:3349.102,3353.16 3 1
github.com/openagentsinc/bahia/internal/mcp/server.go:3353.16,3355.3 1 0
github.com/openagentsinc/bahia/internal/mcp/server.go:3357.2,3358.16 2 1
github.com/openagentsinc/bahia/internal/mcp/server.go:3358.16,3360.3 1 0
github.com/openagentsinc/bahia/internal/mcp/server.go:3361.2,3361.16 1 1
github.com/openagentsinc/bahia/internal/mcp/server.go:3361.16,3363.3 1 0
github.com/openagentsinc/bahia/internal/mcp/server.go:3365.2,3366.27 2 1
github.com/openagentsinc/bahia/internal/mcp/server.go:3369.106,3373.16 3 1
github.com/openagentsinc/bahia/internal/mcp/server.go:3373.16,3375.3 1 1
github.com/openagentsinc/bahia/internal/mcp/server.go:3376.2,3376.23 1 1
github.com/openagentsinc/bahia/internal/mcp/server.go:3376.23,3378.3 1 0
github.com/openagentsinc/bahia/internal/mcp/server.go:3379.2,3379.25 1 1
github.com/openagentsinc/bahia/internal/mcp/server.go:3379.25,3381.3 1 1
github.com/openagentsinc/bahia/internal/mcp/server.go:3383.2,3384.16 2 1
github.com/openagentsinc/bahia/internal/mcp/server.go:3384.16,3385.36 1 0
github.com/openagentsinc/bahia/internal/mcp/server.go:3385.36,3387.4 1 0
github.com/openagentsinc/bahia/internal/mcp/server.go:3388.3,3388.69 1 0
github.com/openagentsinc/bahia/internal/mcp/server.go:3390.2,3390.16 1 1
github.com/openagentsinc/bahia/internal/mcp/server.go:3390.16,3392.3 1 0
github.com/openagentsinc/bahia/internal/mcp/server.go:3393.2,3393.38 1 1
github.com/openagentsinc/bahia/internal/mcp/server.go:3393.38,3395.3 1 1
github.com/openagentsinc/bahia/internal/mcp/server.go:3397.2,3398.16 2 1
github.com/openagentsinc/bahia/internal/mcp/server.go:3398.16,3400.3 1 0
github.com/openagentsinc/bahia/internal/mcp/server.go:3402.2,3403.34 2 1
github.com/openagentsinc/bahia/internal/mcp/server.go:3404.15,3405.16 1 1
github.com/openagentsinc/bahia/internal/mcp/server.go:3406.11,3407.11 1 0
github.com/openagentsinc/bahia/internal/mcp/server.go:3408.13,3409.16 1 0
github.com/openagentsinc/bahia/internal/mcp/server.go:3411.2,3411.14 1 1
github.com/openagentsinc/bahia/internal/mcp/server.go:3411.14,3414.3 2 1
github.com/openagentsinc/bahia/internal/mcp/server.go:3416.2,3417.18 2 1
github.com/openagentsinc/bahia/internal/mcp/server.go:3417.18,3419.3 1 1
github.com/openagentsinc/bahia/internal/mcp/server.go:3420.2,3420.16 1 1
github.com/openagentsinc/bahia/internal/mcp/server.go:3421.16,3422.19 1 1
github.com/openagentsinc/bahia/internal/mcp/server.go:3423.16,3424.19 1 0
github.com/openagentsinc/bahia/internal/mcp/server.go:3425.16,3425.16 0 1
github.com/openagentsinc/bahia/internal/mcp/server.go:3427.10,3428.85 1 1
github.com/openagentsinc/bahia/internal/mcp/server.go:3431.2,3432.27 2 1
github.com/openagentsinc/bahia/internal/mcp/server.go:3435.107,3440.16 4 1
github.com/openagentsinc/bahia/internal/mcp/server.go:3440.16,3442.3 1 0
github.com/openagentsinc/bahia/internal/mcp/server.go:3444.2,3445.19 2 1
github.com/openagentsinc/bahia/internal/mcp/server.go:3446.19,3447.37 1 1
github.com/openagentsinc/bahia/internal/mcp/server.go:3448.16,3449.34 1 0
github.com/openagentsinc/bahia/internal/mcp/server.go:3450.19,3451.37 1 0
github.com/openagentsinc/bahia/internal/mcp/server.go:3452.10,3453.114 1 0
github.com/openagentsinc/bahia/internal/mcp/server.go:3456.2,3457.49 2 1
github.com/openagentsinc/bahia/internal/mcp/server.go:3457.49,3460.3 2 1
github.com/openagentsinc/bahia/internal/mcp/server.go:3462.2,3462.87 1 1
github.com/openagentsinc/bahia/internal/mcp/server.go:3462.87,3464.3 1 0
github.com/openagentsinc/bahia/internal/mcp/server.go:3466.2,3476.27 3 1
github.com/openagentsinc/bahia/internal/mcp/server.go:3479.107,3480.26 1 1
github.com/openagentsinc/bahia/internal/mcp/server.go:3480.26,3482.3 1 1
github.com/openagentsinc/bahia/internal/mcp/server.go:3484.2,3487.16 3 1
github.com/openagentsinc/bahia/internal/mcp/server.go:3487.16,3489.3 1 0
github.com/openagentsinc/bahia/internal/mcp/server.go:3491.2,3492.16 2 1
github.com/openagentsinc/bahia/internal/mcp/server.go:3492.16,3494.3 1 0
github.com/openagentsinc/bahia/internal/mcp/server.go:3496.2,3500.27 2 1
github.com/openagentsinc/bahia/internal/mcp/server.go:3503.108,3504.48 1 1
github.com/openagentsinc/bahia/internal/mcp/server.go:3504.48,3506.3 1 0
github.com/openagentsinc/bahia/internal/mcp/server.go:3508.2,3513.16 5 1
github.com/openagentsinc/bahia/internal/mcp/server.go:3513.16,3515.3 1 1
github.com/openagentsinc/bahia/internal/mcp/server.go:3516.2,3516.17 1 1
github.com/openagentsinc/bahia/internal/mcp/server.go:3516.17,3518.3 1 0
github.com/openagentsinc/bahia/internal/mcp/server.go:3520.2,3521.16 2 1
github.com/openagentsinc/bahia/internal/mcp/server.go:3521.16,3523.3 1 0
github.com/openagentsinc/bahia/internal/mcp/server.go:3525.2,3526.20 2 1
github.com/openagentsinc/bahia/internal/mcp/server.go:3526.20,3528.17 2 1
github.com/openagentsinc/bahia/internal/mcp/server.go:3528.17,3530.4 1 0
github.com/openagentsinc/bahia/internal/mcp/server.go:3531.3,3531.23 1 1
github.com/openagentsinc/bahia/internal/mcp/server.go:3535.2,3536.16 2 1
github.com/openagentsinc/bahia/internal/mcp/server.go:3536.16,3538.3 1 0
github.com/openagentsinc/bahia/internal/mcp/server.go:3540.2,3553.58 2 1
github.com/openagentsinc/bahia/internal/mcp/server.go:3553.58,3555.3 1 0
github.com/openagentsinc/bahia/internal/mcp/server.go:3557.2,3571.27 3 1
github.com/openagentsinc/bahia/internal/mcp/server.go:3574.108,3575.48 1 1
github.com/openagentsinc/bahia/internal/mcp/server.go:3575.48,3577.3 1 0
github.com/openagentsinc/bahia/internal/mcp/server.go:3579.2,3582.17 3 1
github.com/openagentsinc/bahia/internal/mcp/server.go:3582.17,3584.3 1 0
github.com/openagentsinc/bahia/internal/mcp/server.go:3586.2,3587.16 2 1
github.com/openagentsinc/bahia/internal/mcp/server.go:3587.16,3589.3 1 1
github.com/openagentsinc/bahia/internal/mcp/server.go:3592.2,3593.16 2 1
github.com/openagentsinc/bahia/internal/mcp/server.go:3593.16,3595.3 1 0
github.com/openagentsinc/bahia/internal/mcp/server.go:3596.2,3596.21 1 1
github.com/openagentsinc/bahia/internal/mcp/server.go:3596.21,3598.3 1 0
github.com/openagentsinc/bahia/internal/mcp/server.go:3601.2,3602.16 2 1
github.com/openagentsinc/bahia/internal/mcp/server.go:3602.16,3604.3 1 0
github.com/openagentsinc/bahia/internal/mcp/server.go:3607.2,3611.60 4 1
github.com/openagentsinc/bahia/internal/mcp/server.go:3611.60,3613.3 1 0
github.com/openagentsinc/bahia/internal/mcp/server.go:3615.2,3626.27 3 1
github.com/openagentsinc/bahia/internal/mcp/server.go:3629.108,3630.26 1 1
github.com/openagentsinc/bahia/internal/mcp/server.go:3630.26,3632.3 1 0
github.com/openagentsinc/bahia/internal/mcp/server.go:3634.2,3637.16 3 1
github.com/openagentsinc/bahia/internal/mcp/server.go:3637.16,3639.3 1 0
github.com/openagentsinc/bahia/internal/mcp/server.go:3641.2,3641.60 1 1
github.com/openagentsinc/bahia/internal/mcp/server.go:3641.60,3643.3 1 0
github.com/openagentsinc/bahia/internal/mcp/server.go:3645.2,3651.27 3 1
github.com/openagentsinc/bahia/internal/mcp/server.go:3654.107,3655.22 1 1
github.com/openagentsinc/bahia/internal/mcp/server.go:3655.22,3657.3 1 1
github.com/openagentsinc/bahia/internal/mcp/server.go:3659.2,3662.42 4 1
github.com/openagentsinc/bahia/internal/mcp/server.go:3662.42,3664.3 1 1
github.com/openagentsinc/bahia/internal/mcp/server.go:3667.2,3668.16 2 1
github.com/openagentsinc/bahia/internal/mcp/server.go:3668.16,3670.3 1 0
github.com/openagentsinc/bahia/internal/mcp/server.go:3673.2,3674.28 2 1
github.com/openagentsinc/bahia/internal/mcp/server.go:3674.28,3676.53 1 1
github.com/openagentsinc/bahia/internal/mcp/server.go:3676.53,3677.12 1 0
github.com/openagentsinc/bahia/internal/mcp/server.go:3680.3,3680.19 1 1
github.com/openagentsinc/bahia/internal/mcp/server.go:3680.19,3682.29 2 1
github.com/openagentsinc/bahia/internal/mcp/server.go:3682.29,3683.13 1 1
github.com/openagentsinc/bahia/internal/mcp/server.go:3686.3,3686.33 1 1
github.com/openagentsinc/bahia/internal/mcp/server.go:3689.2,3693.27 2 1
github.com/openagentsinc/bahia/internal/mcp/server.go:3696.105,3697.22 1 1
github.com/openagentsinc/bahia/internal/mcp/server.go:3697.22,3699.3 1 0
github.com/openagentsinc/bahia/internal/mcp/server.go:3701.2,3702.18 2 1
github.com/openagentsinc/bahia/internal/mcp/server.go:3702.18,3704.3 1 1
github.com/openagentsinc/bahia/internal/mcp/server.go:3706.2,3707.16 2 1
github.com/openagentsinc/bahia/internal/mcp/server.go:3707.16,3709.3 1 0
github.com/openagentsinc/bahia/internal/mcp/server.go:3710.2,3710.19 1 1
github.com/openagentsinc/bahia/internal/mcp/server.go:3710.19,3712.3 1 0
github.com/openagentsinc/bahia/internal/mcp/server.go:3714.2,3714.40 1 1
github.com/openagentsinc/bahia/internal/mcp/server.go:3717.112,3718.22 1 1
github.com/openagentsinc/bahia/internal/mcp/server.go:3718.22,3720.3 1 0
github.com/openagentsinc/bahia/internal/mcp/server.go:3722.2,3723.18 2 1
github.com/openagentsinc/bahia/internal/mcp/server.go:3723.18,3725.3 1 0
github.com/openagentsinc/bahia/internal/mcp/server.go:3727.2,3728.16 2 1
github.com/openagentsinc/bahia/internal/mcp/server.go:3728.16,3730.3 1 0
github.com/openagentsinc/bahia/internal/mcp/server.go:3731.2,3731.19 1 1
github.com/openagentsinc/bahia/internal/mcp/server.go:3731.19,3733.3 1 1
github.com/openagentsinc/bahia/internal/mcp/server.go:3736.2,3741.27 2 1
github.com/openagentsinc/bahia/internal/mcp/server.go:3744.108,3745.23 1 1
github.com/openagentsinc/bahia/internal/mcp/server.go:3745.23,3747.3 1 0
github.com/openagentsinc/bahia/internal/mcp/server.go:3749.2,3750.16 2 1
github.com/openagentsinc/bahia/internal/mcp/server.go:3750.16,3752.3 1 1
github.com/openagentsinc/bahia/internal/mcp/server.go:3754.2,3756.16 3 1
github.com/openagentsinc/bahia/internal/mcp/server.go:3756.16,3758.3 1 0
github.com/openagentsinc/bahia/internal/mcp/server.go:3760.2,3760.48 1 1
github.com/openagentsinc/bahia/internal/mcp/server.go:3763.106,3764.23 1 1
github.com/openagentsinc/bahia/internal/mcp/server.go:3764.23,3766.3 1 1
github.com/openagentsinc/bahia/internal/mcp/server.go:3768.2,3769.16 2 1
github.com/openagentsinc/bahia/internal/mcp/server.go:3769.16,3771.3 1 0
github.com/openagentsinc/bahia/internal/mcp/server.go:3773.2,3774.16 2 1
github.com/openagentsinc/bahia/internal/mcp/server.go:3774.16,3776.3 1 0
github.com/openagentsinc/bahia/internal/mcp/server.go:3778.2,3779.16 2 1
github.com/openagentsinc/bahia/internal/mcp/server.go:3779.16,3781.3 1 0
github.com/openagentsinc/bahia/internal/mcp/server.go:3783.2,3788.27 2 1
github.com/openagentsinc/bahia/internal/mcp/server.go:3791.113,3792.23 1 1
github.com/openagentsinc/bahia/internal/mcp/server.go:3792.23,3794.3 1 0
github.com/openagentsinc/bahia/internal/mcp/server.go:3796.2,3797.24 2 1
github.com/openagentsinc/bahia/internal/mcp/server.go:3797.24,3799.3 1 1
github.com/openagentsinc/bahia/internal/mcp/server.go:3800.2,3800.24 1 1
github.com/openagentsinc/bahia/internal/mcp/server.go:3800.24,3802.3 1 1
github.com/openagentsinc/bahia/internal/mcp/server.go:3804.2,3805.16 2 1
github.com/openagentsinc/bahia/internal/mcp/server.go:3805.16,3807.3 1 0
github.com/openagentsinc/bahia/internal/mcp/server.go:3809.2,3810.16 2 1
github.com/openagentsinc/bahia/internal/mcp/server.go:3810.16,3812.3 1 0
github.com/openagentsinc/bahia/internal/mcp/server.go:3814.2,3820.27 2 1
github.com/openagentsinc/bahia/internal/mcp/server.go:3823.105,3825.23 2 1
github.com/openagentsinc/bahia/internal/mcp/server.go:3825.23,3827.3 1 0
github.com/openagentsinc/bahia/internal/mcp/server.go:3829.2,3830.16 2 1
github.com/openagentsinc/bahia/internal/mcp/server.go:3830.16,3832.3 1 0
github.com/openagentsinc/bahia/internal/mcp/server.go:3834.2,3835.16 2 1
github.com/openagentsinc/bahia/internal/mcp/server.go:3835.16,3837.3 1 0
github.com/openagentsinc/bahia/internal/mcp/server.go:3838.2,3838.19 1 1
github.com/openagentsinc/bahia/internal/mcp/server.go:3838.19,3840.3 1 0
github.com/openagentsinc/bahia/internal/mcp/server.go:3842.2,3842.40 1 1
github.com/openagentsinc/bahia/internal/mcp/server.go:3845.116,3846.31 1 0
github.com/openagentsinc/bahia/internal/mcp/server.go:3846.31,3848.3 1 0
github.com/openagentsinc/bahia/internal/mcp/server.go:3850.2,3851.16 2 0
github.com/openagentsinc/bahia/internal/mcp/server.go:3851.16,3853.3 1 0
github.com/openagentsinc/bahia/internal/mcp/server.go:3854.2,3855.16 2 0
github.com/openagentsinc/bahia/internal/mcp/server.go:3855.16,3857.3 1 0
github.com/openagentsinc/bahia/internal/mcp/server.go:3858.2,3859.37 2 0
github.com/openagentsinc/bahia/internal/mcp/server.go:3859.37,3861.3 1 0
github.com/openagentsinc/bahia/internal/mcp/server.go:3863.2,3864.9 2 0
github.com/openagentsinc/bahia/internal/mcp/server.go:3864.9,3866.3 1 0
github.com/openagentsinc/bahia/internal/mcp/server.go:3867.2,3868.16 2 0
github.com/openagentsinc/bahia/internal/mcp/server.go:3868.16,3870.3 1 0
github.com/openagentsinc/bahia/internal/mcp/server.go:3871.2,3872.58 2 0
github.com/openagentsinc/bahia/internal/mcp/server.go:3872.58,3874.3 1 0
github.com/openagentsinc/bahia/internal/mcp/server.go:3875.2,3875.21 1 0
github.com/openagentsinc/bahia/internal/mcp/server.go:3875.21,3877.3 1 0
github.com/openagentsinc/bahia/internal/mcp/server.go:3878.2,3878.26 1 0
github.com/openagentsinc/bahia/internal/mcp/server.go:3878.26,3879.76 1 0
github.com/openagentsinc/bahia/internal/mcp/server.go:3879.76,3881.4 1 0
github.com/openagentsinc/bahia/internal/mcp/server.go:3884.2,3885.21 2 0
github.com/openagentsinc/bahia/internal/mcp/server.go:3885.21,3887.3 1 0
github.com/openagentsinc/bahia/internal/mcp/server.go:3888.2,3899.69 2 0
github.com/openagentsinc/bahia/internal/mcp/server.go:3899.69,3901.3 1 0
github.com/openagentsinc/bahia/internal/mcp/server.go:3903.2,3903.31 1 0
github.com/openagentsinc/bahia/internal/mcp/server.go:3903.31,3905.88 2 0
github.com/openagentsinc/bahia/internal/mcp/server.go:3905.88,3907.4 1 0
github.com/openagentsinc/bahia/internal/mcp/server.go:3908.3,3920.95 3 0
github.com/openagentsinc/bahia/internal/mcp/server.go:3923.2,3926.4 1 0
github.com/openagentsinc/bahia/internal/mcp/server.go:3929.115,3930.31 1 0
github.com/openagentsinc/bahia/internal/mcp/server.go:3930.31,3932.3 1 0
github.com/openagentsinc/bahia/internal/mcp/server.go:3933.2,3934.16 2 0
github.com/openagentsinc/bahia/internal/mcp/server.go:3934.16,3936.3 1 0
github.com/openagentsinc/bahia/internal/mcp/server.go:3937.2,3938.16 2 0
github.com/openagentsinc/bahia/internal/mcp/server.go:3938.16,3940.3 1 0
github.com/openagentsinc/bahia/internal/mcp/server.go:3941.2,3941.19 1 0
github.com/openagentsinc/bahia/internal/mcp/server.go:3941.19,3943.3 1 0
github.com/openagentsinc/bahia/internal/mcp/server.go:3944.2,3944.53 1 0
github.com/openagentsinc/bahia/internal/mcp/server.go:3947.116,3948.31 1 0
github.com/openagentsinc/bahia/internal/mcp/server.go:3948.31,3950.3 1 0
github.com/openagentsinc/bahia/internal/mcp/server.go:3951.2,3952.16 2 0
github.com/openagentsinc/bahia/internal/mcp/server.go:3952.16,3954.3 1 0
github.com/openagentsinc/bahia/internal/mcp/server.go:3955.2,3956.37 2 0
github.com/openagentsinc/bahia/internal/mcp/server.go:3956.37,3958.3 1 0
github.com/openagentsinc/bahia/internal/mcp/server.go:3959.2,3960.16 2 0
github.com/openagentsinc/bahia/internal/mcp/server.go:3960.16,3962.3 1 0
github.com/openagentsinc/bahia/internal/mcp/server.go:3963.2,3963.19 1 0
github.com/openagentsinc/bahia/internal/mcp/server.go:3963.19,3965.3 1 0
github.com/openagentsinc/bahia/internal/mcp/server.go:3966.2,3970.69 5 0
github.com/openagentsinc/bahia/internal/mcp/server.go:3970.69,3972.3 1 0
github.com/openagentsinc/bahia/internal/mcp/server.go:3973.2,3974.109 2 0
github.com/openagentsinc/bahia/internal/mcp/server.go:3977.115,3978.31 1 0
github.com/openagentsinc/bahia/internal/mcp/server.go:3978.31,3980.3 1 0
github.com/openagentsinc/bahia/internal/mcp/server.go:3981.2,3982.16 2 0
github.com/openagentsinc/bahia/internal/mcp/server.go:3982.16,3984.3 1 0
github.com/openagentsinc/bahia/internal/mcp/server.go:3985.2,3986.37 2 0
github.com/openagentsinc/bahia/internal/mcp/server.go:3986.37,3988.3 1 0
github.com/openagentsinc/bahia/internal/mcp/server.go:3989.2,3990.16 2 0
github.com/openagentsinc/bahia/internal/mcp/server.go:3990.16,3992.3 1 0
github.com/openagentsinc/bahia/internal/mcp/server.go:3993.2,3993.19 1 0
github.com/openagentsinc/bahia/internal/mcp/server.go:3993.19,3995.3 1 0
github.com/openagentsinc/bahia/internal/mcp/server.go:3996.2,3997.69 2 0
github.com/openagentsinc/bahia/internal/mcp/server.go:3997.69,3999.3 1 0
github.com/openagentsinc/bahia/internal/mcp/server.go:4000.2,4001.109 2 0
github.com/openagentsinc/bahia/internal/mcp/server.go:4004.111,4005.31 1 0
github.com/openagentsinc/bahia/internal/mcp/server.go:4005.31,4007.3 1 0
github.com/openagentsinc/bahia/internal/mcp/server.go:4008.2,4011.113 4 0
github.com/openagentsinc/bahia/internal/mcp/server.go:4011.113,4013.3 1 0
github.com/openagentsinc/bahia/internal/mcp/server.go:4014.2,4015.69 2 0
github.com/openagentsinc/bahia/internal/mcp/server.go:4015.69,4017.3 1 0
github.com/openagentsinc/bahia/internal/mcp/server.go:4018.2,4018.102 1 0
github.com/openagentsinc/bahia/internal/mcp/server.go:4021.114,4022.31 1 0
github.com/openagentsinc/bahia/internal/mcp/server.go:4022.31,4024.3 1 0
github.com/openagentsinc/bahia/internal/mcp/server.go:4025.2,4027.78 3 0
github.com/openagentsinc/bahia/internal/mcp/server.go:4027.78,4029.3 1 0
github.com/openagentsinc/bahia/internal/mcp/server.go:4030.2,4030.89 1 0
github.com/openagentsinc/bahia/internal/mcp/server.go:4030.89,4032.3 1 0
github.com/openagentsinc/bahia/internal/mcp/server.go:4033.2,4033.64 1 0
github.com/openagentsinc/bahia/internal/mcp/server.go:4036.112,4037.31 1 0
github.com/openagentsinc/bahia/internal/mcp/server.go:4037.31,4039.3 1 0
github.com/openagentsinc/bahia/internal/mcp/server.go:4040.2,4041.16 2 0
github.com/openagentsinc/bahia/internal/mcp/server.go:4041.16,4043.3 1 0
github.com/openagentsinc/bahia/internal/mcp/server.go:4044.2,4044.113 1 0
github.com/openagentsinc/bahia/internal/mcp/server.go:4047.110,4048.31 1 0
github.com/openagentsinc/bahia/internal/mcp/server.go:4048.31,4050.3 1 0
github.com/openagentsinc/bahia/internal/mcp/server.go:4051.2,4052.16 2 0
github.com/openagentsinc/bahia/internal/mcp/server.go:4052.16,4054.3 1 0
github.com/openagentsinc/bahia/internal/mcp/server.go:4055.2,4056.16 2 0
github.com/openagentsinc/bahia/internal/mcp/server.go:4056.16,4058.3 1 0
github.com/openagentsinc/bahia/internal/mcp/server.go:4059.2,4060.16 2 0
github.com/openagentsinc/bahia/internal/mcp/server.go:4060.16,4062.3 1 0
github.com/openagentsinc/bahia/internal/mcp/server.go:4063.2,4063.18 1 0
github.com/openagentsinc/bahia/internal/mcp/server.go:4063.18,4065.3 1 0
github.com/openagentsinc/bahia/internal/mcp/server.go:4066.2,4066.82 1 0
github.com/openagentsinc/bahia/internal/mcp/server.go:4071.73,4073.16 2 1
github.com/openagentsinc/bahia/internal/mcp/server.go:4073.16,4075.3 1 0
github.com/openagentsinc/bahia/internal/mcp/server.go:4076.2,4076.34 1 1
github.com/openagentsinc/bahia/internal/mcp/server.go:4079.79,4081.15 2 1
github.com/openagentsinc/bahia/internal/mcp/server.go:4081.15,4083.3 1 0
github.com/openagentsinc/bahia/internal/mcp/server.go:4084.2,4085.16 2 1
github.com/openagentsinc/bahia/internal/mcp/server.go:4085.16,4087.3 1 0
github.com/openagentsinc/bahia/internal/mcp/server.go:4088.2,4088.16 1 1
github.com/openagentsinc/bahia/internal/mcp/server.go:4091.80,4094.51 3 0
github.com/openagentsinc/bahia/internal/mcp/server.go:4094.51,4096.3 1 0
github.com/openagentsinc/bahia/internal/mcp/server.go:4097.2,4097.47 1 0
github.com/openagentsinc/bahia/internal/mcp/server.go:4097.47,4099.3 1 0
github.com/openagentsinc/bahia/internal/mcp/server.go:4100.2,4100.52 1 0
github.com/openagentsinc/bahia/internal/mcp/server.go:4100.52,4102.3 1 0
github.com/openagentsinc/bahia/internal/mcp/server.go:4103.2,4103.48 1 0
github.com/openagentsinc/bahia/internal/mcp/server.go:4103.48,4105.3 1 0
github.com/openagentsinc/bahia/internal/mcp/server.go:4106.2,4106.22 1 0
github.com/openagentsinc/bahia/internal/mcp/server.go:4109.67,4110.18 1 1
github.com/openagentsinc/bahia/internal/mcp/server.go:4110.18,4112.3 1 0
github.com/openagentsinc/bahia/internal/mcp/server.go:4113.2,4123.3 1 1
github.com/openagentsinc/bahia/internal/mcp/server.go:4126.73,4127.20 1 0
github.com/openagentsinc/bahia/internal/mcp/server.go:4127.20,4129.3 1 0
github.com/openagentsinc/bahia/internal/mcp/server.go:4130.2,4145.3 1 0
github.com/openagentsinc/bahia/internal/mcp/server.go:4148.108,4150.20 2 1
github.com/openagentsinc/bahia/internal/mcp/server.go:4150.20,4152.3 1 0
github.com/openagentsinc/bahia/internal/mcp/server.go:4153.2,4156.28 4 1
github.com/openagentsinc/bahia/internal/mcp/server.go:4156.28,4158.3 1 1
github.com/openagentsinc/bahia/internal/mcp/server.go:4159.2,4163.27 5 1
github.com/openagentsinc/bahia/internal/mcp/server.go:4163.27,4165.3 1 1
github.com/openagentsinc/bahia/internal/mcp/server.go:4166.2,4166.33 1 1
github.com/openagentsinc/bahia/internal/mcp/server.go:4166.33,4168.3 1 1
github.com/openagentsinc/bahia/internal/mcp/server.go:4169.2,4169.29 1 1
github.com/openagentsinc/bahia/internal/mcp/server.go:4169.29,4171.3 1 1
github.com/openagentsinc/bahia/internal/mcp/server.go:4172.2,4172.28 1 1
github.com/openagentsinc/bahia/internal/mcp/server.go:4172.28,4174.3 1 1
github.com/openagentsinc/bahia/internal/mcp/server.go:4175.2,4175.28 1 1
github.com/openagentsinc/bahia/internal/mcp/server.go:4175.28,4177.3 1 1
github.com/openagentsinc/bahia/internal/mcp/server.go:4178.2,4178.15 1 1
github.com/openagentsinc/bahia/internal/mcp/server.go:4181.56,4183.16 2 1
github.com/openagentsinc/bahia/internal/mcp/server.go:4183.16,4185.3 1 0
github.com/openagentsinc/bahia/internal/mcp/server.go:4187.2,4192.8 1 1
github.com/openagentsinc/bahia/internal/mcp/server.go:4195.46,4203.2 1 1
github.com/openagentsinc/bahia/internal/mcp/server.go:4205.90,4206.19 1 0
github.com/openagentsinc/bahia/internal/mcp/server.go:4206.19,4208.3 1 0
github.com/openagentsinc/bahia/internal/mcp/server.go:4209.2,4225.30 2 0
github.com/openagentsinc/bahia/internal/mcp/server.go:4225.30,4227.3 1 0
github.com/openagentsinc/bahia/internal/mcp/server.go:4228.2,4228.10 1 0
github.com/openagentsinc/bahia/internal/mcp/server.go:4231.83,4232.18 1 0
github.com/openagentsinc/bahia/internal/mcp/server.go:4232.18,4234.3 1 0
github.com/openagentsinc/bahia/internal/mcp/server.go:4235.2,4243.3 1 0
github.com/openagentsinc/bahia/internal/mcp/server.go:4246.85,4247.18 1 0
github.com/openagentsinc/bahia/internal/mcp/server.go:4247.18,4249.3 1 0
github.com/openagentsinc/bahia/internal/mcp/server.go:4250.2,4257.3 1 0
github.com/openagentsinc/bahia/internal/mcp/server.go:4260.93,4262.25 2 0
github.com/openagentsinc/bahia/internal/mcp/server.go:4262.25,4264.3 1 0
github.com/openagentsinc/bahia/internal/mcp/server.go:4265.2,4265.15 1 0
github.com/openagentsinc/bahia/internal/mcp/server.go:4268.63,4279.2 1 1
github.com/openagentsinc/bahia/internal/mcp/server.go:4281.73,4283.26 2 1
github.com/openagentsinc/bahia/internal/mcp/server.go:4283.26,4285.3 1 1
github.com/openagentsinc/bahia/internal/mcp/server.go:4286.2,4286.15 1 1
github.com/openagentsinc/bahia/internal/mcp/server.go:4289.71,4298.35 2 1
github.com/openagentsinc/bahia/internal/mcp/server.go:4298.35,4300.3 1 1
github.com/openagentsinc/bahia/internal/mcp/server.go:4301.2,4301.30 1 1
github.com/openagentsinc/bahia/internal/mcp/server.go:4301.30,4303.3 1 1
github.com/openagentsinc/bahia/internal/mcp/server.go:4304.2,4304.10 1 1
github.com/openagentsinc/bahia/internal/mcp/server.go:4307.77,4309.22 2 1
github.com/openagentsinc/bahia/internal/mcp/server.go:4309.22,4311.3 1 1
github.com/openagentsinc/bahia/internal/mcp/server.go:4312.2,4312.15 1 1
github.com/openagentsinc/bahia/internal/mcp/server.go:4315.76,4317.30 2 0
github.com/openagentsinc/bahia/internal/mcp/server.go:4317.30,4328.3 1 0
github.com/openagentsinc/bahia/internal/mcp/server.go:4329.2,4329.15 1 0
github.com/openagentsinc/bahia/internal/mcp/server.go:4332.75,4333.16 1 1
github.com/openagentsinc/bahia/internal/mcp/server.go:4333.16,4335.3 1 0
github.com/openagentsinc/bahia/internal/mcp/server.go:4336.2,4347.27 2 1
github.com/openagentsinc/bahia/internal/mcp/server.go:4347.27,4349.3 1 1
github.com/openagentsinc/bahia/internal/mcp/server.go:4350.2,4350.10 1 1
github.com/openagentsinc/bahia/internal/mcp/server.go:4353.87,4355.28 2 1
github.com/openagentsinc/bahia/internal/mcp/server.go:4355.28,4357.3 1 1
github.com/openagentsinc/bahia/internal/mcp/server.go:4358.2,4358.15 1 1
github.com/openagentsinc/bahia/internal/mcp/server.go:4361.63,4362.14 1 1
github.com/openagentsinc/bahia/internal/mcp/server.go:4362.14,4364.3 1 0
github.com/openagentsinc/bahia/internal/mcp/server.go:4365.2,4377.3 1 1
github.com/openagentsinc/bahia/internal/mcp/server.go:4380.81,4382.29 2 1
github.com/openagentsinc/bahia/internal/mcp/server.go:4382.29,4393.3 1 1
github.com/openagentsinc/bahia/internal/mcp/server.go:4394.2,4394.15 1 1
github.com/openagentsinc/bahia/internal/mcp/server.go:4397.67,4399.27 2 0
github.com/openagentsinc/bahia/internal/mcp/server.go:4399.27,4410.24 2 0
github.com/openagentsinc/bahia/internal/mcp/server.go:4410.24,4412.4 1 0
github.com/openagentsinc/bahia/internal/mcp/server.go:4413.3,4413.25 1 0
github.com/openagentsinc/bahia/internal/mcp/server.go:4413.25,4415.4 1 0
github.com/openagentsinc/bahia/internal/mcp/server.go:4416.3,4416.26 1 0
github.com/openagentsinc/bahia/internal/mcp/server.go:4416.26,4418.4 1 0
github.com/openagentsinc/bahia/internal/mcp/server.go:4419.3,4419.16 1 0
github.com/openagentsinc/bahia/internal/mcp/server.go:4421.2,4421.15 1 0
github.com/openagentsinc/bahia/internal/mcp/server.go:4424.85,4426.27 2 1
github.com/openagentsinc/bahia/internal/mcp/server.go:4426.27,4433.33 2 1
github.com/openagentsinc/bahia/internal/mcp/server.go:4433.33,4435.4 1 1
github.com/openagentsinc/bahia/internal/mcp/server.go:4436.3,4436.31 1 1
github.com/openagentsinc/bahia/internal/mcp/server.go:4436.31,4438.4 1 1
github.com/openagentsinc/bahia/internal/mcp/server.go:4439.3,4439.35 1 1
github.com/openagentsinc/bahia/internal/mcp/server.go:4439.35,4441.4 1 0
github.com/openagentsinc/bahia/internal/mcp/server.go:4442.3,4442.36 1 1
github.com/openagentsinc/bahia/internal/mcp/server.go:4442.36,4444.4 1 1
github.com/openagentsinc/bahia/internal/mcp/server.go:4445.3,4445.32 1 1
github.com/openagentsinc/bahia/internal/mcp/server.go:4445.32,4447.4 1 0
github.com/openagentsinc/bahia/internal/mcp/server.go:4448.3,4448.16 1 1
github.com/openagentsinc/bahia/internal/mcp/server.go:4450.2,4450.15 1 1
github.com/openagentsinc/bahia/internal/mcp/server.go:4453.80,4455.33 2 1
github.com/openagentsinc/bahia/internal/mcp/server.go:4455.33,4457.3 1 1
github.com/openagentsinc/bahia/internal/mcp/server.go:4458.2,4458.15 1 1
github.com/openagentsinc/bahia/internal/mcp/server.go:4461.74,4474.38 2 1
github.com/openagentsinc/bahia/internal/mcp/server.go:4474.38,4476.3 1 0
github.com/openagentsinc/bahia/internal/mcp/server.go:4477.2,4477.30 1 1
github.com/openagentsinc/bahia/internal/mcp/server.go:4477.30,4479.3 1 0
github.com/openagentsinc/bahia/internal/mcp/server.go:4480.2,4480.10 1 1
github.com/openagentsinc/bahia/internal/mcp/server.go:4483.70,4485.25 2 1
github.com/openagentsinc/bahia/internal/mcp/server.go:4485.25,4487.3 1 1
github.com/openagentsinc/bahia/internal/mcp/server.go:4488.2,4488.15 1 1
github.com/openagentsinc/bahia/internal/mcp/server.go:4491.59,4505.25 2 1
github.com/openagentsinc/bahia/internal/mcp/server.go:4505.25,4507.3 1 1
github.com/openagentsinc/bahia/internal/mcp/server.go:4508.2,4508.27 1 1
github.com/openagentsinc/bahia/internal/mcp/server.go:4508.27,4510.3 1 1
github.com/openagentsinc/bahia/internal/mcp/server.go:4511.2,4511.27 1 1
github.com/openagentsinc/bahia/internal/mcp/server.go:4511.27,4513.3 1 1
github.com/openagentsinc/bahia/internal/mcp/server.go:4514.2,4514.21 1 1
github.com/openagentsinc/bahia/internal/mcp/server.go:4514.21,4516.3 1 1
github.com/openagentsinc/bahia/internal/mcp/server.go:4517.2,4517.32 1 1
github.com/openagentsinc/bahia/internal/mcp/server.go:4517.32,4519.3 1 1
github.com/openagentsinc/bahia/internal/mcp/server.go:4520.2,4520.10 1 1
github.com/openagentsinc/bahia/internal/mcp/server.go:4523.71,4525.25 2 1
github.com/openagentsinc/bahia/internal/mcp/server.go:4525.25,4533.24 2 1
github.com/openagentsinc/bahia/internal/mcp/server.go:4533.24,4535.4 1 0
github.com/openagentsinc/bahia/internal/mcp/server.go:4536.3,4536.27 1 1
github.com/openagentsinc/bahia/internal/mcp/server.go:4536.27,4538.4 1 1
github.com/openagentsinc/bahia/internal/mcp/server.go:4539.3,4539.25 1 1
github.com/openagentsinc/bahia/internal/mcp/server.go:4539.25,4541.4 1 0
github.com/openagentsinc/bahia/internal/mcp/server.go:4542.3,4542.24 1 1
github.com/openagentsinc/bahia/internal/mcp/server.go:4542.24,4544.4 1 0
github.com/openagentsinc/bahia/internal/mcp/server.go:4545.3,4545.25 1 1
github.com/openagentsinc/bahia/internal/mcp/server.go:4545.25,4547.4 1 0
github.com/openagentsinc/bahia/internal/mcp/server.go:4548.3,4548.26 1 1
github.com/openagentsinc/bahia/internal/mcp/server.go:4548.26,4550.4 1 0
github.com/openagentsinc/bahia/internal/mcp/server.go:4551.3,4551.16 1 1
github.com/openagentsinc/bahia/internal/mcp/server.go:4553.2,4553.15 1 1
github.com/openagentsinc/bahia/internal/mcp/server.go:4556.78,4566.33 2 0
github.com/openagentsinc/bahia/internal/mcp/server.go:4566.33,4568.3 1 0
github.com/openagentsinc/bahia/internal/mcp/server.go:4569.2,4569.35 1 0
github.com/openagentsinc/bahia/internal/mcp/server.go:4569.35,4571.3 1 0
github.com/openagentsinc/bahia/internal/mcp/server.go:4572.2,4572.28 1 0
github.com/openagentsinc/bahia/internal/mcp/server.go:4572.28,4574.3 1 0
github.com/openagentsinc/bahia/internal/mcp/server.go:4575.2,4575.31 1 0
github.com/openagentsinc/bahia/internal/mcp/server.go:4575.31,4577.3 1 0
github.com/openagentsinc/bahia/internal/mcp/server.go:4578.2,4578.10 1 0
github.com/openagentsinc/bahia/internal/mcp/server.go:4581.63,4589.23 2 1
github.com/openagentsinc/bahia/internal/mcp/server.go:4589.23,4591.3 1 0
github.com/openagentsinc/bahia/internal/mcp/server.go:4592.2,4592.26 1 1
github.com/openagentsinc/bahia/internal/mcp/server.go:4592.26,4594.3 1 1
github.com/openagentsinc/bahia/internal/mcp/server.go:4595.2,4595.24 1 1
github.com/openagentsinc/bahia/internal/mcp/server.go:4595.24,4597.3 1 0
github.com/openagentsinc/bahia/internal/mcp/server.go:4598.2,4598.23 1 1
github.com/openagentsinc/bahia/internal/mcp/server.go:4598.23,4600.3 1 0
github.com/openagentsinc/bahia/internal/mcp/server.go:4601.2,4601.24 1 1
github.com/openagentsinc/bahia/internal/mcp/server.go:4601.24,4603.3 1 0
github.com/openagentsinc/bahia/internal/mcp/server.go:4604.2,4604.25 1 1
github.com/openagentsinc/bahia/internal/mcp/server.go:4604.25,4606.3 1 0
github.com/openagentsinc/bahia/internal/mcp/server.go:4607.2,4607.10 1 1
github.com/openagentsinc/bahia/internal/mcp/server.go:4610.87,4615.23 2 1
github.com/openagentsinc/bahia/internal/mcp/server.go:4615.23,4617.3 1 1
github.com/openagentsinc/bahia/internal/mcp/server.go:4618.2,4618.23 1 1
github.com/openagentsinc/bahia/internal/mcp/server.go:4618.23,4620.3 1 1
github.com/openagentsinc/bahia/internal/mcp/server.go:4621.2,4621.24 1 1
github.com/openagentsinc/bahia/internal/mcp/server.go:4621.24,4623.3 1 1
github.com/openagentsinc/bahia/internal/mcp/server.go:4624.2,4624.26 1 1
github.com/openagentsinc/bahia/internal/mcp/server.go:4624.26,4626.3 1 1
github.com/openagentsinc/bahia/internal/mcp/server.go:4627.2,4627.30 1 1
github.com/openagentsinc/bahia/internal/mcp/server.go:4627.30,4629.3 1 1
github.com/openagentsinc/bahia/internal/mcp/server.go:4630.2,4630.25 1 1
github.com/openagentsinc/bahia/internal/mcp/server.go:4630.25,4632.3 1 1
github.com/openagentsinc/bahia/internal/mcp/server.go:4633.2,4633.10 1 1
github.com/openagentsinc/bahia/internal/mcp/server.go:4636.78,4637.21 1 1
github.com/openagentsinc/bahia/internal/mcp/server.go:4637.21,4639.3 1 0
github.com/openagentsinc/bahia/internal/mcp/server.go:4640.2,4648.3 1 1
github.com/openagentsinc/bahia/internal/mcp/server.go:4651.76,4652.20 1 1
github.com/openagentsinc/bahia/internal/mcp/server.go:4652.20,4654.3 1 0
github.com/openagentsinc/bahia/internal/mcp/server.go:4655.2,4661.3 1 1
github.com/openagentsinc/bahia/internal/mcp/server.go:4664.84,4666.25 2 1
github.com/openagentsinc/bahia/internal/mcp/server.go:4666.25,4668.3 1 1
github.com/openagentsinc/bahia/internal/mcp/server.go:4669.2,4669.15 1 1
github.com/openagentsinc/bahia/internal/mcp/server.go:4672.75,4684.25 2 1
github.com/openagentsinc/bahia/internal/mcp/server.go:4684.25,4686.3 1 1
github.com/openagentsinc/bahia/internal/mcp/server.go:4687.2,4687.28 1 1
github.com/openagentsinc/bahia/internal/mcp/server.go:4687.28,4689.3 1 0
github.com/openagentsinc/bahia/internal/mcp/server.go:4690.2,4690.25 1 1
github.com/openagentsinc/bahia/internal/mcp/server.go:4690.25,4692.3 1 0
github.com/openagentsinc/bahia/internal/mcp/server.go:4693.2,4693.10 1 1
github.com/openagentsinc/bahia/internal/mcp/server.go:4696.66,4697.16 1 1
github.com/openagentsinc/bahia/internal/mcp/server.go:4698.109,4699.14 1 1
github.com/openagentsinc/bahia/internal/mcp/server.go:4700.10,4701.15 1 1
github.com/openagentsinc/bahia/internal/mcp/server.go:4705.77,4707.28 2 1
github.com/openagentsinc/bahia/internal/mcp/server.go:4707.28,4720.31 3 1
github.com/openagentsinc/bahia/internal/mcp/server.go:4720.31,4722.4 1 1
github.com/openagentsinc/bahia/internal/mcp/server.go:4723.3,4723.16 1 1
github.com/openagentsinc/bahia/internal/mcp/server.go:4725.2,4725.15 1 1
github.com/openagentsinc/bahia/internal/mcp/server.go:4730.108,4731.23 1 1
github.com/openagentsinc/bahia/internal/mcp/server.go:4731.23,4733.3 1 0
github.com/openagentsinc/bahia/internal/mcp/server.go:4736.2,4737.47 2 1
github.com/openagentsinc/bahia/internal/mcp/server.go:4737.47,4739.3 1 0
github.com/openagentsinc/bahia/internal/mcp/server.go:4742.2,4742.75 1 1
github.com/openagentsinc/bahia/internal/mcp/server.go:4742.75,4744.17 2 1
github.com/openagentsinc/bahia/internal/mcp/server.go:4744.17,4746.4 1 0
github.com/openagentsinc/bahia/internal/mcp/server.go:4749.3,4750.17 2 1
github.com/openagentsinc/bahia/internal/mcp/server.go:4750.17,4752.4 1 0
github.com/openagentsinc/bahia/internal/mcp/server.go:4754.3,4755.33 2 1
github.com/openagentsinc/bahia/internal/mcp/server.go:4755.33,4756.59 1 1
github.com/openagentsinc/bahia/internal/mcp/server.go:4756.59,4758.5 1 1
github.com/openagentsinc/bahia/internal/mcp/server.go:4761.3,4765.28 2 1
github.com/openagentsinc/bahia/internal/mcp/server.go:4769.2,4770.16 2 0
github.com/openagentsinc/bahia/internal/mcp/server.go:4770.16,4772.3 1 0
github.com/openagentsinc/bahia/internal/mcp/server.go:4774.2,4778.27 2 0
github.com/openagentsinc/bahia/internal/mcp/server.go:4781.105,4782.23 1 1
github.com/openagentsinc/bahia/internal/mcp/server.go:4782.23,4784.3 1 1
github.com/openagentsinc/bahia/internal/mcp/server.go:4786.2,4787.23 2 1
github.com/openagentsinc/bahia/internal/mcp/server.go:4787.23,4789.3 1 0
github.com/openagentsinc/bahia/internal/mcp/server.go:4791.2,4792.16 2 1
github.com/openagentsinc/bahia/internal/mcp/server.go:4792.16,4794.3 1 1
github.com/openagentsinc/bahia/internal/mcp/server.go:4796.2,4797.16 2 1
github.com/openagentsinc/bahia/internal/mcp/server.go:4797.16,4799.3 1 1
github.com/openagentsinc/bahia/internal/mcp/server.go:4800.2,4800.19 1 1
github.com/openagentsinc/bahia/internal/mcp/server.go:4800.19,4802.3 1 0
github.com/openagentsinc/bahia/internal/mcp/server.go:4804.2,4804.40 1 1
github.com/openagentsinc/bahia/internal/mcp/server.go:4807.108,4808.23 1 1
github.com/openagentsinc/bahia/internal/mcp/server.go:4808.23,4810.3 1 0
github.com/openagentsinc/bahia/internal/mcp/server.go:4812.2,4815.16 3 1
github.com/openagentsinc/bahia/internal/mcp/server.go:4815.16,4817.3 1 0
github.com/openagentsinc/bahia/internal/mcp/server.go:4818.2,4818.26 1 1
github.com/openagentsinc/bahia/internal/mcp/server.go:4818.26,4820.3 1 0
github.com/openagentsinc/bahia/internal/mcp/server.go:4823.2,4824.97 2 1
github.com/openagentsinc/bahia/internal/mcp/server.go:4824.97,4826.3 1 0
github.com/openagentsinc/bahia/internal/mcp/server.go:4829.2,4830.75 2 1
github.com/openagentsinc/bahia/internal/mcp/server.go:4830.75,4832.17 2 1
github.com/openagentsinc/bahia/internal/mcp/server.go:4832.17,4834.4 1 0
github.com/openagentsinc/bahia/internal/mcp/server.go:4835.3,4835.23 1 1
github.com/openagentsinc/bahia/internal/mcp/server.go:4839.2,4840.9 2 1
github.com/openagentsinc/bahia/internal/mcp/server.go:4840.9,4842.3 1 0
github.com/openagentsinc/bahia/internal/mcp/server.go:4845.2,4846.16 2 1
github.com/openagentsinc/bahia/internal/mcp/server.go:4846.16,4848.3 1 0
github.com/openagentsinc/bahia/internal/mcp/server.go:4850.2,4851.58 2 1
github.com/openagentsinc/bahia/internal/mcp/server.go:4851.58,4853.3 1 0
github.com/openagentsinc/bahia/internal/mcp/server.go:4856.2,4857.50 2 1
github.com/openagentsinc/bahia/internal/mcp/server.go:4857.50,4859.3 1 1
github.com/openagentsinc/bahia/internal/mcp/server.go:4861.2,4872.61 2 1
github.com/openagentsinc/bahia/internal/mcp/server.go:4872.61,4874.3 1 0
github.com/openagentsinc/bahia/internal/mcp/server.go:4876.2,4888.27 3 1
github.com/openagentsinc/bahia/internal/mcp/server.go:4891.108,4892.23 1 1
github.com/openagentsinc/bahia/internal/mcp/server.go:4892.23,4894.3 1 0
github.com/openagentsinc/bahia/internal/mcp/server.go:4896.2,4897.23 2 1
github.com/openagentsinc/bahia/internal/mcp/server.go:4897.23,4899.3 1 0
github.com/openagentsinc/bahia/internal/mcp/server.go:4901.2,4902.16 2 1
github.com/openagentsinc/bahia/internal/mcp/server.go:4902.16,4904.3 1 0
github.com/openagentsinc/bahia/internal/mcp/server.go:4907.2,4908.16 2 1
github.com/openagentsinc/bahia/internal/mcp/server.go:4908.16,4910.3 1 0
github.com/openagentsinc/bahia/internal/mcp/server.go:4911.2,4911.19 1 1
github.com/openagentsinc/bahia/internal/mcp/server.go:4911.19,4913.3 1 0
github.com/openagentsinc/bahia/internal/mcp/server.go:4916.2,4916.57 1 1
github.com/openagentsinc/bahia/internal/mcp/server.go:4916.57,4918.3 1 1
github.com/openagentsinc/bahia/internal/mcp/server.go:4920.2,4920.84 1 1
github.com/openagentsinc/bahia/internal/mcp/server.go:4920.84,4922.98 2 1
github.com/openagentsinc/bahia/internal/mcp/server.go:4922.98,4924.4 1 0
github.com/openagentsinc/bahia/internal/mcp/server.go:4925.3,4925.35 1 1
github.com/openagentsinc/bahia/internal/mcp/server.go:4928.2,4928.57 1 1
github.com/openagentsinc/bahia/internal/mcp/server.go:4928.57,4929.21 1 0
github.com/openagentsinc/bahia/internal/mcp/server.go:4929.21,4931.4 1 0
github.com/openagentsinc/bahia/internal/mcp/server.go:4931.9,4933.18 2 0
github.com/openagentsinc/bahia/internal/mcp/server.go:4933.18,4935.5 1 0
github.com/openagentsinc/bahia/internal/mcp/server.go:4936.4,4936.39 1 0
github.com/openagentsinc/bahia/internal/mcp/server.go:4940.2,4940.39 1 1
github.com/openagentsinc/bahia/internal/mcp/server.go:4940.39,4942.17 2 0
github.com/openagentsinc/bahia/internal/mcp/server.go:4942.17,4944.4 1 0
github.com/openagentsinc/bahia/internal/mcp/server.go:4946.3,4947.59 2 0
github.com/openagentsinc/bahia/internal/mcp/server.go:4947.59,4949.4 1 0
github.com/openagentsinc/bahia/internal/mcp/server.go:4950.3,4950.23 1 0
github.com/openagentsinc/bahia/internal/mcp/server.go:4953.2,4953.47 1 1
github.com/openagentsinc/bahia/internal/mcp/server.go:4953.47,4955.3 1 0
github.com/openagentsinc/bahia/internal/mcp/server.go:4957.2,4959.61 2 1
github.com/openagentsinc/bahia/internal/mcp/server.go:4959.61,4961.3 1 0
github.com/openagentsinc/bahia/internal/mcp/server.go:4963.2,4973.27 3 1
github.com/openagentsinc/bahia/internal/mcp/server.go:4976.108,4977.23 1 1
github.com/openagentsinc/bahia/internal/mcp/server.go:4977.23,4979.3 1 0
github.com/openagentsinc/bahia/internal/mcp/server.go:4981.2,4982.23 2 1
github.com/openagentsinc/bahia/internal/mcp/server.go:4982.23,4984.3 1 0
github.com/openagentsinc/bahia/internal/mcp/server.go:4986.2,4987.16 2 1
github.com/openagentsinc/bahia/internal/mcp/server.go:4987.16,4989.3 1 0
github.com/openagentsinc/bahia/internal/mcp/server.go:4991.2,4991.63 1 1
github.com/openagentsinc/bahia/internal/mcp/server.go:4991.63,4993.3 1 0
github.com/openagentsinc/bahia/internal/mcp/server.go:4995.2,5001.27 3 1
github.com/openagentsinc/bahia/internal/mcp/server.go:5004.110,5005.23 1 1
github.com/openagentsinc/bahia/internal/mcp/server.go:5005.23,5007.3 1 0
github.com/openagentsinc/bahia/internal/mcp/server.go:5009.2,5012.25 3 1
github.com/openagentsinc/bahia/internal/mcp/server.go:5012.25,5014.3 1 0
github.com/openagentsinc/bahia/internal/mcp/server.go:5015.2,5015.28 1 1
github.com/openagentsinc/bahia/internal/mcp/server.go:5015.28,5017.3 1 0
github.com/openagentsinc/bahia/internal/mcp/server.go:5019.2,5020.16 2 1
github.com/openagentsinc/bahia/internal/mcp/server.go:5020.16,5022.3 1 0
github.com/openagentsinc/bahia/internal/mcp/server.go:5024.2,5025.16 2 1
github.com/openagentsinc/bahia/internal/mcp/server.go:5025.16,5027.3 1 0
github.com/openagentsinc/bahia/internal/mcp/server.go:5029.2,5030.16 2 1
github.com/openagentsinc/bahia/internal/mcp/server.go:5030.16,5032.3 1 0
github.com/openagentsinc/bahia/internal/mcp/server.go:5034.2,5040.27 2 1
github.com/openagentsinc/bahia/internal/mcp/server.go:5043.82,5045.26 2 1
github.com/openagentsinc/bahia/internal/mcp/server.go:5045.26,5047.3 1 1
github.com/openagentsinc/bahia/internal/mcp/server.go:5048.2,5048.15 1 1
github.com/openagentsinc/bahia/internal/mcp/server.go:5051.69,5061.28 2 1
github.com/openagentsinc/bahia/internal/mcp/server.go:5061.28,5063.3 1 1
github.com/openagentsinc/bahia/internal/mcp/server.go:5064.2,5064.10 1 1
github.com/openagentsinc/bahia/internal/mcp/server.go:5067.82,5069.28 2 1
github.com/openagentsinc/bahia/internal/mcp/server.go:5069.28,5076.28 2 1
github.com/openagentsinc/bahia/internal/mcp/server.go:5076.28,5078.35 2 0
github.com/openagentsinc/bahia/internal/mcp/server.go:5078.35,5083.5 1 0
github.com/openagentsinc/bahia/internal/mcp/server.go:5084.4,5084.32 1 0
github.com/openagentsinc/bahia/internal/mcp/server.go:5086.3,5086.16 1 1
github.com/openagentsinc/bahia/internal/mcp/server.go:5088.2,5088.15 1 1
github.com/openagentsinc/bahia/internal/mcp/server.go:5093.120,5094.31 1 1
github.com/openagentsinc/bahia/internal/mcp/server.go:5094.31,5096.3 1 0
github.com/openagentsinc/bahia/internal/mcp/server.go:5098.2,5099.47 2 1
github.com/openagentsinc/bahia/internal/mcp/server.go:5099.47,5101.3 1 1
github.com/openagentsinc/bahia/internal/mcp/server.go:5103.2,5104.16 2 1
github.com/openagentsinc/bahia/internal/mcp/server.go:5104.16,5106.3 1 0
github.com/openagentsinc/bahia/internal/mcp/server.go:5108.2,5112.27 2 1
github.com/openagentsinc/bahia/internal/mcp/server.go:5115.118,5116.31 1 1
github.com/openagentsinc/bahia/internal/mcp/server.go:5116.31,5118.3 1 0
github.com/openagentsinc/bahia/internal/mcp/server.go:5120.2,5121.16 2 1
github.com/openagentsinc/bahia/internal/mcp/server.go:5121.16,5123.3 1 1
github.com/openagentsinc/bahia/internal/mcp/server.go:5125.2,5126.16 2 1
github.com/openagentsinc/bahia/internal/mcp/server.go:5126.16,5128.3 1 0
github.com/openagentsinc/bahia/internal/mcp/server.go:5129.2,5129.15 1 1
github.com/openagentsinc/bahia/internal/mcp/server.go:5129.15,5131.3 1 1
github.com/openagentsinc/bahia/internal/mcp/server.go:5133.2,5133.49 1 1
github.com/openagentsinc/bahia/internal/mcp/server.go:5136.121,5137.31 1 1
github.com/openagentsinc/bahia/internal/mcp/server.go:5137.31,5139.3 1 0
github.com/openagentsinc/bahia/internal/mcp/server.go:5141.2,5142.16 2 1
github.com/openagentsinc/bahia/internal/mcp/server.go:5142.16,5144.3 1 0
github.com/openagentsinc/bahia/internal/mcp/server.go:5146.2,5147.16 2 1
github.com/openagentsinc/bahia/internal/mcp/server.go:5147.16,5149.3 1 1
github.com/openagentsinc/bahia/internal/mcp/server.go:5151.2,5152.16 2 1
github.com/openagentsinc/bahia/internal/mcp/server.go:5152.16,5154.3 1 0
github.com/openagentsinc/bahia/internal/mcp/server.go:5155.2,5155.19 1 1
github.com/openagentsinc/bahia/internal/mcp/server.go:5155.19,5157.3 1 0
github.com/openagentsinc/bahia/internal/mcp/server.go:5159.2,5160.16 2 1
github.com/openagentsinc/bahia/internal/mcp/server.go:5160.16,5162.3 1 0
github.com/openagentsinc/bahia/internal/mcp/server.go:5164.2,5165.50 2 1
github.com/openagentsinc/bahia/internal/mcp/server.go:5165.50,5167.3 1 0
github.com/openagentsinc/bahia/internal/mcp/server.go:5169.2,5181.66 3 1
github.com/openagentsinc/bahia/internal/mcp/server.go:5181.66,5183.3 1 0
github.com/openagentsinc/bahia/internal/mcp/server.go:5185.2,5190.27 2 1
github.com/openagentsinc/bahia/internal/mcp/server.go:5193.121,5194.31 1 1
github.com/openagentsinc/bahia/internal/mcp/server.go:5194.31,5196.3 1 0
github.com/openagentsinc/bahia/internal/mcp/server.go:5198.2,5199.16 2 1
github.com/openagentsinc/bahia/internal/mcp/server.go:5199.16,5201.3 1 0
github.com/openagentsinc/bahia/internal/mcp/server.go:5203.2,5204.16 2 1
github.com/openagentsinc/bahia/internal/mcp/server.go:5204.16,5206.3 1 0
github.com/openagentsinc/bahia/internal/mcp/server.go:5207.2,5207.15 1 1
github.com/openagentsinc/bahia/internal/mcp/server.go:5207.15,5209.3 1 0
github.com/openagentsinc/bahia/internal/mcp/server.go:5211.2,5211.57 1 1
github.com/openagentsinc/bahia/internal/mcp/server.go:5211.57,5213.3 1 1
github.com/openagentsinc/bahia/internal/mcp/server.go:5214.2,5214.39 1 1
github.com/openagentsinc/bahia/internal/mcp/server.go:5214.39,5216.17 2 0
github.com/openagentsinc/bahia/internal/mcp/server.go:5216.17,5218.4 1 0
github.com/openagentsinc/bahia/internal/mcp/server.go:5219.3,5219.31 1 0
github.com/openagentsinc/bahia/internal/mcp/server.go:5221.2,5221.33 1 1
github.com/openagentsinc/bahia/internal/mcp/server.go:5221.33,5223.17 2 0
github.com/openagentsinc/bahia/internal/mcp/server.go:5223.17,5225.4 1 0
github.com/openagentsinc/bahia/internal/mcp/server.go:5226.3,5226.21 1 0
github.com/openagentsinc/bahia/internal/mcp/server.go:5228.2,5228.39 1 1
github.com/openagentsinc/bahia/internal/mcp/server.go:5228.39,5230.17 2 0
github.com/openagentsinc/bahia/internal/mcp/server.go:5230.17,5232.4 1 0
github.com/openagentsinc/bahia/internal/mcp/server.go:5233.3,5233.31 1 0
github.com/openagentsinc/bahia/internal/mcp/server.go:5235.2,5235.47 1 1
github.com/openagentsinc/bahia/internal/mcp/server.go:5235.47,5237.3 1 1
github.com/openagentsinc/bahia/internal/mcp/server.go:5238.2,5240.66 2 1
github.com/openagentsinc/bahia/internal/mcp/server.go:5240.66,5242.3 1 0
github.com/openagentsinc/bahia/internal/mcp/server.go:5244.2,5249.27 2 1
github.com/openagentsinc/bahia/internal/mcp/server.go:5252.121,5253.31 1 1
github.com/openagentsinc/bahia/internal/mcp/server.go:5253.31,5255.3 1 0
github.com/openagentsinc/bahia/internal/mcp/server.go:5257.2,5258.16 2 1
github.com/openagentsinc/bahia/internal/mcp/server.go:5258.16,5260.3 1 0
github.com/openagentsinc/bahia/internal/mcp/server.go:5262.2,5263.16 2 1
github.com/openagentsinc/bahia/internal/mcp/server.go:5263.16,5265.3 1 0
github.com/openagentsinc/bahia/internal/mcp/server.go:5266.2,5266.15 1 1
github.com/openagentsinc/bahia/internal/mcp/server.go:5266.15,5268.3 1 0
github.com/openagentsinc/bahia/internal/mcp/server.go:5270.2,5270.73 1 1
github.com/openagentsinc/bahia/internal/mcp/server.go:5270.73,5272.3 1 0
github.com/openagentsinc/bahia/internal/mcp/server.go:5274.2,5278.27 2 1
github.com/openagentsinc/bahia/internal/mcp/server.go:5281.119,5282.31 1 1
github.com/openagentsinc/bahia/internal/mcp/server.go:5282.31,5284.3 1 0
github.com/openagentsinc/bahia/internal/mcp/server.go:5285.2,5285.31 1 1
github.com/openagentsinc/bahia/internal/mcp/server.go:5285.31,5287.3 1 0
github.com/openagentsinc/bahia/internal/mcp/server.go:5289.2,5290.16 2 1
github.com/openagentsinc/bahia/internal/mcp/server.go:5290.16,5292.3 1 0
github.com/openagentsinc/bahia/internal/mcp/server.go:5294.2,5295.16 2 1
github.com/openagentsinc/bahia/internal/mcp/server.go:5295.16,5297.3 1 0
github.com/openagentsinc/bahia/internal/mcp/server.go:5298.2,5298.15 1 1
github.com/openagentsinc/bahia/internal/mcp/server.go:5298.15,5300.3 1 0
github.com/openagentsinc/bahia/internal/mcp/server.go:5301.2,5301.17 1 1
github.com/openagentsinc/bahia/internal/mcp/server.go:5301.17,5303.3 1 1
github.com/openagentsinc/bahia/internal/mcp/server.go:5305.2,5308.17 1 1
github.com/openagentsinc/bahia/internal/mcp/server.go:5308.17,5310.3 1 0
github.com/openagentsinc/bahia/internal/mcp/server.go:5312.2,5316.27 2 1
github.com/openagentsinc/bahia/internal/mcp/server.go:5319.113,5320.31 1 1
github.com/openagentsinc/bahia/internal/mcp/server.go:5320.31,5322.3 1 1
github.com/openagentsinc/bahia/internal/mcp/server.go:5324.2,5327.16 4 1
github.com/openagentsinc/bahia/internal/mcp/server.go:5327.16,5329.3 1 1
github.com/openagentsinc/bahia/internal/mcp/server.go:5332.2,5333.16 2 1
github.com/openagentsinc/bahia/internal/mcp/server.go:5333.16,5335.3 1 0
github.com/openagentsinc/bahia/internal/mcp/server.go:5338.2,5339.27 2 1
github.com/openagentsinc/bahia/internal/mcp/server.go:5339.27,5341.19 1 1
github.com/openagentsinc/bahia/internal/mcp/server.go:5341.19,5342.71 1 1
github.com/openagentsinc/bahia/internal/mcp/server.go:5342.71,5343.13 1 1
github.com/openagentsinc/bahia/internal/mcp/server.go:5345.4,5345.127 1 1
github.com/openagentsinc/bahia/internal/mcp/server.go:5345.127,5346.13 1 1
github.com/openagentsinc/bahia/internal/mcp/server.go:5351.3,5351.52 1 1
github.com/openagentsinc/bahia/internal/mcp/server.go:5351.52,5352.12 1 1
github.com/openagentsinc/bahia/internal/mcp/server.go:5355.3,5355.35 1 1
github.com/openagentsinc/bahia/internal/mcp/server.go:5358.2,5362.27 2 1
github.com/openagentsinc/bahia/internal/mcp/server.go:5365.111,5366.31 1 1
github.com/openagentsinc/bahia/internal/mcp/server.go:5366.31,5368.3 1 0
github.com/openagentsinc/bahia/internal/mcp/server.go:5370.2,5370.145 1 1
github.com/openagentsinc/bahia/internal/mcp/server.go:5373.116,5374.31 1 1
github.com/openagentsinc/bahia/internal/mcp/server.go:5374.31,5376.3 1 0
github.com/openagentsinc/bahia/internal/mcp/server.go:5378.2,5379.29 2 1
github.com/openagentsinc/bahia/internal/mcp/server.go:5379.29,5381.3 1 1
github.com/openagentsinc/bahia/internal/mcp/server.go:5383.2,5384.16 2 1
github.com/openagentsinc/bahia/internal/mcp/server.go:5384.16,5386.3 1 1
github.com/openagentsinc/bahia/internal/mcp/server.go:5390.2,5391.16 2 1
github.com/openagentsinc/bahia/internal/mcp/server.go:5391.16,5393.3 1 0
github.com/openagentsinc/bahia/internal/mcp/server.go:5395.2,5396.27 2 1
github.com/openagentsinc/bahia/internal/mcp/server.go:5396.27,5397.31 1 1
github.com/openagentsinc/bahia/internal/mcp/server.go:5397.31,5399.9 2 1
github.com/openagentsinc/bahia/internal/mcp/server.go:5403.2,5403.25 1 1
github.com/openagentsinc/bahia/internal/mcp/server.go:5403.25,5405.3 1 1
github.com/openagentsinc/bahia/internal/mcp/server.go:5408.2,5409.72 2 1
github.com/openagentsinc/bahia/internal/mcp/server.go:5409.72,5411.3 1 0
github.com/openagentsinc/bahia/internal/mcp/server.go:5413.2,5419.27 3 1
github.com/openagentsinc/bahia/internal/mcp/server.go:5422.115,5423.31 1 1
github.com/openagentsinc/bahia/internal/mcp/server.go:5423.31,5425.3 1 0
github.com/openagentsinc/bahia/internal/mcp/server.go:5427.2,5427.114 1 1
github.com/openagentsinc/bahia/internal/mcp/server.go:5430.97,5432.26 2 1
github.com/openagentsinc/bahia/internal/mcp/server.go:5432.26,5434.3 1 1
github.com/openagentsinc/bahia/internal/mcp/server.go:5435.2,5435.15 1 1
github.com/openagentsinc/bahia/internal/mcp/server.go:5438.86,5450.2 1 1
github.com/openagentsinc/bahia/internal/mcp/server.go:5452.76,5453.19 1 1
github.com/openagentsinc/bahia/internal/mcp/server.go:5453.19,5455.3 1 0
github.com/openagentsinc/bahia/internal/mcp/server.go:5456.2,5457.33 2 1
github.com/openagentsinc/bahia/internal/mcp/server.go:5457.33,5458.44 1 1
github.com/openagentsinc/bahia/internal/mcp/server.go:5458.44,5460.12 2 1
github.com/openagentsinc/bahia/internal/mcp/server.go:5462.3,5462.24 1 0
github.com/openagentsinc/bahia/internal/mcp/server.go:5464.2,5464.17 1 1
github.com/openagentsinc/bahia/internal/mcp/server.go:5467.76,5468.26 1 1
github.com/openagentsinc/bahia/internal/mcp/server.go:5468.26,5469.44 1 1
github.com/openagentsinc/bahia/internal/mcp/server.go:5469.44,5471.4 1 1
github.com/openagentsinc/bahia/internal/mcp/server.go:5473.2,5473.14 1 0
github.com/openagentsinc/bahia/internal/mcp/server.go:5476.56,5478.42 2 1
github.com/openagentsinc/bahia/internal/mcp/server.go:5478.42,5480.3 1 1
github.com/openagentsinc/bahia/internal/mcp/server.go:5481.2,5481.147 1 0
github.com/openagentsinc/bahia/internal/mcp/server.go:5481.147,5482.36 1 0
github.com/openagentsinc/bahia/internal/mcp/server.go:5482.36,5484.4 1 0
github.com/openagentsinc/bahia/internal/mcp/server.go:5486.2,5486.14 1 0
github.com/openagentsinc/bahia/internal/mcp/server.go:5489.88,5491.17 2 1
github.com/openagentsinc/bahia/internal/mcp/server.go:5491.17,5493.3 1 0
github.com/openagentsinc/bahia/internal/mcp/server.go:5494.2,5495.16 2 1
github.com/openagentsinc/bahia/internal/mcp/server.go:5495.16,5497.3 1 1
github.com/openagentsinc/bahia/internal/mcp/server.go:5498.2,5498.16 1 1
github.com/openagentsinc/bahia/internal/mcp/server.go:5501.85,5502.32 1 1
github.com/openagentsinc/bahia/internal/mcp/server.go:5503.15,5504.16 1 1
github.com/openagentsinc/bahia/internal/mcp/server.go:5505.15,5506.16 1 0
github.com/openagentsinc/bahia/internal/mcp/server.go:5507.11,5508.11 1 1
github.com/openagentsinc/bahia/internal/mcp/server.go:5509.13,5510.16 1 0
github.com/openagentsinc/bahia/internal/mcp/server.go:5511.19,5512.43 1 0
github.com/openagentsinc/bahia/internal/mcp/server.go:5512.43,5514.4 1 0
github.com/openagentsinc/bahia/internal/mcp/server.go:5516.2,5516.21 1 0
github.com/openagentsinc/bahia/internal/mcp/server.go:5519.63,5520.65 1 1
github.com/openagentsinc/bahia/internal/mcp/server.go:5520.65,5522.10 2 1
github.com/openagentsinc/bahia/internal/mcp/server.go:5522.10,5523.12 1 1
github.com/openagentsinc/bahia/internal/mcp/server.go:5525.3,5525.30 1 1
github.com/openagentsinc/bahia/internal/mcp/server.go:5526.15,5528.19 2 1
github.com/openagentsinc/bahia/internal/mcp/server.go:5528.19,5530.5 1 0
github.com/openagentsinc/bahia/internal/mcp/server.go:5531.4,5531.29 1 1
github.com/openagentsinc/bahia/internal/mcp/server.go:5532.46,5534.18 2 0
github.com/openagentsinc/bahia/internal/mcp/server.go:5534.18,5536.5 1 0
github.com/openagentsinc/bahia/internal/mcp/server.go:5537.4,5537.20 1 0
github.com/openagentsinc/bahia/internal/mcp/server.go:5538.11,5539.70 1 0
github.com/openagentsinc/bahia/internal/mcp/server.go:5542.2,5542.49 1 1
github.com/openagentsinc/bahia/internal/mcp/server.go:5545.92,5547.26 2 1
github.com/openagentsinc/bahia/internal/mcp/server.go:5547.26,5549.3 1 0
github.com/openagentsinc/bahia/internal/mcp/server.go:5550.2,5551.90 2 1
github.com/openagentsinc/bahia/internal/mcp/server.go:5551.90,5553.3 1 1
github.com/openagentsinc/bahia/internal/mcp/server.go:5554.2,5554.25 1 1
github.com/openagentsinc/bahia/internal/mcp/server.go:5557.87,5559.25 2 1
github.com/openagentsinc/bahia/internal/mcp/server.go:5559.25,5561.3 1 0
github.com/openagentsinc/bahia/internal/mcp/server.go:5562.2,5562.31 1 1
github.com/openagentsinc/bahia/internal/mcp/server.go:5563.22,5564.20 1 1
github.com/openagentsinc/bahia/internal/mcp/server.go:5565.10,5566.55 1 0
github.com/openagentsinc/bahia/internal/mcp/server.go:5570.85,5572.27 2 1
github.com/openagentsinc/bahia/internal/mcp/server.go:5572.27,5583.26 2 1
github.com/openagentsinc/bahia/internal/mcp/server.go:5583.26,5585.4 1 1
github.com/openagentsinc/bahia/internal/mcp/server.go:5587.2,5587.15 1 1
github.com/openagentsinc/bahia/internal/controlplane/encrypted_domain_handlers.go:58.93,60.19 2 1
github.com/openagentsinc/bahia/internal/controlplane/encrypted_domain_handlers.go:60.19,62.3 1 0
github.com/openagentsinc/bahia/internal/controlplane/encrypted_domain_handlers.go:63.2,64.51 2 1
github.com/openagentsinc/bahia/internal/controlplane/encrypted_domain_handlers.go:64.51,66.23 2 1
github.com/openagentsinc/bahia/internal/controlplane/encrypted_domain_handlers.go:66.23,68.4 1 1
github.com/openagentsinc/bahia/internal/controlplane/encrypted_domain_handlers.go:70.2,78.3 1 1
github.com/openagentsinc/bahia/internal/controlplane/encrypted_domain_handlers.go:81.82,82.34 1 0
github.com/openagentsinc/bahia/internal/controlplane/encrypted_domain_handlers.go:82.34,84.3 1 0
github.com/openagentsinc/bahia/internal/controlplane/encrypted_domain_handlers.go:85.2,95.79 11 0
github.com/openagentsinc/bahia/internal/controlplane/encrypted_domain_handlers.go:98.110,99.23 1 1
github.com/openagentsinc/bahia/internal/controlplane/encrypted_domain_handlers.go:99.23,101.3 1 0
github.com/openagentsinc/bahia/internal/controlplane/encrypted_domain_handlers.go:102.2,106.66 2 1
github.com/openagentsinc/bahia/internal/controlplane/encrypted_domain_handlers.go:106.66,108.3 1 0
github.com/openagentsinc/bahia/internal/controlplane/encrypted_domain_handlers.go:109.2,110.18 2 1
github.com/openagentsinc/bahia/internal/controlplane/encrypted_domain_handlers.go:110.18,112.3 1 0
github.com/openagentsinc/bahia/internal/controlplane/encrypted_domain_handlers.go:113.2,114.16 2 1
github.com/openagentsinc/bahia/internal/controlplane/encrypted_domain_handlers.go:114.16,116.3 1 0
github.com/openagentsinc/bahia/internal/controlplane/encrypted_domain_handlers.go:117.2,117.17 1 1
github.com/openagentsinc/bahia/internal/controlplane/encrypted_domain_handlers.go:117.17,119.3 1 1
github.com/openagentsinc/bahia/internal/controlplane/encrypted_domain_handlers.go:120.2,121.16 2 1
github.com/openagentsinc/bahia/internal/controlplane/encrypted_domain_handlers.go:121.16,123.3 1 0
github.com/openagentsinc/bahia/internal/controlplane/encrypted_domain_handlers.go:124.2,124.21 1 1
github.com/openagentsinc/bahia/internal/controlplane/encrypted_domain_handlers.go:127.104,128.43 1 0
github.com/openagentsinc/bahia/internal/controlplane/encrypted_domain_handlers.go:128.43,130.3 1 0
github.com/openagentsinc/bahia/internal/controlplane/encrypted_domain_handlers.go:131.2,133.16 3 0
github.com/openagentsinc/bahia/internal/controlplane/encrypted_domain_handlers.go:133.16,135.3 1 0
github.com/openagentsinc/bahia/internal/controlplane/encrypted_domain_handlers.go:136.2,141.41 3 0
github.com/openagentsinc/bahia/internal/controlplane/encrypted_domain_handlers.go:141.41,143.17 2 0
github.com/openagentsinc/bahia/internal/controlplane/encrypted_domain_handlers.go:143.17,144.12 1 0
github.com/openagentsinc/bahia/internal/controlplane/encrypted_domain_handlers.go:146.3,146.81 1 0
github.com/openagentsinc/bahia/internal/controlplane/encrypted_domain_handlers.go:148.2,148.20 1 0
github.com/openagentsinc/bahia/internal/controlplane/encrypted_domain_handlers.go:151.105,152.43 1 1
github.com/openagentsinc/bahia/internal/controlplane/encrypted_domain_handlers.go:152.43,154.3 1 0
github.com/openagentsinc/bahia/internal/controlplane/encrypted_domain_handlers.go:155.2,158.66 2 1
github.com/openagentsinc/bahia/internal/controlplane/encrypted_domain_handlers.go:158.66,160.3 1 0
github.com/openagentsinc/bahia/internal/controlplane/encrypted_domain_handlers.go:161.2,162.16 2 1
github.com/openagentsinc/bahia/internal/controlplane/encrypted_domain_handlers.go:162.16,164.3 1 0
github.com/openagentsinc/bahia/internal/controlplane/encrypted_domain_handlers.go:165.2,166.89 2 1
github.com/openagentsinc/bahia/internal/controlplane/encrypted_domain_handlers.go:166.89,168.3 1 0
github.com/openagentsinc/bahia/internal/controlplane/encrypted_domain_handlers.go:169.2,170.16 2 1
github.com/openagentsinc/bahia/internal/controlplane/encrypted_domain_handlers.go:170.16,172.3 1 0
github.com/openagentsinc/bahia/internal/controlplane/encrypted_domain_handlers.go:173.2,174.33 2 1
github.com/openagentsinc/bahia/internal/controlplane/encrypted_domain_handlers.go:174.33,175.66 1 1
github.com/openagentsinc/bahia/internal/controlplane/encrypted_domain_handlers.go:175.66,177.9 2 1
github.com/openagentsinc/bahia/internal/controlplane/encrypted_domain_handlers.go:180.2,181.88 2 1
github.com/openagentsinc/bahia/internal/controlplane/encrypted_domain_handlers.go:181.88,183.17 2 1
github.com/openagentsinc/bahia/internal/controlplane/encrypted_domain_handlers.go:183.17,185.4 1 0
github.com/openagentsinc/bahia/internal/controlplane/encrypted_domain_handlers.go:187.2,192.8 1 1
github.com/openagentsinc/bahia/internal/controlplane/encrypted_domain_handlers.go:195.105,196.43 1 1
github.com/openagentsinc/bahia/internal/controlplane/encrypted_domain_handlers.go:196.43,198.3 1 0
github.com/openagentsinc/bahia/internal/controlplane/encrypted_domain_handlers.go:199.2,200.38 2 1
github.com/openagentsinc/bahia/internal/controlplane/encrypted_domain_handlers.go:200.38,201.72 1 1
github.com/openagentsinc/bahia/internal/controlplane/encrypted_domain_handlers.go:201.72,203.4 1 0
github.com/openagentsinc/bahia/internal/controlplane/encrypted_domain_handlers.go:205.2,209.66 2 1
github.com/openagentsinc/bahia/internal/controlplane/encrypted_domain_handlers.go:209.66,211.3 1 0
github.com/openagentsinc/bahia/internal/controlplane/encrypted_domain_handlers.go:212.2,213.46 2 1
github.com/openagentsinc/bahia/internal/controlplane/encrypted_domain_handlers.go:213.46,215.3 1 0
github.com/openagentsinc/bahia/internal/controlplane/encrypted_domain_handlers.go:216.2,216.55 1 1
github.com/openagentsinc/bahia/internal/controlplane/encrypted_domain_handlers.go:216.55,218.3 1 0
github.com/openagentsinc/bahia/internal/controlplane/encrypted_domain_handlers.go:219.2,220.23 2 1
github.com/openagentsinc/bahia/internal/controlplane/encrypted_domain_handlers.go:220.23,222.3 1 0
github.com/openagentsinc/bahia/internal/controlplane/encrypted_domain_handlers.go:223.2,224.48 2 1
github.com/openagentsinc/bahia/internal/controlplane/encrypted_domain_handlers.go:224.48,227.3 2 0
github.com/openagentsinc/bahia/internal/controlplane/encrypted_domain_handlers.go:228.2,229.51 2 1
github.com/openagentsinc/bahia/internal/controlplane/encrypted_domain_handlers.go:229.51,231.3 1 0
github.com/openagentsinc/bahia/internal/controlplane/encrypted_domain_handlers.go:232.2,232.17 1 1
github.com/openagentsinc/bahia/internal/controlplane/encrypted_domain_handlers.go:235.105,236.43 1 0
github.com/openagentsinc/bahia/internal/controlplane/encrypted_domain_handlers.go:236.43,238.3 1 0
github.com/openagentsinc/bahia/internal/controlplane/encrypted_domain_handlers.go:239.2,242.66 2 0
github.com/openagentsinc/bahia/internal/controlplane/encrypted_domain_handlers.go:242.66,244.3 1 0
github.com/openagentsinc/bahia/internal/controlplane/encrypted_domain_handlers.go:245.2,246.16 2 0
github.com/openagentsinc/bahia/internal/controlplane/encrypted_domain_handlers.go:246.16,248.3 1 0
github.com/openagentsinc/bahia/internal/controlplane/encrypted_domain_handlers.go:249.2,249.103 1 0
github.com/openagentsinc/bahia/internal/controlplane/encrypted_domain_handlers.go:249.103,251.3 1 0
github.com/openagentsinc/bahia/internal/controlplane/encrypted_domain_handlers.go:252.2,252.50 1 0
github.com/openagentsinc/bahia/internal/controlplane/encrypted_domain_handlers.go:252.50,253.36 1 0
github.com/openagentsinc/bahia/internal/controlplane/encrypted_domain_handlers.go:253.36,255.4 1 0
github.com/openagentsinc/bahia/internal/controlplane/encrypted_domain_handlers.go:256.3,256.67 1 0
github.com/openagentsinc/bahia/internal/controlplane/encrypted_domain_handlers.go:258.2,258.66 1 0
github.com/openagentsinc/bahia/internal/controlplane/encrypted_domain_handlers.go:261.105,262.43 1 0
github.com/openagentsinc/bahia/internal/controlplane/encrypted_domain_handlers.go:262.43,264.3 1 0
github.com/openagentsinc/bahia/internal/controlplane/encrypted_domain_handlers.go:265.2,267.16 3 0
github.com/openagentsinc/bahia/internal/controlplane/encrypted_domain_handlers.go:267.16,269.3 1 0
github.com/openagentsinc/bahia/internal/controlplane/encrypted_domain_handlers.go:270.2,276.33 3 0
github.com/openagentsinc/bahia/internal/controlplane/encrypted_domain_handlers.go:276.33,278.17 2 0
github.com/openagentsinc/bahia/internal/controlplane/encrypted_domain_handlers.go:278.17,279.12 1 0
github.com/openagentsinc/bahia/internal/controlplane/encrypted_domain_handlers.go:281.3,282.111 2 0
github.com/openagentsinc/bahia/internal/controlplane/encrypted_domain_handlers.go:284.2,284.20 1 0
github.com/openagentsinc/bahia/internal/controlplane/encrypted_domain_handlers.go:287.108,288.43 1 0
github.com/openagentsinc/bahia/internal/controlplane/encrypted_domain_handlers.go:288.43,290.3 1 0
github.com/openagentsinc/bahia/internal/controlplane/encrypted_domain_handlers.go:291.2,294.66 2 0
github.com/openagentsinc/bahia/internal/controlplane/encrypted_domain_handlers.go:294.66,296.3 1 0
github.com/openagentsinc/bahia/internal/controlplane/encrypted_domain_handlers.go:297.2,298.16 2 0
github.com/openagentsinc/bahia/internal/controlplane/encrypted_domain_handlers.go:298.16,300.3 1 0
github.com/openagentsinc/bahia/internal/controlplane/encrypted_domain_handlers.go:301.2,302.35 2 0
github.com/openagentsinc/bahia/internal/controlplane/encrypted_domain_handlers.go:302.35,304.3 1 0
github.com/openagentsinc/bahia/internal/controlplane/encrypted_domain_handlers.go:305.2,305.16 1 0
github.com/openagentsinc/bahia/internal/controlplane/encrypted_domain_handlers.go:305.16,307.3 1 0
github.com/openagentsinc/bahia/internal/controlplane/encrypted_domain_handlers.go:308.2,309.65 2 0
github.com/openagentsinc/bahia/internal/controlplane/encrypted_domain_handlers.go:309.65,311.3 1 0
github.com/openagentsinc/bahia/internal/controlplane/encrypted_domain_handlers.go:312.2,312.24 1 0
github.com/openagentsinc/bahia/internal/controlplane/encrypted_domain_handlers.go:312.24,314.3 1 0
github.com/openagentsinc/bahia/internal/controlplane/encrypted_domain_handlers.go:315.2,316.51 2 0
github.com/openagentsinc/bahia/internal/controlplane/encrypted_domain_handlers.go:316.51,318.3 1 0
github.com/openagentsinc/bahia/internal/controlplane/encrypted_domain_handlers.go:319.2,320.20 2 0
github.com/openagentsinc/bahia/internal/controlplane/encrypted_domain_handlers.go:323.108,324.43 1 1
github.com/openagentsinc/bahia/internal/controlplane/encrypted_domain_handlers.go:324.43,326.3 1 0
github.com/openagentsinc/bahia/internal/controlplane/encrypted_domain_handlers.go:327.2,333.66 2 1
github.com/openagentsinc/bahia/internal/controlplane/encrypted_domain_handlers.go:333.66,335.3 1 0
github.com/openagentsinc/bahia/internal/controlplane/encrypted_domain_handlers.go:336.2,337.16 2 1
github.com/openagentsinc/bahia/internal/controlplane/encrypted_domain_handlers.go:337.16,339.3 1 0
github.com/openagentsinc/bahia/internal/controlplane/encrypted_domain_handlers.go:340.2,341.87 2 1
github.com/openagentsinc/bahia/internal/controlplane/encrypted_domain_handlers.go:341.87,343.3 1 0
github.com/openagentsinc/bahia/internal/controlplane/encrypted_domain_handlers.go:344.2,345.18 2 1
github.com/openagentsinc/bahia/internal/controlplane/encrypted_domain_handlers.go:345.18,347.3 1 0
github.com/openagentsinc/bahia/internal/controlplane/encrypted_domain_handlers.go:348.2,349.16 2 1
github.com/openagentsinc/bahia/internal/controlplane/encrypted_domain_handlers.go:349.16,351.3 1 0
github.com/openagentsinc/bahia/internal/controlplane/encrypted_domain_handlers.go:352.2,352.31 1 1
github.com/openagentsinc/bahia/internal/controlplane/encrypted_domain_handlers.go:352.31,354.3 1 0
github.com/openagentsinc/bahia/internal/controlplane/encrypted_domain_handlers.go:355.2,356.50 2 1
github.com/openagentsinc/bahia/internal/controlplane/encrypted_domain_handlers.go:356.50,358.3 1 1
github.com/openagentsinc/bahia/internal/controlplane/encrypted_domain_handlers.go:359.2,360.20 2 0
github.com/openagentsinc/bahia/internal/controlplane/encrypted_domain_handlers.go:360.20,362.3 1 0
github.com/openagentsinc/bahia/internal/controlplane/encrypted_domain_handlers.go:363.2,364.54 2 0
github.com/openagentsinc/bahia/internal/controlplane/encrypted_domain_handlers.go:364.54,366.3 1 0
github.com/openagentsinc/bahia/internal/controlplane/encrypted_domain_handlers.go:367.2,367.20 1 0
github.com/openagentsinc/bahia/internal/controlplane/encrypted_domain_handlers.go:370.108,371.43 1 0
github.com/openagentsinc/bahia/internal/controlplane/encrypted_domain_handlers.go:371.43,373.3 1 0
github.com/openagentsinc/bahia/internal/controlplane/encrypted_domain_handlers.go:374.2,378.66 2 0
github.com/openagentsinc/bahia/internal/controlplane/encrypted_domain_handlers.go:378.66,380.3 1 0
github.com/openagentsinc/bahia/internal/controlplane/encrypted_domain_handlers.go:381.2,382.16 2 0
github.com/openagentsinc/bahia/internal/controlplane/encrypted_domain_handlers.go:382.16,384.3 1 0
github.com/openagentsinc/bahia/internal/controlplane/encrypted_domain_handlers.go:385.2,386.16 2 0
github.com/openagentsinc/bahia/internal/controlplane/encrypted_domain_handlers.go:386.16,388.3 1 0
github.com/openagentsinc/bahia/internal/controlplane/encrypted_domain_handlers.go:389.2,389.103 1 0
github.com/openagentsinc/bahia/internal/controlplane/encrypted_domain_handlers.go:389.103,391.3 1 0
github.com/openagentsinc/bahia/internal/controlplane/encrypted_domain_handlers.go:392.2,392.56 1 0
github.com/openagentsinc/bahia/internal/controlplane/encrypted_domain_handlers.go:392.56,393.36 1 0
github.com/openagentsinc/bahia/internal/controlplane/encrypted_domain_handlers.go:393.36,395.4 1 0
github.com/openagentsinc/bahia/internal/controlplane/encrypted_domain_handlers.go:396.3,396.61 1 0
github.com/openagentsinc/bahia/internal/controlplane/encrypted_domain_handlers.go:398.2,398.60 1 0
github.com/openagentsinc/bahia/internal/controlplane/encrypted_domain_handlers.go:401.112,402.43 1 0
github.com/openagentsinc/bahia/internal/controlplane/encrypted_domain_handlers.go:402.43,404.3 1 0
github.com/openagentsinc/bahia/internal/controlplane/encrypted_domain_handlers.go:405.2,410.66 2 0
github.com/openagentsinc/bahia/internal/controlplane/encrypted_domain_handlers.go:410.66,412.3 1 0
github.com/openagentsinc/bahia/internal/controlplane/encrypted_domain_handlers.go:413.2,414.16 2 0
github.com/openagentsinc/bahia/internal/controlplane/encrypted_domain_handlers.go:414.16,416.3 1 0
github.com/openagentsinc/bahia/internal/controlplane/encrypted_domain_handlers.go:417.2,418.24 2 0
github.com/openagentsinc/bahia/internal/controlplane/encrypted_domain_handlers.go:418.24,420.3 1 0
github.com/openagentsinc/bahia/internal/controlplane/encrypted_domain_handlers.go:421.2,421.39 1 0
github.com/openagentsinc/bahia/internal/controlplane/encrypted_domain_handlers.go:421.39,423.3 1 0
github.com/openagentsinc/bahia/internal/controlplane/encrypted_domain_handlers.go:424.2,425.87 2 0
github.com/openagentsinc/bahia/internal/controlplane/encrypted_domain_handlers.go:425.87,427.3 1 0
github.com/openagentsinc/bahia/internal/controlplane/encrypted_domain_handlers.go:428.2,429.58 2 0
github.com/openagentsinc/bahia/internal/controlplane/encrypted_domain_handlers.go:429.58,431.3 1 0
github.com/openagentsinc/bahia/internal/controlplane/encrypted_domain_handlers.go:432.2,433.35 2 0
github.com/openagentsinc/bahia/internal/controlplane/encrypted_domain_handlers.go:433.35,435.3 1 0
github.com/openagentsinc/bahia/internal/controlplane/encrypted_domain_handlers.go:436.2,436.16 1 0
github.com/openagentsinc/bahia/internal/controlplane/encrypted_domain_handlers.go:436.16,438.3 1 0
github.com/openagentsinc/bahia/internal/controlplane/encrypted_domain_handlers.go:439.2,439.63 1 0
github.com/openagentsinc/bahia/internal/controlplane/encrypted_domain_handlers.go:439.63,441.3 1 0
github.com/openagentsinc/bahia/internal/controlplane/encrypted_domain_handlers.go:442.2,442.85 1 0
github.com/openagentsinc/bahia/internal/controlplane/encrypted_domain_handlers.go:442.85,444.3 1 0
github.com/openagentsinc/bahia/internal/controlplane/encrypted_domain_handlers.go:445.2,445.58 1 0
github.com/openagentsinc/bahia/internal/controlplane/encrypted_domain_handlers.go:448.108,449.43 1 0
github.com/openagentsinc/bahia/internal/controlplane/encrypted_domain_handlers.go:449.43,451.3 1 0
github.com/openagentsinc/bahia/internal/controlplane/encrypted_domain_handlers.go:452.2,456.66 2 0
github.com/openagentsinc/bahia/internal/controlplane/encrypted_domain_handlers.go:456.66,458.3 1 0
github.com/openagentsinc/bahia/internal/controlplane/encrypted_domain_handlers.go:459.2,460.16 2 0
github.com/openagentsinc/bahia/internal/controlplane/encrypted_domain_handlers.go:460.16,462.3 1 0
github.com/openagentsinc/bahia/internal/controlplane/encrypted_domain_handlers.go:463.2,464.24 2 0
github.com/openagentsinc/bahia/internal/controlplane/encrypted_domain_handlers.go:464.24,466.3 1 0
github.com/openagentsinc/bahia/internal/controlplane/encrypted_domain_handlers.go:467.2,468.38 2 0
github.com/openagentsinc/bahia/internal/controlplane/encrypted_domain_handlers.go:468.38,469.88 1 0
github.com/openagentsinc/bahia/internal/controlplane/encrypted_domain_handlers.go:469.88,471.4 1 0
github.com/openagentsinc/bahia/internal/controlplane/encrypted_domain_handlers.go:473.2,474.35 2 0
github.com/openagentsinc/bahia/internal/controlplane/encrypted_domain_handlers.go:474.35,476.3 1 0
github.com/openagentsinc/bahia/internal/controlplane/encrypted_domain_handlers.go:477.2,477.16 1 0
github.com/openagentsinc/bahia/internal/controlplane/encrypted_domain_handlers.go:477.16,479.3 1 0
github.com/openagentsinc/bahia/internal/controlplane/encrypted_domain_handlers.go:480.2,480.43 1 0
github.com/openagentsinc/bahia/internal/controlplane/encrypted_domain_handlers.go:480.43,483.34 3 0
github.com/openagentsinc/bahia/internal/controlplane/encrypted_domain_handlers.go:483.34,484.39 1 0
github.com/openagentsinc/bahia/internal/controlplane/encrypted_domain_handlers.go:484.39,486.5 1 0
github.com/openagentsinc/bahia/internal/controlplane/encrypted_domain_handlers.go:488.3,488.22 1 0
github.com/openagentsinc/bahia/internal/controlplane/encrypted_domain_handlers.go:488.22,490.4 1 0
github.com/openagentsinc/bahia/internal/controlplane/encrypted_domain_handlers.go:492.2,492.67 1 0
github.com/openagentsinc/bahia/internal/controlplane/encrypted_domain_handlers.go:492.67,494.3 1 0
github.com/openagentsinc/bahia/internal/controlplane/encrypted_domain_handlers.go:495.2,495.60 1 0
github.com/openagentsinc/bahia/internal/controlplane/encrypted_domain_handlers.go:498.113,500.20 2 1
github.com/openagentsinc/bahia/internal/controlplane/encrypted_domain_handlers.go:500.20,502.3 1 0
github.com/openagentsinc/bahia/internal/controlplane/encrypted_domain_handlers.go:503.2,503.49 1 1
github.com/openagentsinc/bahia/internal/controlplane/encrypted_domain_handlers.go:503.49,505.36 2 1
github.com/openagentsinc/bahia/internal/controlplane/encrypted_domain_handlers.go:505.36,507.4 1 0
github.com/openagentsinc/bahia/internal/controlplane/encrypted_domain_handlers.go:508.3,508.18 1 1
github.com/openagentsinc/bahia/internal/controlplane/encrypted_domain_handlers.go:510.2,511.35 2 0
github.com/openagentsinc/bahia/internal/controlplane/encrypted_domain_handlers.go:511.35,513.3 1 0
github.com/openagentsinc/bahia/internal/controlplane/encrypted_domain_handlers.go:514.2,514.17 1 0
github.com/openagentsinc/bahia/internal/controlplane/encrypted_domain_handlers.go:517.58,518.76 1 1
github.com/openagentsinc/bahia/internal/controlplane/encrypted_domain_handlers.go:518.76,520.3 1 0
github.com/openagentsinc/bahia/internal/controlplane/encrypted_domain_handlers.go:521.2,521.12 1 1
github.com/openagentsinc/bahia/internal/controlplane/encrypted_domain_handlers.go:524.65,527.2 2 1
github.com/openagentsinc/bahia/internal/controlplane/encrypted_domain_handlers.go:529.70,530.86 1 1
github.com/openagentsinc/bahia/internal/controlplane/encrypted_domain_handlers.go:530.86,532.3 1 0
github.com/openagentsinc/bahia/internal/controlplane/encrypted_domain_handlers.go:533.2,533.70 1 1
github.com/openagentsinc/bahia/internal/controlplane/encrypted_domain_handlers.go:533.70,535.3 1 0
github.com/openagentsinc/bahia/internal/controlplane/encrypted_domain_handlers.go:536.2,536.12 1 1
github.com/openagentsinc/bahia/internal/controlplane/encrypted_domain_handlers.go:539.65,541.16 2 1
github.com/openagentsinc/bahia/internal/controlplane/encrypted_domain_handlers.go:541.16,543.3 1 0
github.com/openagentsinc/bahia/internal/controlplane/encrypted_domain_handlers.go:544.2,544.16 1 1
github.com/openagentsinc/bahia/internal/controlplane/encrypted_domain_handlers.go:547.53,549.2 1 1
github.com/openagentsinc/bahia/internal/controlplane/encrypted_domain_handlers.go:551.48,552.46 1 1
github.com/openagentsinc/bahia/internal/controlplane/encrypted_domain_handlers.go:552.46,553.24 1 1
github.com/openagentsinc/bahia/internal/controlplane/encrypted_domain_handlers.go:553.24,555.4 1 1
github.com/openagentsinc/bahia/internal/controlplane/encrypted_domain_handlers.go:557.2,557.14 1 0
github.com/openagentsinc/bahia/internal/controlplane/encrypted_route_handlers.go:71.90,73.19 2 1
github.com/openagentsinc/bahia/internal/controlplane/encrypted_route_handlers.go:73.19,75.3 1 0
github.com/openagentsinc/bahia/internal/controlplane/encrypted_route_handlers.go:76.2,88.3 1 1
github.com/openagentsinc/bahia/internal/controlplane/encrypted_route_handlers.go:91.81,92.34 1 1
github.com/openagentsinc/bahia/internal/controlplane/encrypted_route_handlers.go:92.34,94.3 1 0
github.com/openagentsinc/bahia/internal/controlplane/encrypted_route_handlers.go:95.2,101.99 7 1
github.com/openagentsinc/bahia/internal/controlplane/encrypted_route_handlers.go:113.60,114.44 1 1
github.com/openagentsinc/bahia/internal/controlplane/encrypted_route_handlers.go:114.44,116.3 1 0
github.com/openagentsinc/bahia/internal/controlplane/encrypted_route_handlers.go:117.2,117.12 1 1
github.com/openagentsinc/bahia/internal/controlplane/encrypted_route_handlers.go:120.106,121.46 1 1
github.com/openagentsinc/bahia/internal/controlplane/encrypted_route_handlers.go:121.46,123.3 1 0
github.com/openagentsinc/bahia/internal/controlplane/encrypted_route_handlers.go:124.2,125.66 2 1
github.com/openagentsinc/bahia/internal/controlplane/encrypted_route_handlers.go:125.66,127.3 1 0
github.com/openagentsinc/bahia/internal/controlplane/encrypted_route_handlers.go:128.2,129.16 2 1
github.com/openagentsinc/bahia/internal/controlplane/encrypted_route_handlers.go:129.16,131.3 1 0
github.com/openagentsinc/bahia/internal/controlplane/encrypted_route_handlers.go:132.2,132.102 1 1
github.com/openagentsinc/bahia/internal/controlplane/encrypted_route_handlers.go:132.102,134.3 1 1
github.com/openagentsinc/bahia/internal/controlplane/encrypted_route_handlers.go:135.2,136.16 2 1
github.com/openagentsinc/bahia/internal/controlplane/encrypted_route_handlers.go:136.16,138.3 1 0
github.com/openagentsinc/bahia/internal/controlplane/encrypted_route_handlers.go:139.2,140.25 2 1
github.com/openagentsinc/bahia/internal/controlplane/encrypted_route_handlers.go:140.25,142.3 1 1
github.com/openagentsinc/bahia/internal/controlplane/encrypted_route_handlers.go:143.2,143.65 1 1
github.com/openagentsinc/bahia/internal/controlplane/encrypted_route_handlers.go:146.107,147.46 1 1
github.com/openagentsinc/bahia/internal/controlplane/encrypted_route_handlers.go:147.46,149.3 1 0
github.com/openagentsinc/bahia/internal/controlplane/encrypted_route_handlers.go:150.2,151.66 2 1
github.com/openagentsinc/bahia/internal/controlplane/encrypted_route_handlers.go:151.66,153.3 1 0
github.com/openagentsinc/bahia/internal/controlplane/encrypted_route_handlers.go:154.2,155.16 2 1
github.com/openagentsinc/bahia/internal/controlplane/encrypted_route_handlers.go:155.16,157.3 1 0
github.com/openagentsinc/bahia/internal/controlplane/encrypted_route_handlers.go:158.2,158.103 1 1
github.com/openagentsinc/bahia/internal/controlplane/encrypted_route_handlers.go:158.103,160.3 1 0
github.com/openagentsinc/bahia/internal/controlplane/encrypted_route_handlers.go:161.2,162.16 2 1
github.com/openagentsinc/bahia/internal/controlplane/encrypted_route_handlers.go:162.16,164.3 1 0
github.com/openagentsinc/bahia/internal/controlplane/encrypted_route_handlers.go:165.2,165.25 1 1
github.com/openagentsinc/bahia/internal/controlplane/encrypted_route_handlers.go:165.25,167.3 1 0
github.com/openagentsinc/bahia/internal/controlplane/encrypted_route_handlers.go:168.2,169.16 2 1
github.com/openagentsinc/bahia/internal/controlplane/encrypted_route_handlers.go:169.16,171.3 1 0
github.com/openagentsinc/bahia/internal/controlplane/encrypted_route_handlers.go:172.2,173.16 2 1
github.com/openagentsinc/bahia/internal/controlplane/encrypted_route_handlers.go:173.16,175.3 1 0
github.com/openagentsinc/bahia/internal/controlplane/encrypted_route_handlers.go:176.2,188.52 3 1
github.com/openagentsinc/bahia/internal/controlplane/encrypted_route_handlers.go:188.52,190.17 2 0
github.com/openagentsinc/bahia/internal/controlplane/encrypted_route_handlers.go:190.17,192.4 1 0
github.com/openagentsinc/bahia/internal/controlplane/encrypted_route_handlers.go:193.3,193.32 1 0
github.com/openagentsinc/bahia/internal/controlplane/encrypted_route_handlers.go:195.2,195.54 1 1
github.com/openagentsinc/bahia/internal/controlplane/encrypted_route_handlers.go:195.54,197.3 1 0
github.com/openagentsinc/bahia/internal/controlplane/encrypted_route_handlers.go:198.2,198.75 1 1
github.com/openagentsinc/bahia/internal/controlplane/encrypted_route_handlers.go:201.107,202.46 1 0
github.com/openagentsinc/bahia/internal/controlplane/encrypted_route_handlers.go:202.46,204.3 1 0
github.com/openagentsinc/bahia/internal/controlplane/encrypted_route_handlers.go:205.2,206.66 2 0
github.com/openagentsinc/bahia/internal/controlplane/encrypted_route_handlers.go:206.66,208.3 1 0
github.com/openagentsinc/bahia/internal/controlplane/encrypted_route_handlers.go:209.2,210.16 2 0
github.com/openagentsinc/bahia/internal/controlplane/encrypted_route_handlers.go:210.16,212.3 1 0
github.com/openagentsinc/bahia/internal/controlplane/encrypted_route_handlers.go:213.2,214.16 2 0
github.com/openagentsinc/bahia/internal/controlplane/encrypted_route_handlers.go:214.16,216.3 1 0
github.com/openagentsinc/bahia/internal/controlplane/encrypted_route_handlers.go:217.2,217.25 1 0
github.com/openagentsinc/bahia/internal/controlplane/encrypted_route_handlers.go:217.25,219.3 1 0
github.com/openagentsinc/bahia/internal/controlplane/encrypted_route_handlers.go:220.2,220.103 1 0
github.com/openagentsinc/bahia/internal/controlplane/encrypted_route_handlers.go:220.103,222.3 1 0
github.com/openagentsinc/bahia/internal/controlplane/encrypted_route_handlers.go:223.2,224.16 2 0
github.com/openagentsinc/bahia/internal/controlplane/encrypted_route_handlers.go:224.16,226.3 1 0
github.com/openagentsinc/bahia/internal/controlplane/encrypted_route_handlers.go:227.2,228.16 2 0
github.com/openagentsinc/bahia/internal/controlplane/encrypted_route_handlers.go:228.16,230.3 1 0
github.com/openagentsinc/bahia/internal/controlplane/encrypted_route_handlers.go:231.2,232.16 2 0
github.com/openagentsinc/bahia/internal/controlplane/encrypted_route_handlers.go:232.16,234.3 1 0
github.com/openagentsinc/bahia/internal/controlplane/encrypted_route_handlers.go:235.2,238.54 4 0
github.com/openagentsinc/bahia/internal/controlplane/encrypted_route_handlers.go:238.54,240.3 1 0
github.com/openagentsinc/bahia/internal/controlplane/encrypted_route_handlers.go:241.2,241.68 1 0
github.com/openagentsinc/bahia/internal/controlplane/encrypted_route_handlers.go:241.68,243.3 1 0
github.com/openagentsinc/bahia/internal/controlplane/encrypted_route_handlers.go:244.2,244.75 1 0
github.com/openagentsinc/bahia/internal/controlplane/encrypted_route_handlers.go:247.107,248.46 1 0
github.com/openagentsinc/bahia/internal/controlplane/encrypted_route_handlers.go:248.46,250.3 1 0
github.com/openagentsinc/bahia/internal/controlplane/encrypted_route_handlers.go:251.2,252.66 2 0
github.com/openagentsinc/bahia/internal/controlplane/encrypted_route_handlers.go:252.66,254.3 1 0
github.com/openagentsinc/bahia/internal/controlplane/encrypted_route_handlers.go:255.2,256.16 2 0
github.com/openagentsinc/bahia/internal/controlplane/encrypted_route_handlers.go:256.16,258.3 1 0
github.com/openagentsinc/bahia/internal/controlplane/encrypted_route_handlers.go:259.2,260.16 2 0
github.com/openagentsinc/bahia/internal/controlplane/encrypted_route_handlers.go:260.16,262.3 1 0
github.com/openagentsinc/bahia/internal/controlplane/encrypted_route_handlers.go:263.2,263.103 1 0
github.com/openagentsinc/bahia/internal/controlplane/encrypted_route_handlers.go:263.103,265.3 1 0
github.com/openagentsinc/bahia/internal/controlplane/encrypted_route_handlers.go:266.2,266.72 1 0
github.com/openagentsinc/bahia/internal/controlplane/encrypted_route_handlers.go:266.72,268.3 1 0
github.com/openagentsinc/bahia/internal/controlplane/encrypted_route_handlers.go:269.2,269.56 1 0
github.com/openagentsinc/bahia/internal/controlplane/encrypted_route_handlers.go:269.56,271.3 1 0
github.com/openagentsinc/bahia/internal/controlplane/encrypted_route_handlers.go:272.2,272.84 1 0
github.com/openagentsinc/bahia/internal/controlplane/encrypted_route_handlers.go:275.107,276.46 1 1
github.com/openagentsinc/bahia/internal/controlplane/encrypted_route_handlers.go:276.46,278.3 1 0
github.com/openagentsinc/bahia/internal/controlplane/encrypted_route_handlers.go:279.2,280.66 2 1
github.com/openagentsinc/bahia/internal/controlplane/encrypted_route_handlers.go:280.66,282.3 1 0
github.com/openagentsinc/bahia/internal/controlplane/encrypted_route_handlers.go:283.2,284.16 2 1
github.com/openagentsinc/bahia/internal/controlplane/encrypted_route_handlers.go:284.16,286.3 1 0
github.com/openagentsinc/bahia/internal/controlplane/encrypted_route_handlers.go:287.2,288.16 2 1
github.com/openagentsinc/bahia/internal/controlplane/encrypted_route_handlers.go:288.16,290.3 1 0
github.com/openagentsinc/bahia/internal/controlplane/encrypted_route_handlers.go:291.2,291.102 1 1
github.com/openagentsinc/bahia/internal/controlplane/encrypted_route_handlers.go:291.102,293.3 1 0
github.com/openagentsinc/bahia/internal/controlplane/encrypted_route_handlers.go:294.2,295.16 2 1
github.com/openagentsinc/bahia/internal/controlplane/encrypted_route_handlers.go:295.16,297.3 1 0
github.com/openagentsinc/bahia/internal/controlplane/encrypted_route_handlers.go:298.2,299.16 2 1
github.com/openagentsinc/bahia/internal/controlplane/encrypted_route_handlers.go:299.16,301.3 1 0
github.com/openagentsinc/bahia/internal/controlplane/encrypted_route_handlers.go:302.2,302.70 1 1
github.com/openagentsinc/bahia/internal/controlplane/encrypted_route_handlers.go:305.134,307.16 2 1
github.com/openagentsinc/bahia/internal/controlplane/encrypted_route_handlers.go:307.16,309.3 1 0
github.com/openagentsinc/bahia/internal/controlplane/encrypted_route_handlers.go:310.2,310.19 1 1
github.com/openagentsinc/bahia/internal/controlplane/encrypted_route_handlers.go:310.19,312.3 1 0
github.com/openagentsinc/bahia/internal/controlplane/encrypted_route_handlers.go:313.2,313.35 1 1
github.com/openagentsinc/bahia/internal/controlplane/encrypted_route_handlers.go:313.35,315.3 1 0
github.com/openagentsinc/bahia/internal/controlplane/encrypted_route_handlers.go:316.2,316.20 1 1
github.com/openagentsinc/bahia/internal/controlplane/encrypted_route_handlers.go:319.165,320.40 1 1
github.com/openagentsinc/bahia/internal/controlplane/encrypted_route_handlers.go:320.40,322.3 1 0
github.com/openagentsinc/bahia/internal/controlplane/encrypted_route_handlers.go:323.2,324.16 2 1
github.com/openagentsinc/bahia/internal/controlplane/encrypted_route_handlers.go:324.16,325.36 1 0
github.com/openagentsinc/bahia/internal/controlplane/encrypted_route_handlers.go:325.36,327.4 1 0
github.com/openagentsinc/bahia/internal/controlplane/encrypted_route_handlers.go:328.3,328.47 1 0
github.com/openagentsinc/bahia/internal/controlplane/encrypted_route_handlers.go:330.2,330.20 1 1
github.com/openagentsinc/bahia/internal/controlplane/encrypted_route_handlers.go:330.20,332.3 1 0
github.com/openagentsinc/bahia/internal/controlplane/encrypted_route_handlers.go:333.2,333.31 1 1
github.com/openagentsinc/bahia/internal/controlplane/encrypted_route_handlers.go:333.31,335.3 1 0
github.com/openagentsinc/bahia/internal/controlplane/encrypted_route_handlers.go:336.2,336.90 1 1
github.com/openagentsinc/bahia/internal/controlplane/encrypted_route_handlers.go:339.115,340.36 1 1
github.com/openagentsinc/bahia/internal/controlplane/encrypted_route_handlers.go:340.36,342.3 1 0
github.com/openagentsinc/bahia/internal/controlplane/encrypted_route_handlers.go:343.2,344.16 2 1
github.com/openagentsinc/bahia/internal/controlplane/encrypted_route_handlers.go:345.55,346.21 1 1
github.com/openagentsinc/bahia/internal/controlplane/encrypted_route_handlers.go:347.10,348.76 1 0
github.com/openagentsinc/bahia/internal/controlplane/encrypted_route_handlers.go:352.105,353.39 1 1
github.com/openagentsinc/bahia/internal/controlplane/encrypted_route_handlers.go:353.39,355.3 1 0
github.com/openagentsinc/bahia/internal/controlplane/encrypted_route_handlers.go:356.2,361.66 2 1
github.com/openagentsinc/bahia/internal/controlplane/encrypted_route_handlers.go:361.66,363.3 1 0
github.com/openagentsinc/bahia/internal/controlplane/encrypted_route_handlers.go:364.2,365.16 2 1
github.com/openagentsinc/bahia/internal/controlplane/encrypted_route_handlers.go:365.16,367.3 1 0
github.com/openagentsinc/bahia/internal/controlplane/encrypted_route_handlers.go:368.2,369.16 2 1
github.com/openagentsinc/bahia/internal/controlplane/encrypted_route_handlers.go:369.16,370.36 1 0
github.com/openagentsinc/bahia/internal/controlplane/encrypted_route_handlers.go:370.36,372.4 1 0
github.com/openagentsinc/bahia/internal/controlplane/encrypted_route_handlers.go:373.3,373.48 1 0
github.com/openagentsinc/bahia/internal/controlplane/encrypted_route_handlers.go:375.2,375.16 1 1
github.com/openagentsinc/bahia/internal/controlplane/encrypted_route_handlers.go:375.16,377.3 1 0
github.com/openagentsinc/bahia/internal/controlplane/encrypted_route_handlers.go:378.2,378.89 1 1
github.com/openagentsinc/bahia/internal/controlplane/encrypted_route_handlers.go:378.89,380.3 1 0
github.com/openagentsinc/bahia/internal/controlplane/encrypted_route_handlers.go:381.2,381.47 1 1
github.com/openagentsinc/bahia/internal/controlplane/encrypted_route_handlers.go:381.47,383.3 1 1
github.com/openagentsinc/bahia/internal/controlplane/encrypted_route_handlers.go:384.2,385.16 2 1
github.com/openagentsinc/bahia/internal/controlplane/encrypted_route_handlers.go:385.16,388.3 2 0
github.com/openagentsinc/bahia/internal/controlplane/encrypted_route_handlers.go:389.2,389.17 1 1
github.com/openagentsinc/bahia/internal/controlplane/encrypted_route_handlers.go:389.17,391.3 1 0
github.com/openagentsinc/bahia/internal/controlplane/encrypted_route_handlers.go:392.2,392.22 1 1
github.com/openagentsinc/bahia/internal/controlplane/encrypted_route_handlers.go:392.22,395.3 2 1
github.com/openagentsinc/bahia/internal/controlplane/encrypted_route_handlers.go:396.2,397.18 2 1
github.com/openagentsinc/bahia/internal/controlplane/encrypted_route_handlers.go:397.18,399.3 1 0
github.com/openagentsinc/bahia/internal/controlplane/encrypted_route_handlers.go:400.2,400.16 1 1
github.com/openagentsinc/bahia/internal/controlplane/encrypted_route_handlers.go:401.16,402.19 1 1
github.com/openagentsinc/bahia/internal/controlplane/encrypted_route_handlers.go:403.16,404.19 1 0
github.com/openagentsinc/bahia/internal/controlplane/encrypted_route_handlers.go:405.16,405.16 0 0
github.com/openagentsinc/bahia/internal/controlplane/encrypted_route_handlers.go:407.10,408.84 1 0
github.com/openagentsinc/bahia/internal/controlplane/encrypted_route_handlers.go:410.2,410.60 1 1
github.com/openagentsinc/bahia/internal/controlplane/encrypted_route_handlers.go:413.167,414.22 1 1
github.com/openagentsinc/bahia/internal/controlplane/encrypted_route_handlers.go:414.22,416.3 1 0
github.com/openagentsinc/bahia/internal/controlplane/encrypted_route_handlers.go:417.2,418.16 2 1
github.com/openagentsinc/bahia/internal/controlplane/encrypted_route_handlers.go:418.16,419.36 1 0
github.com/openagentsinc/bahia/internal/controlplane/encrypted_route_handlers.go:419.36,421.4 1 0
github.com/openagentsinc/bahia/internal/controlplane/encrypted_route_handlers.go:422.3,422.57 1 0
github.com/openagentsinc/bahia/internal/controlplane/encrypted_route_handlers.go:424.2,424.19 1 1
github.com/openagentsinc/bahia/internal/controlplane/encrypted_route_handlers.go:424.19,426.3 1 0
github.com/openagentsinc/bahia/internal/controlplane/encrypted_route_handlers.go:427.2,427.81 1 1
github.com/openagentsinc/bahia/internal/controlplane/encrypted_route_handlers.go:430.75,431.16 1 1
github.com/openagentsinc/bahia/internal/controlplane/encrypted_route_handlers.go:432.109,433.14 1 1
github.com/openagentsinc/bahia/internal/controlplane/encrypted_route_handlers.go:434.10,435.15 1 1
github.com/openagentsinc/bahia/internal/controlplane/encrypted_route_handlers.go:439.119,440.72 1 1
github.com/openagentsinc/bahia/internal/controlplane/encrypted_route_handlers.go:440.72,442.3 1 0
github.com/openagentsinc/bahia/internal/controlplane/encrypted_route_handlers.go:443.2,446.66 2 1
github.com/openagentsinc/bahia/internal/controlplane/encrypted_route_handlers.go:446.66,448.3 1 0
github.com/openagentsinc/bahia/internal/controlplane/encrypted_route_handlers.go:449.2,450.16 2 1
github.com/openagentsinc/bahia/internal/controlplane/encrypted_route_handlers.go:450.16,452.3 1 0
github.com/openagentsinc/bahia/internal/controlplane/encrypted_route_handlers.go:453.2,454.16 2 1
github.com/openagentsinc/bahia/internal/controlplane/encrypted_route_handlers.go:454.16,455.36 1 0
github.com/openagentsinc/bahia/internal/controlplane/encrypted_route_handlers.go:455.36,457.4 1 0
github.com/openagentsinc/bahia/internal/controlplane/encrypted_route_handlers.go:458.3,458.53 1 0
github.com/openagentsinc/bahia/internal/controlplane/encrypted_route_handlers.go:460.2,460.21 1 1
github.com/openagentsinc/bahia/internal/controlplane/encrypted_route_handlers.go:460.21,462.3 1 0
github.com/openagentsinc/bahia/internal/controlplane/encrypted_route_handlers.go:463.2,463.113 1 1
github.com/openagentsinc/bahia/internal/controlplane/encrypted_route_handlers.go:463.113,465.3 1 0
github.com/openagentsinc/bahia/internal/controlplane/encrypted_route_handlers.go:466.2,467.16 2 1
github.com/openagentsinc/bahia/internal/controlplane/encrypted_route_handlers.go:467.16,469.3 1 0
github.com/openagentsinc/bahia/internal/controlplane/encrypted_route_handlers.go:470.2,477.22 3 1
github.com/openagentsinc/bahia/internal/controlplane/encrypted_route_handlers.go:477.22,479.25 2 1
github.com/openagentsinc/bahia/internal/controlplane/encrypted_route_handlers.go:479.25,481.4 1 0
github.com/openagentsinc/bahia/internal/controlplane/encrypted_route_handlers.go:482.3,482.33 1 1
github.com/openagentsinc/bahia/internal/controlplane/encrypted_route_handlers.go:482.33,484.4 1 0
github.com/openagentsinc/bahia/internal/controlplane/encrypted_route_handlers.go:485.3,487.55 3 1
github.com/openagentsinc/bahia/internal/controlplane/encrypted_route_handlers.go:487.55,489.12 2 0
github.com/openagentsinc/bahia/internal/controlplane/encrypted_route_handlers.go:491.3,491.11 1 1
github.com/openagentsinc/bahia/internal/controlplane/encrypted_route_handlers.go:493.2,502.8 1 1
github.com/openagentsinc/bahia/internal/controlplane/encrypted_transport.go:72.151,73.19 1 1
github.com/openagentsinc/bahia/internal/controlplane/encrypted_transport.go:73.19,75.3 1 0
github.com/openagentsinc/bahia/internal/controlplane/encrypted_transport.go:76.2,78.25 3 1
github.com/openagentsinc/bahia/internal/controlplane/encrypted_transport.go:78.25,80.3 1 1
github.com/openagentsinc/bahia/internal/controlplane/encrypted_transport.go:81.2,81.168 1 1
github.com/openagentsinc/bahia/internal/controlplane/encrypted_transport.go:84.53,85.14 1 1
github.com/openagentsinc/bahia/internal/controlplane/encrypted_transport.go:85.14,87.3 1 0
github.com/openagentsinc/bahia/internal/controlplane/encrypted_transport.go:88.2,88.24 1 1
github.com/openagentsinc/bahia/internal/controlplane/encrypted_transport.go:91.88,92.18 1 1
github.com/openagentsinc/bahia/internal/controlplane/encrypted_transport.go:92.18,94.3 1 0
github.com/openagentsinc/bahia/internal/controlplane/encrypted_transport.go:95.2,95.24 1 1
github.com/openagentsinc/bahia/internal/controlplane/encrypted_transport.go:95.24,97.3 1 0
github.com/openagentsinc/bahia/internal/controlplane/encrypted_transport.go:98.2,98.44 1 1
github.com/openagentsinc/bahia/internal/controlplane/encrypted_transport.go:98.44,100.3 1 0
github.com/openagentsinc/bahia/internal/controlplane/encrypted_transport.go:101.2,102.16 2 1
github.com/openagentsinc/bahia/internal/controlplane/encrypted_transport.go:102.16,104.3 1 0
github.com/openagentsinc/bahia/internal/controlplane/encrypted_transport.go:105.2,106.16 2 1
github.com/openagentsinc/bahia/internal/controlplane/encrypted_transport.go:106.16,108.3 1 1
github.com/openagentsinc/bahia/internal/controlplane/encrypted_transport.go:109.2,109.31 1 1
github.com/openagentsinc/bahia/internal/controlplane/encrypted_transport.go:112.159,113.25 1 1
github.com/openagentsinc/bahia/internal/controlplane/encrypted_transport.go:113.25,115.3 1 0
github.com/openagentsinc/bahia/internal/controlplane/encrypted_transport.go:116.2,116.56 1 1
github.com/openagentsinc/bahia/internal/controlplane/encrypted_transport.go:116.56,118.3 1 0
github.com/openagentsinc/bahia/internal/controlplane/encrypted_transport.go:119.2,119.18 1 1
github.com/openagentsinc/bahia/internal/controlplane/encrypted_transport.go:119.18,121.3 1 0
github.com/openagentsinc/bahia/internal/controlplane/encrypted_transport.go:122.2,130.16 3 1
github.com/openagentsinc/bahia/internal/controlplane/encrypted_transport.go:130.16,132.3 1 0
github.com/openagentsinc/bahia/internal/controlplane/encrypted_transport.go:133.2,134.16 2 1
github.com/openagentsinc/bahia/internal/controlplane/encrypted_transport.go:134.16,136.3 1 0
github.com/openagentsinc/bahia/internal/controlplane/encrypted_transport.go:137.2,138.16 2 1
github.com/openagentsinc/bahia/internal/controlplane/encrypted_transport.go:138.16,140.3 1 0
github.com/openagentsinc/bahia/internal/controlplane/encrypted_transport.go:141.2,152.63 2 1
github.com/openagentsinc/bahia/internal/controlplane/encrypted_transport.go:152.63,154.3 1 0
github.com/openagentsinc/bahia/internal/controlplane/encrypted_transport.go:155.2,156.16 2 1
github.com/openagentsinc/bahia/internal/controlplane/encrypted_transport.go:156.16,158.3 1 0
github.com/openagentsinc/bahia/internal/controlplane/encrypted_transport.go:159.2,159.20 1 1
github.com/openagentsinc/bahia/internal/controlplane/encrypted_transport.go:159.20,161.3 1 0
github.com/openagentsinc/bahia/internal/controlplane/encrypted_transport.go:162.2,162.12 1 1
github.com/openagentsinc/bahia/internal/controlplane/encrypted_transport.go:165.91,166.55 1 1
github.com/openagentsinc/bahia/internal/controlplane/encrypted_transport.go:166.55,168.3 1 0
github.com/openagentsinc/bahia/internal/controlplane/encrypted_transport.go:169.2,169.30 1 1
github.com/openagentsinc/bahia/internal/controlplane/encrypted_transport.go:169.30,171.3 1 0
github.com/openagentsinc/bahia/internal/controlplane/encrypted_transport.go:172.2,173.16 2 1
github.com/openagentsinc/bahia/internal/controlplane/encrypted_transport.go:173.16,175.3 1 0
github.com/openagentsinc/bahia/internal/controlplane/encrypted_transport.go:176.2,176.29 1 1
github.com/openagentsinc/bahia/internal/controlplane/encrypted_transport.go:191.180,192.19 1 1
github.com/openagentsinc/bahia/internal/controlplane/encrypted_transport.go:192.19,194.3 1 0
github.com/openagentsinc/bahia/internal/controlplane/encrypted_transport.go:195.2,202.3 1 1
github.com/openagentsinc/bahia/internal/controlplane/encrypted_transport.go:205.104,207.39 2 1
github.com/openagentsinc/bahia/internal/controlplane/encrypted_transport.go:207.39,209.3 1 0
github.com/openagentsinc/bahia/internal/controlplane/encrypted_transport.go:210.2,210.33 1 1
github.com/openagentsinc/bahia/internal/controlplane/encrypted_transport.go:213.68,214.25 1 0
github.com/openagentsinc/bahia/internal/controlplane/encrypted_transport.go:214.25,216.3 1 0
github.com/openagentsinc/bahia/internal/controlplane/encrypted_transport.go:217.2,219.71 3 0
github.com/openagentsinc/bahia/internal/controlplane/encrypted_transport.go:219.71,221.3 1 0
github.com/openagentsinc/bahia/internal/controlplane/encrypted_transport.go:222.2,223.16 2 0
github.com/openagentsinc/bahia/internal/controlplane/encrypted_transport.go:223.16,225.3 1 0
github.com/openagentsinc/bahia/internal/controlplane/encrypted_transport.go:226.2,226.6 1 0
github.com/openagentsinc/bahia/internal/controlplane/encrypted_transport.go:226.6,227.10 1 0
github.com/openagentsinc/bahia/internal/controlplane/encrypted_transport.go:228.21,229.20 1 0
github.com/openagentsinc/bahia/internal/controlplane/encrypted_transport.go:230.44,231.11 1 0
github.com/openagentsinc/bahia/internal/controlplane/encrypted_transport.go:231.11,233.5 1 0
github.com/openagentsinc/bahia/internal/controlplane/encrypted_transport.go:234.34,235.11 1 0
github.com/openagentsinc/bahia/internal/controlplane/encrypted_transport.go:235.11,237.5 1 0
github.com/openagentsinc/bahia/internal/controlplane/encrypted_transport.go:238.4,238.26 1 0
github.com/openagentsinc/bahia/internal/controlplane/encrypted_transport.go:243.90,244.56 1 1
github.com/openagentsinc/bahia/internal/controlplane/encrypted_transport.go:244.56,246.3 1 0
github.com/openagentsinc/bahia/internal/controlplane/encrypted_transport.go:247.2,248.23 2 1
github.com/openagentsinc/bahia/internal/controlplane/encrypted_transport.go:248.23,251.3 2 0
github.com/openagentsinc/bahia/internal/controlplane/encrypted_transport.go:252.2,252.35 1 1
github.com/openagentsinc/bahia/internal/controlplane/encrypted_transport.go:252.35,254.3 1 0
github.com/openagentsinc/bahia/internal/controlplane/encrypted_transport.go:255.2,256.34 2 1
github.com/openagentsinc/bahia/internal/controlplane/encrypted_transport.go:256.34,258.3 1 1
github.com/openagentsinc/bahia/internal/controlplane/encrypted_transport.go:260.2,260.33 1 1
github.com/openagentsinc/bahia/internal/controlplane/encrypted_transport.go:260.33,263.3 2 1
github.com/openagentsinc/bahia/internal/controlplane/encrypted_transport.go:265.2,266.16 2 1
github.com/openagentsinc/bahia/internal/controlplane/encrypted_transport.go:266.16,270.3 3 1
github.com/openagentsinc/bahia/internal/controlplane/encrypted_transport.go:272.2,273.61 2 1
github.com/openagentsinc/bahia/internal/controlplane/encrypted_transport.go:273.61,276.3 2 0
github.com/openagentsinc/bahia/internal/controlplane/encrypted_transport.go:277.2,277.79 1 1
github.com/openagentsinc/bahia/internal/controlplane/encrypted_transport.go:277.79,280.3 2 0
github.com/openagentsinc/bahia/internal/controlplane/encrypted_transport.go:281.2,281.80 1 1
github.com/openagentsinc/bahia/internal/controlplane/encrypted_transport.go:281.80,284.3 2 0
github.com/openagentsinc/bahia/internal/controlplane/encrypted_transport.go:285.2,286.21 2 1
github.com/openagentsinc/bahia/internal/controlplane/encrypted_transport.go:286.21,289.3 2 0
github.com/openagentsinc/bahia/internal/controlplane/encrypted_transport.go:290.2,291.20 2 1
github.com/openagentsinc/bahia/internal/controlplane/encrypted_transport.go:291.20,294.3 2 0
github.com/openagentsinc/bahia/internal/controlplane/encrypted_transport.go:295.2,296.16 2 1
github.com/openagentsinc/bahia/internal/controlplane/encrypted_transport.go:296.16,299.3 2 1
github.com/openagentsinc/bahia/internal/controlplane/encrypted_transport.go:300.2,300.91 1 1
github.com/openagentsinc/bahia/internal/controlplane/encrypted_transport.go:300.91,302.3 1 0
github.com/openagentsinc/bahia/internal/controlplane/encrypted_transport.go:305.68,307.2 1 1
github.com/openagentsinc/bahia/internal/controlplane/encrypted_transport.go:309.81,310.103 1 1
github.com/openagentsinc/bahia/internal/controlplane/encrypted_transport.go:310.103,312.3 1 0
github.com/openagentsinc/bahia/internal/controlplane/encrypted_transport.go:313.2,314.75 2 1
github.com/openagentsinc/bahia/internal/controlplane/encrypted_transport.go:317.60,318.27 1 1
github.com/openagentsinc/bahia/internal/controlplane/encrypted_transport.go:318.27,319.57 1 1
github.com/openagentsinc/bahia/internal/controlplane/encrypted_transport.go:319.57,321.4 1 1
github.com/openagentsinc/bahia/internal/controlplane/encrypted_transport.go:323.2,323.14 1 1
github.com/openagentsinc/bahia/internal/controlplane/encrypted_transport.go:326.113,327.24 1 1
github.com/openagentsinc/bahia/internal/controlplane/encrypted_transport.go:327.24,330.3 2 0
github.com/openagentsinc/bahia/internal/controlplane/encrypted_transport.go:331.2,331.129 1 1
github.com/openagentsinc/bahia/internal/controlplane/encrypted_transport.go:331.129,333.3 1 0
github.com/openagentsinc/bahia/internal/controlplane/llm_command_publisher.go:26.111,28.2 1 1
github.com/openagentsinc/bahia/internal/controlplane/llm_command_publisher.go:96.136,100.27 2 1
github.com/openagentsinc/bahia/internal/controlplane/llm_command_publisher.go:100.27,102.3 1 1
github.com/openagentsinc/bahia/internal/controlplane/llm_command_publisher.go:103.2,103.30 1 1
github.com/openagentsinc/bahia/internal/controlplane/llm_command_publisher.go:103.30,105.3 1 0
github.com/openagentsinc/bahia/internal/controlplane/llm_command_publisher.go:106.2,106.39 1 1
github.com/openagentsinc/bahia/internal/controlplane/llm_command_publisher.go:106.39,108.3 1 0
github.com/openagentsinc/bahia/internal/controlplane/llm_command_publisher.go:109.2,109.37 1 1
github.com/openagentsinc/bahia/internal/controlplane/llm_command_publisher.go:109.37,111.3 1 0
github.com/openagentsinc/bahia/internal/controlplane/llm_command_publisher.go:112.2,112.27 1 1
github.com/openagentsinc/bahia/internal/controlplane/llm_command_publisher.go:112.27,114.3 1 1
github.com/openagentsinc/bahia/internal/controlplane/llm_command_publisher.go:115.2,115.86 1 1
github.com/openagentsinc/bahia/internal/controlplane/llm_command_publisher.go:119.144,126.29 2 1
github.com/openagentsinc/bahia/internal/controlplane/llm_command_publisher.go:126.29,128.3 1 0
github.com/openagentsinc/bahia/internal/controlplane/llm_command_publisher.go:129.2,129.29 1 1
github.com/openagentsinc/bahia/internal/controlplane/llm_command_publisher.go:129.29,131.3 1 0
github.com/openagentsinc/bahia/internal/controlplane/llm_command_publisher.go:132.2,132.37 1 1
github.com/openagentsinc/bahia/internal/controlplane/llm_command_publisher.go:132.37,134.3 1 0
github.com/openagentsinc/bahia/internal/controlplane/llm_command_publisher.go:135.2,135.31 1 1
github.com/openagentsinc/bahia/internal/controlplane/llm_command_publisher.go:135.31,137.3 1 0
github.com/openagentsinc/bahia/internal/controlplane/llm_command_publisher.go:138.2,138.32 1 1
github.com/openagentsinc/bahia/internal/controlplane/llm_command_publisher.go:138.32,140.3 1 0
github.com/openagentsinc/bahia/internal/controlplane/llm_command_publisher.go:141.2,141.32 1 1
github.com/openagentsinc/bahia/internal/controlplane/llm_command_publisher.go:141.32,143.3 1 0
github.com/openagentsinc/bahia/internal/controlplane/llm_command_publisher.go:144.2,144.30 1 1
github.com/openagentsinc/bahia/internal/controlplane/llm_command_publisher.go:144.30,146.3 1 0
github.com/openagentsinc/bahia/internal/controlplane/llm_command_publisher.go:147.2,147.27 1 1
github.com/openagentsinc/bahia/internal/controlplane/llm_command_publisher.go:147.27,149.3 1 0
github.com/openagentsinc/bahia/internal/controlplane/llm_command_publisher.go:150.2,152.20 3 1
github.com/openagentsinc/bahia/internal/controlplane/llm_command_publisher.go:152.20,154.3 1 1
github.com/openagentsinc/bahia/internal/controlplane/llm_command_publisher.go:155.2,155.21 1 1
github.com/openagentsinc/bahia/internal/controlplane/llm_command_publisher.go:159.126,165.27 2 1
github.com/openagentsinc/bahia/internal/controlplane/llm_command_publisher.go:165.27,167.3 1 1
github.com/openagentsinc/bahia/internal/controlplane/llm_command_publisher.go:168.2,168.27 1 1
github.com/openagentsinc/bahia/internal/controlplane/llm_command_publisher.go:168.27,170.3 1 0
github.com/openagentsinc/bahia/internal/controlplane/llm_command_publisher.go:171.2,177.20 3 1
github.com/openagentsinc/bahia/internal/controlplane/llm_command_publisher.go:177.20,181.3 3 1
github.com/openagentsinc/bahia/internal/controlplane/llm_command_publisher.go:182.2,182.21 1 1
github.com/openagentsinc/bahia/internal/controlplane/llm_command_publisher.go:186.130,196.20 4 0
github.com/openagentsinc/bahia/internal/controlplane/llm_command_publisher.go:196.20,199.3 2 0
github.com/openagentsinc/bahia/internal/controlplane/llm_command_publisher.go:200.2,200.21 1 0
github.com/openagentsinc/bahia/internal/controlplane/llm_command_publisher.go:204.130,209.27 2 1
github.com/openagentsinc/bahia/internal/controlplane/llm_command_publisher.go:209.27,211.3 1 1
github.com/openagentsinc/bahia/internal/controlplane/llm_command_publisher.go:212.2,217.20 3 1
github.com/openagentsinc/bahia/internal/controlplane/llm_command_publisher.go:217.20,220.3 2 1
github.com/openagentsinc/bahia/internal/controlplane/llm_command_publisher.go:221.2,221.21 1 1
github.com/openagentsinc/bahia/internal/controlplane/llm_command_publisher.go:224.163,225.36 1 1
github.com/openagentsinc/bahia/internal/controlplane/llm_command_publisher.go:225.36,227.3 1 0
github.com/openagentsinc/bahia/internal/controlplane/llm_command_publisher.go:228.2,229.16 2 1
github.com/openagentsinc/bahia/internal/controlplane/llm_command_publisher.go:229.16,231.3 1 0
github.com/openagentsinc/bahia/internal/controlplane/llm_command_publisher.go:232.2,233.60 2 1
github.com/openagentsinc/bahia/internal/controlplane/llm_command_publisher.go:233.60,235.3 1 0
github.com/openagentsinc/bahia/internal/controlplane/llm_command_publisher.go:236.2,237.16 2 1
github.com/openagentsinc/bahia/internal/controlplane/llm_command_publisher.go:237.16,239.3 1 0
github.com/openagentsinc/bahia/internal/controlplane/llm_command_publisher.go:240.2,240.20 1 1
github.com/openagentsinc/bahia/internal/controlplane/llm_command_publisher.go:240.20,242.3 1 1
github.com/openagentsinc/bahia/internal/controlplane/llm_command_publisher.go:243.2,252.8 1 1
github.com/openagentsinc/bahia/internal/controlplane/llm_responder.go:25.160,26.19 1 0
github.com/openagentsinc/bahia/internal/controlplane/llm_responder.go:26.19,28.3 1 0
github.com/openagentsinc/bahia/internal/controlplane/llm_responder.go:29.2,30.25 2 0
github.com/openagentsinc/bahia/internal/controlplane/llm_responder.go:30.25,32.3 1 0
github.com/openagentsinc/bahia/internal/controlplane/llm_responder.go:33.2,33.111 1 0
github.com/openagentsinc/bahia/internal/controlplane/llm_responder.go:36.153,38.2 1 0
github.com/openagentsinc/bahia/internal/controlplane/llm_responder.go:40.155,42.2 1 0
github.com/openagentsinc/bahia/internal/controlplane/llm_responder.go:44.156,46.2 1 0
github.com/openagentsinc/bahia/internal/controlplane/llm_responder.go:48.178,49.48 1 0
github.com/openagentsinc/bahia/internal/controlplane/llm_responder.go:49.48,51.3 1 0
github.com/openagentsinc/bahia/internal/controlplane/llm_responder.go:52.2,53.49 2 0
github.com/openagentsinc/bahia/internal/controlplane/llm_responder.go:53.49,55.3 1 0
github.com/openagentsinc/bahia/internal/controlplane/llm_responder.go:56.2,66.16 2 0
github.com/openagentsinc/bahia/internal/controlplane/llm_responder.go:66.16,70.3 3 0
github.com/openagentsinc/bahia/internal/controlplane/llm_responder.go:71.2,71.18 1 0
github.com/openagentsinc/bahia/internal/controlplane/llm_responder.go:71.18,73.3 1 0
github.com/openagentsinc/bahia/internal/controlplane/llm_responder.go:74.2,85.16 3 0
github.com/openagentsinc/bahia/internal/controlplane/llm_responder.go:85.16,87.3 1 0
github.com/openagentsinc/bahia/internal/controlplane/llm_responder.go:88.2,88.18 1 0
github.com/openagentsinc/bahia/internal/controlplane/llm_responder.go:88.18,90.3 1 0
github.com/openagentsinc/bahia/internal/controlplane/llm_responder.go:91.2,92.40 2 0
github.com/openagentsinc/bahia/internal/controlplane/llm_responder.go:92.40,94.3 1 0
github.com/openagentsinc/bahia/internal/controlplane/llm_responder.go:95.2,96.16 2 0
github.com/openagentsinc/bahia/internal/controlplane/llm_responder.go:96.16,98.3 1 0
github.com/openagentsinc/bahia/internal/controlplane/llm_responder.go:99.2,100.12 2 0
github.com/openagentsinc/bahia/internal/controlplane/llm_responder.go:103.105,104.54 1 0
github.com/openagentsinc/bahia/internal/controlplane/llm_responder.go:104.54,106.3 1 0
github.com/openagentsinc/bahia/internal/controlplane/llm_responder.go:107.2,109.26 3 0
github.com/openagentsinc/bahia/internal/controlplane/llm_responder.go:109.26,111.3 1 0
github.com/openagentsinc/bahia/internal/controlplane/llm_responder.go:112.2,112.297 1 0
github.com/openagentsinc/bahia/internal/controlplane/llm_responder.go:112.297,114.3 1 0
github.com/openagentsinc/bahia/internal/controlplane/llm_responder.go:117.73,119.2 1 0
github.com/openagentsinc/bahia/internal/controlplane/llm_responder.go:121.87,122.45 1 1
github.com/openagentsinc/bahia/internal/controlplane/llm_responder.go:122.45,124.3 1 0
github.com/openagentsinc/bahia/internal/controlplane/llm_responder.go:125.2,125.61 1 1
github.com/openagentsinc/bahia/internal/controlplane/llm_responder.go:125.61,127.3 1 1
github.com/openagentsinc/bahia/internal/controlplane/llm_responder.go:128.2,128.67 1 1
github.com/openagentsinc/bahia/internal/controlplane/llm_responder.go:128.67,130.3 1 1
github.com/openagentsinc/bahia/internal/controlplane/llm_responder.go:131.2,131.24 1 1
github.com/openagentsinc/bahia/internal/controlplane/notification_encrypted_handlers.go:48.160,49.37 1 1
github.com/openagentsinc/bahia/internal/controlplane/notification_encrypted_handlers.go:49.37,51.3 1 0
github.com/openagentsinc/bahia/internal/controlplane/notification_encrypted_handlers.go:52.2,59.79 8 1
github.com/openagentsinc/bahia/internal/controlplane/notification_encrypted_handlers.go:62.107,64.16 2 1
github.com/openagentsinc/bahia/internal/controlplane/notification_encrypted_handlers.go:64.16,66.3 1 0
github.com/openagentsinc/bahia/internal/controlplane/notification_encrypted_handlers.go:67.2,67.80 1 1
github.com/openagentsinc/bahia/internal/controlplane/notification_encrypted_handlers.go:70.111,72.78 2 0
github.com/openagentsinc/bahia/internal/controlplane/notification_encrypted_handlers.go:72.78,74.3 1 0
github.com/openagentsinc/bahia/internal/controlplane/notification_encrypted_handlers.go:75.2,76.16 2 0
github.com/openagentsinc/bahia/internal/controlplane/notification_encrypted_handlers.go:76.16,78.3 1 0
github.com/openagentsinc/bahia/internal/controlplane/notification_encrypted_handlers.go:79.2,80.16 2 0
github.com/openagentsinc/bahia/internal/controlplane/notification_encrypted_handlers.go:80.16,82.3 1 0
github.com/openagentsinc/bahia/internal/controlplane/notification_encrypted_handlers.go:83.2,83.15 1 0
github.com/openagentsinc/bahia/internal/controlplane/notification_encrypted_handlers.go:83.15,85.3 1 0
github.com/openagentsinc/bahia/internal/controlplane/notification_encrypted_handlers.go:86.2,86.73 1 0
github.com/openagentsinc/bahia/internal/controlplane/notification_encrypted_handlers.go:89.114,91.78 2 1
github.com/openagentsinc/bahia/internal/controlplane/notification_encrypted_handlers.go:91.78,93.3 1 0
github.com/openagentsinc/bahia/internal/controlplane/notification_encrypted_handlers.go:94.2,94.43 1 1
github.com/openagentsinc/bahia/internal/controlplane/notification_encrypted_handlers.go:94.43,96.3 1 0
github.com/openagentsinc/bahia/internal/controlplane/notification_encrypted_handlers.go:97.2,98.16 2 1
github.com/openagentsinc/bahia/internal/controlplane/notification_encrypted_handlers.go:98.16,100.3 1 0
github.com/openagentsinc/bahia/internal/controlplane/notification_encrypted_handlers.go:101.2,102.28 2 1
github.com/openagentsinc/bahia/internal/controlplane/notification_encrypted_handlers.go:102.28,104.3 1 1
github.com/openagentsinc/bahia/internal/controlplane/notification_encrypted_handlers.go:105.2,113.54 2 1
github.com/openagentsinc/bahia/internal/controlplane/notification_encrypted_handlers.go:113.54,115.3 1 0
github.com/openagentsinc/bahia/internal/controlplane/notification_encrypted_handlers.go:116.2,116.73 1 1
github.com/openagentsinc/bahia/internal/controlplane/notification_encrypted_handlers.go:119.114,121.78 2 1
github.com/openagentsinc/bahia/internal/controlplane/notification_encrypted_handlers.go:121.78,123.3 1 0
github.com/openagentsinc/bahia/internal/controlplane/notification_encrypted_handlers.go:124.2,125.16 2 1
github.com/openagentsinc/bahia/internal/controlplane/notification_encrypted_handlers.go:125.16,127.3 1 0
github.com/openagentsinc/bahia/internal/controlplane/notification_encrypted_handlers.go:128.2,129.16 2 1
github.com/openagentsinc/bahia/internal/controlplane/notification_encrypted_handlers.go:129.16,131.3 1 0
github.com/openagentsinc/bahia/internal/controlplane/notification_encrypted_handlers.go:132.2,132.21 1 1
github.com/openagentsinc/bahia/internal/controlplane/notification_encrypted_handlers.go:132.21,134.3 1 0
github.com/openagentsinc/bahia/internal/controlplane/notification_encrypted_handlers.go:135.2,135.43 1 1
github.com/openagentsinc/bahia/internal/controlplane/notification_encrypted_handlers.go:135.43,137.3 1 0
github.com/openagentsinc/bahia/internal/controlplane/notification_encrypted_handlers.go:138.2,138.50 1 1
github.com/openagentsinc/bahia/internal/controlplane/notification_encrypted_handlers.go:138.50,140.17 2 0
github.com/openagentsinc/bahia/internal/controlplane/notification_encrypted_handlers.go:140.17,142.4 1 0
github.com/openagentsinc/bahia/internal/controlplane/notification_encrypted_handlers.go:143.3,143.37 1 0
github.com/openagentsinc/bahia/internal/controlplane/notification_encrypted_handlers.go:145.2,145.27 1 1
github.com/openagentsinc/bahia/internal/controlplane/notification_encrypted_handlers.go:145.27,149.56 2 1
github.com/openagentsinc/bahia/internal/controlplane/notification_encrypted_handlers.go:149.56,150.42 1 1
github.com/openagentsinc/bahia/internal/controlplane/notification_encrypted_handlers.go:150.42,151.52 1 1
github.com/openagentsinc/bahia/internal/controlplane/notification_encrypted_handlers.go:151.52,153.6 1 1
github.com/openagentsinc/bahia/internal/controlplane/notification_encrypted_handlers.go:156.3,156.31 1 1
github.com/openagentsinc/bahia/internal/controlplane/notification_encrypted_handlers.go:158.2,158.32 1 1
github.com/openagentsinc/bahia/internal/controlplane/notification_encrypted_handlers.go:158.32,160.3 1 0
github.com/openagentsinc/bahia/internal/controlplane/notification_encrypted_handlers.go:161.2,161.28 1 1
github.com/openagentsinc/bahia/internal/controlplane/notification_encrypted_handlers.go:161.28,163.3 1 0
github.com/openagentsinc/bahia/internal/controlplane/notification_encrypted_handlers.go:164.2,164.60 1 1
github.com/openagentsinc/bahia/internal/controlplane/notification_encrypted_handlers.go:164.60,166.3 1 0
github.com/openagentsinc/bahia/internal/controlplane/notification_encrypted_handlers.go:167.2,167.79 1 1
github.com/openagentsinc/bahia/internal/controlplane/notification_encrypted_handlers.go:170.114,172.78 2 0
github.com/openagentsinc/bahia/internal/controlplane/notification_encrypted_handlers.go:172.78,174.3 1 0
github.com/openagentsinc/bahia/internal/controlplane/notification_encrypted_handlers.go:175.2,176.16 2 0
github.com/openagentsinc/bahia/internal/controlplane/notification_encrypted_handlers.go:176.16,178.3 1 0
github.com/openagentsinc/bahia/internal/controlplane/notification_encrypted_handlers.go:179.2,179.54 1 0
github.com/openagentsinc/bahia/internal/controlplane/notification_encrypted_handlers.go:179.54,181.3 1 0
github.com/openagentsinc/bahia/internal/controlplane/notification_encrypted_handlers.go:182.2,182.68 1 0
github.com/openagentsinc/bahia/internal/controlplane/notification_encrypted_handlers.go:185.112,186.25 1 0
github.com/openagentsinc/bahia/internal/controlplane/notification_encrypted_handlers.go:186.25,188.3 1 0
github.com/openagentsinc/bahia/internal/controlplane/notification_encrypted_handlers.go:189.2,190.78 2 0
github.com/openagentsinc/bahia/internal/controlplane/notification_encrypted_handlers.go:190.78,192.3 1 0
github.com/openagentsinc/bahia/internal/controlplane/notification_encrypted_handlers.go:193.2,194.16 2 0
github.com/openagentsinc/bahia/internal/controlplane/notification_encrypted_handlers.go:194.16,196.3 1 0
github.com/openagentsinc/bahia/internal/controlplane/notification_encrypted_handlers.go:197.2,198.16 2 0
github.com/openagentsinc/bahia/internal/controlplane/notification_encrypted_handlers.go:198.16,200.3 1 0
github.com/openagentsinc/bahia/internal/controlplane/notification_encrypted_handlers.go:201.2,201.15 1 0
github.com/openagentsinc/bahia/internal/controlplane/notification_encrypted_handlers.go:201.15,203.3 1 0
github.com/openagentsinc/bahia/internal/controlplane/notification_encrypted_handlers.go:204.2,207.17 1 0
github.com/openagentsinc/bahia/internal/controlplane/notification_encrypted_handlers.go:207.17,209.3 1 0
github.com/openagentsinc/bahia/internal/controlplane/notification_encrypted_handlers.go:210.2,210.73 1 0
github.com/openagentsinc/bahia/internal/controlplane/notification_encrypted_handlers.go:213.109,215.78 2 1
github.com/openagentsinc/bahia/internal/controlplane/notification_encrypted_handlers.go:215.78,217.3 1 0
github.com/openagentsinc/bahia/internal/controlplane/notification_encrypted_handlers.go:218.2,219.31 2 1
github.com/openagentsinc/bahia/internal/controlplane/notification_encrypted_handlers.go:219.31,221.3 1 0
github.com/openagentsinc/bahia/internal/controlplane/notification_encrypted_handlers.go:222.2,224.48 3 1
github.com/openagentsinc/bahia/internal/controlplane/notification_encrypted_handlers.go:224.48,226.22 2 0
github.com/openagentsinc/bahia/internal/controlplane/notification_encrypted_handlers.go:226.22,228.4 1 0
github.com/openagentsinc/bahia/internal/controlplane/notification_encrypted_handlers.go:229.3,229.62 1 0
github.com/openagentsinc/bahia/internal/controlplane/notification_encrypted_handlers.go:230.8,232.3 1 1
github.com/openagentsinc/bahia/internal/controlplane/notification_encrypted_handlers.go:233.2,233.16 1 1
github.com/openagentsinc/bahia/internal/controlplane/notification_encrypted_handlers.go:233.16,235.3 1 0
github.com/openagentsinc/bahia/internal/controlplane/notification_encrypted_handlers.go:236.2,236.42 1 1
github.com/openagentsinc/bahia/internal/controlplane/notification_encrypted_handlers.go:239.85,240.86 1 1
github.com/openagentsinc/bahia/internal/controlplane/notification_encrypted_handlers.go:240.86,242.3 1 0
github.com/openagentsinc/bahia/internal/controlplane/notification_encrypted_handlers.go:243.2,243.73 1 1
github.com/openagentsinc/bahia/internal/controlplane/notification_encrypted_handlers.go:243.73,245.3 1 0
github.com/openagentsinc/bahia/internal/controlplane/notification_encrypted_handlers.go:246.2,246.12 1 1
github.com/openagentsinc/bahia/internal/controlplane/notification_encrypted_handlers.go:249.66,251.16 2 1
github.com/openagentsinc/bahia/internal/controlplane/notification_encrypted_handlers.go:251.16,253.3 1 0
github.com/openagentsinc/bahia/internal/controlplane/notification_encrypted_handlers.go:254.2,254.16 1 1
github.com/openagentsinc/bahia/internal/controlplane/notification_encrypted_handlers.go:257.77,258.54 1 1
github.com/openagentsinc/bahia/internal/controlplane/notification_encrypted_handlers.go:259.33,260.40 1 1
github.com/openagentsinc/bahia/internal/controlplane/notification_encrypted_handlers.go:261.33,262.40 1 0
github.com/openagentsinc/bahia/internal/controlplane/notification_encrypted_handlers.go:263.10,264.72 1 0
github.com/openagentsinc/bahia/internal/controlplane/notification_encrypted_handlers.go:268.103,270.30 2 1
github.com/openagentsinc/bahia/internal/controlplane/notification_encrypted_handlers.go:270.30,272.3 1 1
github.com/openagentsinc/bahia/internal/controlplane/notification_encrypted_handlers.go:273.2,273.12 1 1
github.com/openagentsinc/bahia/internal/controlplane/notification_encrypted_handlers.go:276.92,278.22 2 1
github.com/openagentsinc/bahia/internal/controlplane/notification_encrypted_handlers.go:278.22,280.3 1 1
github.com/openagentsinc/bahia/internal/controlplane/notification_encrypted_handlers.go:281.2,281.11 1 1
github.com/openagentsinc/bahia/internal/controlplane/notification_encrypted_handlers.go:284.49,285.15 1 1
github.com/openagentsinc/bahia/internal/controlplane/notification_encrypted_handlers.go:285.15,287.3 1 1
github.com/openagentsinc/bahia/internal/controlplane/notification_encrypted_handlers.go:288.2,289.29 2 1
github.com/openagentsinc/bahia/internal/controlplane/notification_encrypted_handlers.go:289.29,291.3 1 1
github.com/openagentsinc/bahia/internal/controlplane/notification_encrypted_handlers.go:292.2,292.12 1 1
github.com/openagentsinc/bahia/internal/controlplane/operator_actions.go:69.60,71.50 2 1
github.com/openagentsinc/bahia/internal/controlplane/operator_actions.go:71.50,73.3 1 0
github.com/openagentsinc/bahia/internal/controlplane/operator_actions.go:74.2,75.36 2 1
github.com/openagentsinc/bahia/internal/controlplane/operator_actions.go:75.36,77.3 1 0
github.com/openagentsinc/bahia/internal/controlplane/operator_actions.go:78.2,78.15 1 1
github.com/openagentsinc/bahia/internal/controlplane/operator_actions.go:81.106,83.44 2 1
github.com/openagentsinc/bahia/internal/controlplane/operator_actions.go:83.44,85.3 1 1
github.com/openagentsinc/bahia/internal/controlplane/operator_actions.go:86.2,86.68 1 1
github.com/openagentsinc/bahia/internal/controlplane/operator_actions.go:86.68,88.3 1 0
github.com/openagentsinc/bahia/internal/controlplane/operator_actions.go:89.2,90.36 2 1
github.com/openagentsinc/bahia/internal/controlplane/operator_actions.go:90.36,92.3 1 0
github.com/openagentsinc/bahia/internal/controlplane/operator_actions.go:93.2,94.16 2 1
github.com/openagentsinc/bahia/internal/controlplane/operator_actions.go:94.16,96.3 1 0
github.com/openagentsinc/bahia/internal/controlplane/operator_actions.go:97.2,98.16 2 1
github.com/openagentsinc/bahia/internal/controlplane/operator_actions.go:98.16,100.3 1 0
github.com/openagentsinc/bahia/internal/controlplane/operator_actions.go:101.2,102.45 2 1
github.com/openagentsinc/bahia/internal/controlplane/operator_actions.go:102.45,104.17 2 1
github.com/openagentsinc/bahia/internal/controlplane/operator_actions.go:104.17,106.4 1 0
github.com/openagentsinc/bahia/internal/controlplane/operator_actions.go:107.3,107.33 1 1
github.com/openagentsinc/bahia/internal/controlplane/operator_actions.go:109.2,109.45 1 1
github.com/openagentsinc/bahia/internal/controlplane/operator_actions.go:109.45,111.3 1 1
github.com/openagentsinc/bahia/internal/controlplane/operator_actions.go:112.2,112.144 1 1
github.com/openagentsinc/bahia/internal/controlplane/operator_actions.go:115.48,116.16 1 1
github.com/openagentsinc/bahia/internal/controlplane/operator_actions.go:117.35,118.14 1 1
github.com/openagentsinc/bahia/internal/controlplane/operator_actions.go:119.10,120.15 1 0
github.com/openagentsinc/bahia/internal/controlplane/operator_actions.go:124.131,126.66 2 1
github.com/openagentsinc/bahia/internal/controlplane/operator_actions.go:126.66,130.3 3 1
github.com/openagentsinc/bahia/internal/controlplane/operator_actions.go:131.2,131.31 1 1
github.com/openagentsinc/bahia/internal/controlplane/operator_actions.go:131.31,134.3 2 0
github.com/openagentsinc/bahia/internal/controlplane/operator_actions.go:136.2,139.20 4 1
github.com/openagentsinc/bahia/internal/controlplane/operator_actions.go:140.16,141.94 1 1
github.com/openagentsinc/bahia/internal/controlplane/operator_actions.go:142.17,143.79 1 1
github.com/openagentsinc/bahia/internal/controlplane/operator_actions.go:144.14,145.76 1 1
github.com/openagentsinc/bahia/internal/controlplane/operator_actions.go:147.2,147.16 1 1
github.com/openagentsinc/bahia/internal/controlplane/operator_actions.go:147.16,151.3 3 1
github.com/openagentsinc/bahia/internal/controlplane/operator_actions.go:152.2,152.116 1 1
github.com/openagentsinc/bahia/internal/controlplane/operator_actions.go:152.116,154.3 1 0
github.com/openagentsinc/bahia/internal/controlplane/operator_actions.go:157.86,159.61 2 1
github.com/openagentsinc/bahia/internal/controlplane/operator_actions.go:159.61,163.3 3 1
github.com/openagentsinc/bahia/internal/controlplane/operator_actions.go:164.2,164.23 1 1
github.com/openagentsinc/bahia/internal/controlplane/operator_actions.go:164.23,167.3 2 0
github.com/openagentsinc/bahia/internal/controlplane/operator_actions.go:169.2,170.68 2 1
github.com/openagentsinc/bahia/internal/controlplane/operator_actions.go:170.68,173.3 2 0
github.com/openagentsinc/bahia/internal/controlplane/operator_actions.go:174.2,175.16 2 1
github.com/openagentsinc/bahia/internal/controlplane/operator_actions.go:175.16,178.3 2 1
github.com/openagentsinc/bahia/internal/controlplane/operator_actions.go:180.2,182.16 3 1
github.com/openagentsinc/bahia/internal/controlplane/operator_actions.go:182.16,186.3 3 1
github.com/openagentsinc/bahia/internal/controlplane/operator_actions.go:187.2,188.82 2 1
github.com/openagentsinc/bahia/internal/controlplane/operator_actions.go:188.82,190.3 1 0
github.com/openagentsinc/bahia/internal/controlplane/operator_actions.go:193.88,195.61 2 1
github.com/openagentsinc/bahia/internal/controlplane/operator_actions.go:195.61,199.3 3 1
github.com/openagentsinc/bahia/internal/controlplane/operator_actions.go:200.2,200.23 1 1
github.com/openagentsinc/bahia/internal/controlplane/operator_actions.go:200.23,203.3 2 0
github.com/openagentsinc/bahia/internal/controlplane/operator_actions.go:205.2,206.68 2 1
github.com/openagentsinc/bahia/internal/controlplane/operator_actions.go:206.68,209.3 2 0
github.com/openagentsinc/bahia/internal/controlplane/operator_actions.go:210.2,211.16 2 1
github.com/openagentsinc/bahia/internal/controlplane/operator_actions.go:211.16,214.3 2 0
github.com/openagentsinc/bahia/internal/controlplane/operator_actions.go:215.2,215.48 1 1
github.com/openagentsinc/bahia/internal/controlplane/operator_actions.go:215.48,218.3 2 0
github.com/openagentsinc/bahia/internal/controlplane/operator_actions.go:219.2,220.16 2 1
github.com/openagentsinc/bahia/internal/controlplane/operator_actions.go:220.16,223.3 2 0
github.com/openagentsinc/bahia/internal/controlplane/operator_actions.go:225.2,227.16 3 1
github.com/openagentsinc/bahia/internal/controlplane/operator_actions.go:227.16,231.3 3 0
github.com/openagentsinc/bahia/internal/controlplane/operator_actions.go:232.2,233.83 2 1
github.com/openagentsinc/bahia/internal/controlplane/operator_actions.go:233.83,235.3 1 0
github.com/openagentsinc/bahia/internal/controlplane/operator_actions.go:238.95,239.23 1 1
github.com/openagentsinc/bahia/internal/controlplane/operator_actions.go:239.23,241.3 1 0
github.com/openagentsinc/bahia/internal/controlplane/operator_actions.go:242.2,244.33 3 1
github.com/openagentsinc/bahia/internal/controlplane/operator_actions.go:244.33,245.31 1 1
github.com/openagentsinc/bahia/internal/controlplane/operator_actions.go:245.31,247.4 1 1
github.com/openagentsinc/bahia/internal/controlplane/operator_actions.go:248.3,249.17 2 1
github.com/openagentsinc/bahia/internal/controlplane/operator_actions.go:249.17,251.4 1 0
github.com/openagentsinc/bahia/internal/controlplane/operator_actions.go:252.3,252.30 1 1
github.com/openagentsinc/bahia/internal/controlplane/operator_actions.go:252.30,254.4 1 0
github.com/openagentsinc/bahia/internal/controlplane/operator_actions.go:255.3,257.24 3 1
github.com/openagentsinc/bahia/internal/controlplane/operator_actions.go:257.24,259.4 1 0
github.com/openagentsinc/bahia/internal/controlplane/operator_actions.go:260.3,261.79 2 1
github.com/openagentsinc/bahia/internal/controlplane/operator_actions.go:261.79,263.4 1 0
github.com/openagentsinc/bahia/internal/controlplane/operator_actions.go:264.3,264.122 1 1
github.com/openagentsinc/bahia/internal/controlplane/operator_actions.go:266.2,266.20 1 1
github.com/openagentsinc/bahia/internal/controlplane/operator_actions.go:269.107,272.39 3 1
github.com/openagentsinc/bahia/internal/controlplane/operator_actions.go:272.39,275.23 3 0
github.com/openagentsinc/bahia/internal/controlplane/operator_actions.go:275.23,277.4 1 0
github.com/openagentsinc/bahia/internal/controlplane/operator_actions.go:278.3,278.24 1 0
github.com/openagentsinc/bahia/internal/controlplane/operator_actions.go:278.24,280.4 1 0
github.com/openagentsinc/bahia/internal/controlplane/operator_actions.go:281.3,282.90 2 0
github.com/openagentsinc/bahia/internal/controlplane/operator_actions.go:282.90,284.4 1 0
github.com/openagentsinc/bahia/internal/controlplane/operator_actions.go:285.3,286.29 2 0
github.com/openagentsinc/bahia/internal/controlplane/operator_actions.go:286.29,288.4 1 0
github.com/openagentsinc/bahia/internal/controlplane/operator_actions.go:289.3,290.145 2 0
github.com/openagentsinc/bahia/internal/controlplane/operator_actions.go:292.2,292.20 1 1
github.com/openagentsinc/bahia/internal/controlplane/operator_actions.go:297.53,301.35 4 1
github.com/openagentsinc/bahia/internal/controlplane/operator_actions.go:301.35,303.3 1 0
github.com/openagentsinc/bahia/internal/controlplane/operator_actions.go:304.2,304.13 1 1
github.com/openagentsinc/bahia/internal/controlplane/operator_actions.go:307.68,308.35 1 1
github.com/openagentsinc/bahia/internal/controlplane/operator_actions.go:308.35,309.26 1 1
github.com/openagentsinc/bahia/internal/controlplane/operator_actions.go:309.26,311.4 1 0
github.com/openagentsinc/bahia/internal/controlplane/operator_actions.go:313.2,313.18 1 1
github.com/openagentsinc/bahia/internal/controlplane/operator_actions.go:316.74,319.33 3 1
github.com/openagentsinc/bahia/internal/controlplane/operator_actions.go:319.33,320.54 1 1
github.com/openagentsinc/bahia/internal/controlplane/operator_actions.go:320.54,322.4 1 1
github.com/openagentsinc/bahia/internal/controlplane/operator_actions.go:322.9,324.4 1 1
github.com/openagentsinc/bahia/internal/controlplane/operator_actions.go:326.2,326.63 1 1
github.com/openagentsinc/bahia/internal/controlplane/operator_actions.go:326.63,328.3 1 0
github.com/openagentsinc/bahia/internal/controlplane/operator_actions.go:329.2,329.22 1 1
github.com/openagentsinc/bahia/internal/controlplane/operator_actions.go:329.22,331.3 1 1
github.com/openagentsinc/bahia/internal/controlplane/operator_actions.go:332.2,332.18 1 0
github.com/openagentsinc/bahia/internal/controlplane/operator_actions.go:335.123,345.48 4 1
github.com/openagentsinc/bahia/internal/controlplane/operator_actions.go:345.48,347.3 1 0
github.com/openagentsinc/bahia/internal/controlplane/operator_actions.go:348.2,349.12 2 1
github.com/openagentsinc/bahia/internal/controlplane/operator_actions.go:352.183,355.16 3 1
github.com/openagentsinc/bahia/internal/controlplane/operator_actions.go:355.16,357.3 1 0
github.com/openagentsinc/bahia/internal/controlplane/operator_actions.go:358.2,368.48 4 1
github.com/openagentsinc/bahia/internal/controlplane/operator_actions.go:368.48,370.3 1 0
github.com/openagentsinc/bahia/internal/controlplane/operator_actions.go:371.2,372.12 2 1
github.com/openagentsinc/bahia/internal/controlplane/operator_actions.go:375.163,384.48 4 1
github.com/openagentsinc/bahia/internal/controlplane/operator_actions.go:384.48,386.3 1 0
github.com/openagentsinc/bahia/internal/controlplane/operator_actions.go:387.2,388.12 2 1
github.com/openagentsinc/bahia/internal/controlplane/operator_actions.go:391.150,394.16 3 1
github.com/openagentsinc/bahia/internal/controlplane/operator_actions.go:394.16,396.3 1 0
github.com/openagentsinc/bahia/internal/controlplane/operator_actions.go:397.2,405.48 4 1
github.com/openagentsinc/bahia/internal/controlplane/operator_actions.go:405.48,407.3 1 0
github.com/openagentsinc/bahia/internal/controlplane/operator_actions.go:408.2,409.12 2 1
github.com/openagentsinc/bahia/internal/controlplane/operator_actions.go:412.156,415.16 3 1
github.com/openagentsinc/bahia/internal/controlplane/operator_actions.go:415.16,417.3 1 0
github.com/openagentsinc/bahia/internal/controlplane/operator_actions.go:418.2,424.33 2 1
github.com/openagentsinc/bahia/internal/controlplane/operator_actions.go:424.33,425.30 1 1
github.com/openagentsinc/bahia/internal/controlplane/operator_actions.go:425.30,427.4 1 1
github.com/openagentsinc/bahia/internal/controlplane/operator_actions.go:429.2,430.48 2 1
github.com/openagentsinc/bahia/internal/controlplane/operator_actions.go:430.48,432.3 1 0
github.com/openagentsinc/bahia/internal/controlplane/operator_actions.go:433.2,434.12 2 1
github.com/openagentsinc/bahia/internal/controlplane/operator_actions.go:437.137,452.48 3 1
github.com/openagentsinc/bahia/internal/controlplane/operator_actions.go:452.48,454.3 1 0
github.com/openagentsinc/bahia/internal/controlplane/operator_actions.go:455.2,456.12 2 1
github.com/openagentsinc/bahia/internal/controlplane/operator_actions.go:459.93,460.33 1 1
github.com/openagentsinc/bahia/internal/controlplane/operator_actions.go:460.33,461.24 1 1
github.com/openagentsinc/bahia/internal/controlplane/operator_actions.go:461.24,463.4 1 1
github.com/openagentsinc/bahia/internal/controlplane/operator_actions.go:464.3,464.31 1 1
github.com/openagentsinc/bahia/internal/controlplane/operator_actions.go:464.31,466.4 1 1
github.com/openagentsinc/bahia/internal/controlplane/operator_actions.go:467.3,467.35 1 1
github.com/openagentsinc/bahia/internal/controlplane/operator_actions.go:467.35,469.4 1 1
github.com/openagentsinc/bahia/internal/controlplane/operator_actions.go:471.2,471.13 1 1
github.com/openagentsinc/bahia/internal/controlplane/operator_actions.go:474.95,476.35 2 1
github.com/openagentsinc/bahia/internal/controlplane/operator_actions.go:476.35,478.3 1 1
github.com/openagentsinc/bahia/internal/controlplane/operator_actions.go:479.2,479.16 1 1
github.com/openagentsinc/bahia/internal/controlplane/reactor.go:157.74,158.26 1 1
github.com/openagentsinc/bahia/internal/controlplane/reactor.go:158.26,158.54 1 1
github.com/openagentsinc/bahia/internal/controlplane/reactor.go:161.95,162.26 1 0
github.com/openagentsinc/bahia/internal/controlplane/reactor.go:162.26,162.55 1 0
github.com/openagentsinc/bahia/internal/controlplane/reactor.go:165.64,166.26 1 0
github.com/openagentsinc/bahia/internal/controlplane/reactor.go:166.26,166.57 1 0
github.com/openagentsinc/bahia/internal/controlplane/reactor.go:169.102,170.26 1 0
github.com/openagentsinc/bahia/internal/controlplane/reactor.go:170.26,170.61 1 0
github.com/openagentsinc/bahia/internal/controlplane/reactor.go:173.71,174.26 1 0
github.com/openagentsinc/bahia/internal/controlplane/reactor.go:174.26,174.56 1 0
github.com/openagentsinc/bahia/internal/controlplane/reactor.go:178.74,179.26 1 1
github.com/openagentsinc/bahia/internal/controlplane/reactor.go:179.26,179.51 1 1
github.com/openagentsinc/bahia/internal/controlplane/reactor.go:183.98,184.26 1 1
github.com/openagentsinc/bahia/internal/controlplane/reactor.go:184.26,184.67 1 1
github.com/openagentsinc/bahia/internal/controlplane/reactor.go:188.77,189.26 1 1
github.com/openagentsinc/bahia/internal/controlplane/reactor.go:189.26,190.23 1 1
github.com/openagentsinc/bahia/internal/controlplane/reactor.go:190.23,192.4 1 1
github.com/openagentsinc/bahia/internal/controlplane/reactor.go:200.176,201.19 1 1
github.com/openagentsinc/bahia/internal/controlplane/reactor.go:201.19,203.3 1 1
github.com/openagentsinc/bahia/internal/controlplane/reactor.go:206.2,206.17 1 1
github.com/openagentsinc/bahia/internal/controlplane/reactor.go:206.17,208.30 2 1
github.com/openagentsinc/bahia/internal/controlplane/reactor.go:208.30,210.4 1 0
github.com/openagentsinc/bahia/internal/controlplane/reactor.go:213.3,216.64 4 1
github.com/openagentsinc/bahia/internal/controlplane/reactor.go:219.2,231.27 2 1
github.com/openagentsinc/bahia/internal/controlplane/reactor.go:231.27,233.3 1 1
github.com/openagentsinc/bahia/internal/controlplane/reactor.go:234.2,234.10 1 1
github.com/openagentsinc/bahia/internal/controlplane/reactor.go:238.50,288.16 7 0
github.com/openagentsinc/bahia/internal/controlplane/reactor.go:288.16,290.3 1 0
github.com/openagentsinc/bahia/internal/controlplane/reactor.go:292.2,294.6 2 0
github.com/openagentsinc/bahia/internal/controlplane/reactor.go:294.6,295.10 1 0
github.com/openagentsinc/bahia/internal/controlplane/reactor.go:296.21,299.20 3 0
github.com/openagentsinc/bahia/internal/controlplane/reactor.go:301.34,302.11 1 0
github.com/openagentsinc/bahia/internal/controlplane/reactor.go:302.11,307.19 5 0
github.com/openagentsinc/bahia/internal/controlplane/reactor.go:307.19,309.14 2 0
github.com/openagentsinc/bahia/internal/controlplane/reactor.go:311.5,312.13 2 0
github.com/openagentsinc/bahia/internal/controlplane/reactor.go:315.4,315.26 1 0
github.com/openagentsinc/bahia/internal/controlplane/reactor.go:321.72,324.23 2 0
github.com/openagentsinc/bahia/internal/controlplane/reactor.go:324.23,327.3 2 0
github.com/openagentsinc/bahia/internal/controlplane/reactor.go:330.2,330.35 1 0
github.com/openagentsinc/bahia/internal/controlplane/reactor.go:330.35,332.3 1 0
github.com/openagentsinc/bahia/internal/controlplane/reactor.go:333.2,335.20 2 0
github.com/openagentsinc/bahia/internal/controlplane/reactor.go:336.25,337.39 1 0
github.com/openagentsinc/bahia/internal/controlplane/reactor.go:338.27,339.41 1 0
github.com/openagentsinc/bahia/internal/controlplane/reactor.go:340.25,341.39 1 0
github.com/openagentsinc/bahia/internal/controlplane/reactor.go:342.25,343.39 1 0
github.com/openagentsinc/bahia/internal/controlplane/reactor.go:344.29,345.43 1 0
github.com/openagentsinc/bahia/internal/controlplane/reactor.go:346.30,347.44 1 0
github.com/openagentsinc/bahia/internal/controlplane/reactor.go:348.29,349.43 1 0
github.com/openagentsinc/bahia/internal/controlplane/reactor.go:350.26,351.40 1 0
github.com/openagentsinc/bahia/internal/controlplane/reactor.go:352.26,353.40 1 0
github.com/openagentsinc/bahia/internal/controlplane/reactor.go:354.30,355.44 1 0
github.com/openagentsinc/bahia/internal/controlplane/reactor.go:356.28,357.42 1 0
github.com/openagentsinc/bahia/internal/controlplane/reactor.go:358.33,359.47 1 0
github.com/openagentsinc/bahia/internal/controlplane/reactor.go:360.30,361.44 1 0
github.com/openagentsinc/bahia/internal/controlplane/reactor.go:362.32,363.46 1 0
github.com/openagentsinc/bahia/internal/controlplane/reactor.go:364.32,365.46 1 0
github.com/openagentsinc/bahia/internal/controlplane/reactor.go:366.31,367.45 1 0
github.com/openagentsinc/bahia/internal/controlplane/reactor.go:368.33,369.47 1 0
github.com/openagentsinc/bahia/internal/controlplane/reactor.go:370.25,371.39 1 0
github.com/openagentsinc/bahia/internal/controlplane/reactor.go:372.25,373.39 1 0
github.com/openagentsinc/bahia/internal/controlplane/reactor.go:374.29,375.43 1 0
github.com/openagentsinc/bahia/internal/controlplane/reactor.go:376.29,377.43 1 0
github.com/openagentsinc/bahia/internal/controlplane/reactor.go:378.28,379.42 1 0
github.com/openagentsinc/bahia/internal/controlplane/reactor.go:380.24,381.38 1 0
github.com/openagentsinc/bahia/internal/controlplane/reactor.go:382.24,383.38 1 0
github.com/openagentsinc/bahia/internal/controlplane/reactor.go:384.24,385.38 1 0
github.com/openagentsinc/bahia/internal/controlplane/reactor.go:386.26,387.40 1 0
github.com/openagentsinc/bahia/internal/controlplane/reactor.go:388.10,389.61 1 0
github.com/openagentsinc/bahia/internal/controlplane/reactor.go:394.80,399.35 3 0
github.com/openagentsinc/bahia/internal/controlplane/reactor.go:399.35,403.3 3 0
github.com/openagentsinc/bahia/internal/controlplane/reactor.go:406.2,407.16 2 0
github.com/openagentsinc/bahia/internal/controlplane/reactor.go:407.16,411.3 3 0
github.com/openagentsinc/bahia/internal/controlplane/reactor.go:413.2,417.69 3 0
github.com/openagentsinc/bahia/internal/controlplane/reactor.go:417.69,421.3 3 0
github.com/openagentsinc/bahia/internal/controlplane/reactor.go:422.2,422.77 1 0
github.com/openagentsinc/bahia/internal/controlplane/reactor.go:422.77,426.3 3 0
github.com/openagentsinc/bahia/internal/controlplane/reactor.go:427.2,427.71 1 0
github.com/openagentsinc/bahia/internal/controlplane/reactor.go:427.71,431.3 3 0
github.com/openagentsinc/bahia/internal/controlplane/reactor.go:434.2,464.71 7 0
github.com/openagentsinc/bahia/internal/controlplane/reactor.go:464.71,472.3 7 0
github.com/openagentsinc/bahia/internal/controlplane/reactor.go:474.2,484.47 7 0
github.com/openagentsinc/bahia/internal/controlplane/reactor.go:488.82,492.35 3 0
github.com/openagentsinc/bahia/internal/controlplane/reactor.go:492.35,496.3 3 0
github.com/openagentsinc/bahia/internal/controlplane/reactor.go:499.2,503.68 2 0
github.com/openagentsinc/bahia/internal/controlplane/reactor.go:503.68,506.3 2 0
github.com/openagentsinc/bahia/internal/controlplane/reactor.go:508.2,509.16 2 0
github.com/openagentsinc/bahia/internal/controlplane/reactor.go:509.16,512.3 2 0
github.com/openagentsinc/bahia/internal/controlplane/reactor.go:514.2,515.16 2 0
github.com/openagentsinc/bahia/internal/controlplane/reactor.go:515.16,518.3 2 0
github.com/openagentsinc/bahia/internal/controlplane/reactor.go:521.2,522.16 2 0
github.com/openagentsinc/bahia/internal/controlplane/reactor.go:522.16,526.3 3 0
github.com/openagentsinc/bahia/internal/controlplane/reactor.go:528.2,529.47 2 0
github.com/openagentsinc/bahia/internal/controlplane/reactor.go:533.80,537.78 3 1
github.com/openagentsinc/bahia/internal/controlplane/reactor.go:537.78,538.17 1 1
github.com/openagentsinc/bahia/internal/controlplane/reactor.go:538.17,540.20 2 1
github.com/openagentsinc/bahia/internal/controlplane/reactor.go:540.20,542.5 1 0
github.com/openagentsinc/bahia/internal/controlplane/reactor.go:543.4,544.10 2 1
github.com/openagentsinc/bahia/internal/controlplane/reactor.go:546.3,547.9 2 1
github.com/openagentsinc/bahia/internal/controlplane/reactor.go:550.2,550.35 1 1
github.com/openagentsinc/bahia/internal/controlplane/reactor.go:550.35,554.3 3 0
github.com/openagentsinc/bahia/internal/controlplane/reactor.go:557.2,558.33 2 1
github.com/openagentsinc/bahia/internal/controlplane/reactor.go:558.33,559.19 1 1
github.com/openagentsinc/bahia/internal/controlplane/reactor.go:559.19,560.12 1 0
github.com/openagentsinc/bahia/internal/controlplane/reactor.go:562.3,562.17 1 1
github.com/openagentsinc/bahia/internal/controlplane/reactor.go:563.18,564.22 1 1
github.com/openagentsinc/bahia/internal/controlplane/reactor.go:565.17,566.19 1 1
github.com/openagentsinc/bahia/internal/controlplane/reactor.go:567.17,568.19 1 1
github.com/openagentsinc/bahia/internal/controlplane/reactor.go:572.2,577.64 3 1
github.com/openagentsinc/bahia/internal/controlplane/reactor.go:581.80,585.35 3 0
github.com/openagentsinc/bahia/internal/controlplane/reactor.go:585.35,589.3 3 0
github.com/openagentsinc/bahia/internal/controlplane/reactor.go:591.2,597.68 2 0
github.com/openagentsinc/bahia/internal/controlplane/reactor.go:597.68,600.3 2 0
github.com/openagentsinc/bahia/internal/controlplane/reactor.go:602.2,602.46 1 0
github.com/openagentsinc/bahia/internal/controlplane/reactor.go:602.46,605.3 2 0
github.com/openagentsinc/bahia/internal/controlplane/reactor.go:607.2,608.27 2 0
github.com/openagentsinc/bahia/internal/controlplane/reactor.go:608.27,609.89 1 0
github.com/openagentsinc/bahia/internal/controlplane/reactor.go:609.89,612.4 2 0
github.com/openagentsinc/bahia/internal/controlplane/reactor.go:613.3,613.52 1 0
github.com/openagentsinc/bahia/internal/controlplane/reactor.go:616.2,624.59 2 0
github.com/openagentsinc/bahia/internal/controlplane/reactor.go:624.59,628.3 3 0
github.com/openagentsinc/bahia/internal/controlplane/reactor.go:630.2,631.42 2 0
github.com/openagentsinc/bahia/internal/controlplane/reactor.go:635.84,639.35 3 0
github.com/openagentsinc/bahia/internal/controlplane/reactor.go:639.35,643.3 3 0
github.com/openagentsinc/bahia/internal/controlplane/reactor.go:645.2,650.68 2 0
github.com/openagentsinc/bahia/internal/controlplane/reactor.go:650.68,653.3 2 0
github.com/openagentsinc/bahia/internal/controlplane/reactor.go:655.2,655.20 1 0
github.com/openagentsinc/bahia/internal/controlplane/reactor.go:655.20,658.3 2 0
github.com/openagentsinc/bahia/internal/controlplane/reactor.go:660.2,661.30 2 0
github.com/openagentsinc/bahia/internal/controlplane/reactor.go:661.30,663.3 1 0
github.com/openagentsinc/bahia/internal/controlplane/reactor.go:665.2,672.63 2 0
github.com/openagentsinc/bahia/internal/controlplane/reactor.go:672.63,676.3 3 0
github.com/openagentsinc/bahia/internal/controlplane/reactor.go:678.2,679.46 2 0
github.com/openagentsinc/bahia/internal/controlplane/reactor.go:682.80,684.35 2 0
github.com/openagentsinc/bahia/internal/controlplane/reactor.go:684.35,687.3 2 0
github.com/openagentsinc/bahia/internal/controlplane/reactor.go:688.2,697.68 2 0
github.com/openagentsinc/bahia/internal/controlplane/reactor.go:697.68,700.3 2 0
github.com/openagentsinc/bahia/internal/controlplane/reactor.go:701.2,701.18 1 0
github.com/openagentsinc/bahia/internal/controlplane/reactor.go:701.18,703.3 1 0
github.com/openagentsinc/bahia/internal/controlplane/reactor.go:704.2,705.16 2 0
github.com/openagentsinc/bahia/internal/controlplane/reactor.go:705.16,708.3 2 0
github.com/openagentsinc/bahia/internal/controlplane/reactor.go:709.2,710.30 2 0
github.com/openagentsinc/bahia/internal/controlplane/reactor.go:710.30,713.3 2 0
github.com/openagentsinc/bahia/internal/controlplane/reactor.go:714.2,714.20 1 0
github.com/openagentsinc/bahia/internal/controlplane/reactor.go:714.20,716.3 1 0
github.com/openagentsinc/bahia/internal/controlplane/reactor.go:717.2,717.28 1 0
github.com/openagentsinc/bahia/internal/controlplane/reactor.go:717.28,719.3 1 0
github.com/openagentsinc/bahia/internal/controlplane/reactor.go:720.2,721.29 2 0
github.com/openagentsinc/bahia/internal/controlplane/reactor.go:721.29,723.3 1 0
github.com/openagentsinc/bahia/internal/controlplane/reactor.go:724.2,724.27 1 0
github.com/openagentsinc/bahia/internal/controlplane/reactor.go:724.27,726.3 1 0
github.com/openagentsinc/bahia/internal/controlplane/reactor.go:727.2,727.30 1 0
github.com/openagentsinc/bahia/internal/controlplane/reactor.go:727.30,729.3 1 0
github.com/openagentsinc/bahia/internal/controlplane/reactor.go:730.2,730.59 1 0
github.com/openagentsinc/bahia/internal/controlplane/reactor.go:730.59,734.3 3 0
github.com/openagentsinc/bahia/internal/controlplane/reactor.go:735.2,735.69 1 0
github.com/openagentsinc/bahia/internal/controlplane/reactor.go:738.80,739.35 1 0
github.com/openagentsinc/bahia/internal/controlplane/reactor.go:739.35,742.3 2 0
github.com/openagentsinc/bahia/internal/controlplane/reactor.go:743.2,748.18 3 0
github.com/openagentsinc/bahia/internal/controlplane/reactor.go:748.18,750.3 1 0
github.com/openagentsinc/bahia/internal/controlplane/reactor.go:751.2,752.16 2 0
github.com/openagentsinc/bahia/internal/controlplane/reactor.go:752.16,755.3 2 0
github.com/openagentsinc/bahia/internal/controlplane/reactor.go:756.2,756.69 1 0
github.com/openagentsinc/bahia/internal/controlplane/reactor.go:756.69,759.3 2 0
github.com/openagentsinc/bahia/internal/controlplane/reactor.go:760.2,760.69 1 0
github.com/openagentsinc/bahia/internal/controlplane/reactor.go:763.84,765.35 2 0
github.com/openagentsinc/bahia/internal/controlplane/reactor.go:765.35,768.3 2 0
github.com/openagentsinc/bahia/internal/controlplane/reactor.go:769.2,777.68 2 0
github.com/openagentsinc/bahia/internal/controlplane/reactor.go:777.68,780.3 2 0
github.com/openagentsinc/bahia/internal/controlplane/reactor.go:781.2,781.18 1 0
github.com/openagentsinc/bahia/internal/controlplane/reactor.go:781.18,783.3 1 0
github.com/openagentsinc/bahia/internal/controlplane/reactor.go:784.2,785.16 2 0
github.com/openagentsinc/bahia/internal/controlplane/reactor.go:785.16,788.3 2 0
github.com/openagentsinc/bahia/internal/controlplane/reactor.go:789.2,790.30 2 0
github.com/openagentsinc/bahia/internal/controlplane/reactor.go:790.30,793.3 2 0
github.com/openagentsinc/bahia/internal/controlplane/reactor.go:794.2,794.20 1 0
github.com/openagentsinc/bahia/internal/controlplane/reactor.go:794.20,796.3 1 0
github.com/openagentsinc/bahia/internal/controlplane/reactor.go:797.2,797.35 1 0
github.com/openagentsinc/bahia/internal/controlplane/reactor.go:797.35,799.3 1 0
github.com/openagentsinc/bahia/internal/controlplane/reactor.go:800.2,800.30 1 0
github.com/openagentsinc/bahia/internal/controlplane/reactor.go:800.30,802.3 1 0
github.com/openagentsinc/bahia/internal/controlplane/reactor.go:803.2,803.30 1 0
github.com/openagentsinc/bahia/internal/controlplane/reactor.go:803.30,805.3 1 0
github.com/openagentsinc/bahia/internal/controlplane/reactor.go:806.2,807.63 2 0
github.com/openagentsinc/bahia/internal/controlplane/reactor.go:807.63,811.3 3 0
github.com/openagentsinc/bahia/internal/controlplane/reactor.go:812.2,812.73 1 0
github.com/openagentsinc/bahia/internal/controlplane/reactor.go:815.84,816.35 1 0
github.com/openagentsinc/bahia/internal/controlplane/reactor.go:816.35,819.3 2 0
github.com/openagentsinc/bahia/internal/controlplane/reactor.go:820.2,825.18 3 0
github.com/openagentsinc/bahia/internal/controlplane/reactor.go:825.18,827.3 1 0
github.com/openagentsinc/bahia/internal/controlplane/reactor.go:828.2,829.16 2 0
github.com/openagentsinc/bahia/internal/controlplane/reactor.go:829.16,832.3 2 0
github.com/openagentsinc/bahia/internal/controlplane/reactor.go:833.2,833.73 1 0
github.com/openagentsinc/bahia/internal/controlplane/reactor.go:833.73,836.3 2 0
github.com/openagentsinc/bahia/internal/controlplane/reactor.go:837.2,837.73 1 0
github.com/openagentsinc/bahia/internal/controlplane/reactor.go:840.83,841.35 1 0
github.com/openagentsinc/bahia/internal/controlplane/reactor.go:841.35,844.3 2 0
github.com/openagentsinc/bahia/internal/controlplane/reactor.go:845.2,858.68 2 0
github.com/openagentsinc/bahia/internal/controlplane/reactor.go:858.68,861.3 2 0
github.com/openagentsinc/bahia/internal/controlplane/reactor.go:862.2,863.16 2 0
github.com/openagentsinc/bahia/internal/controlplane/reactor.go:863.16,866.3 2 0
github.com/openagentsinc/bahia/internal/controlplane/reactor.go:867.2,868.16 2 0
github.com/openagentsinc/bahia/internal/controlplane/reactor.go:868.16,871.3 2 0
github.com/openagentsinc/bahia/internal/controlplane/reactor.go:872.2,872.26 1 0
github.com/openagentsinc/bahia/internal/controlplane/reactor.go:872.26,874.3 1 0
github.com/openagentsinc/bahia/internal/controlplane/reactor.go:875.2,876.67 2 0
github.com/openagentsinc/bahia/internal/controlplane/reactor.go:876.67,879.3 2 0
github.com/openagentsinc/bahia/internal/controlplane/reactor.go:880.2,880.72 1 0
github.com/openagentsinc/bahia/internal/controlplane/reactor.go:884.85,888.35 3 0
github.com/openagentsinc/bahia/internal/controlplane/reactor.go:888.35,892.3 3 0
github.com/openagentsinc/bahia/internal/controlplane/reactor.go:895.2,896.33 2 0
github.com/openagentsinc/bahia/internal/controlplane/reactor.go:896.33,897.19 1 0
github.com/openagentsinc/bahia/internal/controlplane/reactor.go:897.19,898.12 1 0
github.com/openagentsinc/bahia/internal/controlplane/reactor.go:900.3,900.17 1 0
github.com/openagentsinc/bahia/internal/controlplane/reactor.go:901.17,902.21 1 0
github.com/openagentsinc/bahia/internal/controlplane/reactor.go:903.19,904.21 1 0
github.com/openagentsinc/bahia/internal/controlplane/reactor.go:908.2,908.20 1 0
github.com/openagentsinc/bahia/internal/controlplane/reactor.go:908.20,911.3 2 0
github.com/openagentsinc/bahia/internal/controlplane/reactor.go:912.2,912.51 1 0
github.com/openagentsinc/bahia/internal/controlplane/reactor.go:912.51,915.3 2 0
github.com/openagentsinc/bahia/internal/controlplane/reactor.go:917.2,918.16 2 0
github.com/openagentsinc/bahia/internal/controlplane/reactor.go:918.16,921.3 2 0
github.com/openagentsinc/bahia/internal/controlplane/reactor.go:923.2,925.27 2 0
github.com/openagentsinc/bahia/internal/controlplane/reactor.go:925.27,926.81 1 0
github.com/openagentsinc/bahia/internal/controlplane/reactor.go:926.81,930.4 3 0
github.com/openagentsinc/bahia/internal/controlplane/reactor.go:931.3,931.37 1 0
github.com/openagentsinc/bahia/internal/controlplane/reactor.go:932.8,933.80 1 0
github.com/openagentsinc/bahia/internal/controlplane/reactor.go:933.80,937.4 3 0
github.com/openagentsinc/bahia/internal/controlplane/reactor.go:938.3,938.37 1 0
github.com/openagentsinc/bahia/internal/controlplane/reactor.go:941.2,941.57 1 0
github.com/openagentsinc/bahia/internal/controlplane/reactor.go:945.81,947.56 2 1
github.com/openagentsinc/bahia/internal/controlplane/reactor.go:947.56,949.3 1 0
github.com/openagentsinc/bahia/internal/controlplane/reactor.go:950.2,958.68 2 1
github.com/openagentsinc/bahia/internal/controlplane/reactor.go:958.68,961.3 2 0
github.com/openagentsinc/bahia/internal/controlplane/reactor.go:962.2,963.62 2 1
github.com/openagentsinc/bahia/internal/controlplane/reactor.go:963.62,967.3 3 0
github.com/openagentsinc/bahia/internal/controlplane/reactor.go:968.2,969.50 2 1
github.com/openagentsinc/bahia/internal/controlplane/reactor.go:973.85,975.60 2 1
github.com/openagentsinc/bahia/internal/controlplane/reactor.go:975.60,977.3 1 0
github.com/openagentsinc/bahia/internal/controlplane/reactor.go:978.2,992.68 2 1
github.com/openagentsinc/bahia/internal/controlplane/reactor.go:992.68,995.3 2 0
github.com/openagentsinc/bahia/internal/controlplane/reactor.go:996.2,996.23 1 1
github.com/openagentsinc/bahia/internal/controlplane/reactor.go:996.23,998.3 1 1
github.com/openagentsinc/bahia/internal/controlplane/reactor.go:999.2,1000.16 2 1
github.com/openagentsinc/bahia/internal/controlplane/reactor.go:1000.16,1003.3 2 0
github.com/openagentsinc/bahia/internal/controlplane/reactor.go:1004.2,1005.66 2 1
github.com/openagentsinc/bahia/internal/controlplane/reactor.go:1005.66,1009.3 3 0
github.com/openagentsinc/bahia/internal/controlplane/reactor.go:1010.2,1011.56 2 1
github.com/openagentsinc/bahia/internal/controlplane/reactor.go:1015.83,1017.50 2 1
github.com/openagentsinc/bahia/internal/controlplane/reactor.go:1017.50,1019.3 1 0
github.com/openagentsinc/bahia/internal/controlplane/reactor.go:1020.2,1027.68 2 1
github.com/openagentsinc/bahia/internal/controlplane/reactor.go:1027.68,1030.3 2 0
github.com/openagentsinc/bahia/internal/controlplane/reactor.go:1031.2,1031.23 1 1
github.com/openagentsinc/bahia/internal/controlplane/reactor.go:1031.23,1033.3 1 1
github.com/openagentsinc/bahia/internal/controlplane/reactor.go:1034.2,1034.29 1 1
github.com/openagentsinc/bahia/internal/controlplane/reactor.go:1034.29,1036.3 1 1
github.com/openagentsinc/bahia/internal/controlplane/reactor.go:1037.2,1037.25 1 1
github.com/openagentsinc/bahia/internal/controlplane/reactor.go:1037.25,1039.3 1 1
github.com/openagentsinc/bahia/internal/controlplane/reactor.go:1040.2,1041.16 2 1
github.com/openagentsinc/bahia/internal/controlplane/reactor.go:1041.16,1044.3 2 0
github.com/openagentsinc/bahia/internal/controlplane/reactor.go:1045.2,1046.16 2 1
github.com/openagentsinc/bahia/internal/controlplane/reactor.go:1046.16,1049.3 2 0
github.com/openagentsinc/bahia/internal/controlplane/reactor.go:1050.2,1051.16 2 1
github.com/openagentsinc/bahia/internal/controlplane/reactor.go:1051.16,1054.3 2 0
github.com/openagentsinc/bahia/internal/controlplane/reactor.go:1055.2,1055.27 1 1
github.com/openagentsinc/bahia/internal/controlplane/reactor.go:1055.27,1057.3 1 1
github.com/openagentsinc/bahia/internal/controlplane/reactor.go:1058.2,1059.21 2 1
github.com/openagentsinc/bahia/internal/controlplane/reactor.go:1059.21,1061.3 1 1
github.com/openagentsinc/bahia/internal/controlplane/reactor.go:1062.2,1065.74 4 1
github.com/openagentsinc/bahia/internal/controlplane/reactor.go:1065.74,1069.3 3 0
github.com/openagentsinc/bahia/internal/controlplane/reactor.go:1070.2,1071.96 2 1
github.com/openagentsinc/bahia/internal/controlplane/reactor.go:1075.88,1077.52 2 1
github.com/openagentsinc/bahia/internal/controlplane/reactor.go:1077.52,1079.3 1 0
github.com/openagentsinc/bahia/internal/controlplane/reactor.go:1080.2,1085.28 3 1
github.com/openagentsinc/bahia/internal/controlplane/reactor.go:1085.28,1087.3 1 1
github.com/openagentsinc/bahia/internal/controlplane/reactor.go:1088.2,1088.28 1 1
github.com/openagentsinc/bahia/internal/controlplane/reactor.go:1088.28,1090.3 1 1
github.com/openagentsinc/bahia/internal/controlplane/reactor.go:1091.2,1091.67 1 1
github.com/openagentsinc/bahia/internal/controlplane/reactor.go:1091.67,1094.3 2 1
github.com/openagentsinc/bahia/internal/controlplane/reactor.go:1095.2,1096.16 2 1
github.com/openagentsinc/bahia/internal/controlplane/reactor.go:1096.16,1099.3 2 0
github.com/openagentsinc/bahia/internal/controlplane/reactor.go:1100.2,1100.35 1 1
github.com/openagentsinc/bahia/internal/controlplane/reactor.go:1100.35,1102.3 1 1
github.com/openagentsinc/bahia/internal/controlplane/reactor.go:1102.8,1104.3 1 1
github.com/openagentsinc/bahia/internal/controlplane/reactor.go:1105.2,1105.16 1 1
github.com/openagentsinc/bahia/internal/controlplane/reactor.go:1105.16,1109.3 3 0
github.com/openagentsinc/bahia/internal/controlplane/reactor.go:1110.2,1111.19 2 1
github.com/openagentsinc/bahia/internal/controlplane/reactor.go:1111.19,1113.3 1 0
github.com/openagentsinc/bahia/internal/controlplane/reactor.go:1114.2,1114.113 1 1
github.com/openagentsinc/bahia/internal/controlplane/reactor.go:1118.85,1120.52 2 1
github.com/openagentsinc/bahia/internal/controlplane/reactor.go:1120.52,1122.3 1 0
github.com/openagentsinc/bahia/internal/controlplane/reactor.go:1123.2,1129.23 3 1
github.com/openagentsinc/bahia/internal/controlplane/reactor.go:1129.23,1131.3 1 0
github.com/openagentsinc/bahia/internal/controlplane/reactor.go:1132.2,1132.29 1 1
github.com/openagentsinc/bahia/internal/controlplane/reactor.go:1132.29,1134.3 1 0
github.com/openagentsinc/bahia/internal/controlplane/reactor.go:1135.2,1136.16 2 1
github.com/openagentsinc/bahia/internal/controlplane/reactor.go:1136.16,1139.3 2 0
github.com/openagentsinc/bahia/internal/controlplane/reactor.go:1140.2,1141.16 2 1
github.com/openagentsinc/bahia/internal/controlplane/reactor.go:1141.16,1144.3 2 0
github.com/openagentsinc/bahia/internal/controlplane/reactor.go:1145.2,1145.27 1 1
github.com/openagentsinc/bahia/internal/controlplane/reactor.go:1145.27,1147.3 1 0
github.com/openagentsinc/bahia/internal/controlplane/reactor.go:1149.2,1157.16 3 1
github.com/openagentsinc/bahia/internal/controlplane/reactor.go:1157.16,1161.3 3 0
github.com/openagentsinc/bahia/internal/controlplane/reactor.go:1162.2,1163.94 2 1
github.com/openagentsinc/bahia/internal/controlplane/reactor.go:1166.93,1168.35 2 0
github.com/openagentsinc/bahia/internal/controlplane/reactor.go:1168.35,1171.3 2 0
github.com/openagentsinc/bahia/internal/controlplane/reactor.go:1172.2,1172.31 1 0
github.com/openagentsinc/bahia/internal/controlplane/reactor.go:1172.31,1175.3 2 0
github.com/openagentsinc/bahia/internal/controlplane/reactor.go:1176.2,1183.68 2 0
github.com/openagentsinc/bahia/internal/controlplane/reactor.go:1183.68,1186.3 2 0
github.com/openagentsinc/bahia/internal/controlplane/reactor.go:1187.2,1188.16 2 0
github.com/openagentsinc/bahia/internal/controlplane/reactor.go:1188.16,1191.3 2 0
github.com/openagentsinc/bahia/internal/controlplane/reactor.go:1192.2,1193.16 2 0
github.com/openagentsinc/bahia/internal/controlplane/reactor.go:1193.16,1196.3 2 0
github.com/openagentsinc/bahia/internal/controlplane/reactor.go:1197.2,1197.25 1 0
github.com/openagentsinc/bahia/internal/controlplane/reactor.go:1197.25,1200.3 2 0
github.com/openagentsinc/bahia/internal/controlplane/reactor.go:1201.2,1211.69 2 0
github.com/openagentsinc/bahia/internal/controlplane/reactor.go:1211.69,1214.3 2 0
github.com/openagentsinc/bahia/internal/controlplane/reactor.go:1215.2,1215.28 1 0
github.com/openagentsinc/bahia/internal/controlplane/reactor.go:1215.28,1217.3 1 0
github.com/openagentsinc/bahia/internal/controlplane/reactor.go:1218.2,1219.12 2 0
github.com/openagentsinc/bahia/internal/controlplane/reactor.go:1222.93,1224.35 2 0
github.com/openagentsinc/bahia/internal/controlplane/reactor.go:1224.35,1227.3 2 0
github.com/openagentsinc/bahia/internal/controlplane/reactor.go:1228.2,1228.31 1 0
github.com/openagentsinc/bahia/internal/controlplane/reactor.go:1228.31,1231.3 2 0
github.com/openagentsinc/bahia/internal/controlplane/reactor.go:1232.2,1237.68 2 0
github.com/openagentsinc/bahia/internal/controlplane/reactor.go:1237.68,1240.3 2 0
github.com/openagentsinc/bahia/internal/controlplane/reactor.go:1241.2,1242.16 2 0
github.com/openagentsinc/bahia/internal/controlplane/reactor.go:1242.16,1245.3 2 0
github.com/openagentsinc/bahia/internal/controlplane/reactor.go:1246.2,1246.55 1 0
github.com/openagentsinc/bahia/internal/controlplane/reactor.go:1246.55,1249.3 2 0
github.com/openagentsinc/bahia/internal/controlplane/reactor.go:1250.2,1251.16 2 0
github.com/openagentsinc/bahia/internal/controlplane/reactor.go:1251.16,1254.3 2 0
github.com/openagentsinc/bahia/internal/controlplane/reactor.go:1255.2,1255.19 1 0
github.com/openagentsinc/bahia/internal/controlplane/reactor.go:1255.19,1258.3 2 0
github.com/openagentsinc/bahia/internal/controlplane/reactor.go:1259.2,1260.29 2 0
github.com/openagentsinc/bahia/internal/controlplane/reactor.go:1260.29,1264.3 3 0
github.com/openagentsinc/bahia/internal/controlplane/reactor.go:1264.8,1266.3 1 0
github.com/openagentsinc/bahia/internal/controlplane/reactor.go:1267.2,1267.69 1 0
github.com/openagentsinc/bahia/internal/controlplane/reactor.go:1267.69,1270.3 2 0
github.com/openagentsinc/bahia/internal/controlplane/reactor.go:1271.2,1271.109 1 0
github.com/openagentsinc/bahia/internal/controlplane/reactor.go:1271.109,1273.3 1 0
github.com/openagentsinc/bahia/internal/controlplane/reactor.go:1274.2,1274.29 1 0
github.com/openagentsinc/bahia/internal/controlplane/reactor.go:1274.29,1276.31 2 0
github.com/openagentsinc/bahia/internal/controlplane/reactor.go:1276.31,1277.82 1 0
github.com/openagentsinc/bahia/internal/controlplane/reactor.go:1277.82,1279.5 1 0
github.com/openagentsinc/bahia/internal/controlplane/reactor.go:1281.8,1283.3 1 0
github.com/openagentsinc/bahia/internal/controlplane/reactor.go:1284.2,1284.28 1 0
github.com/openagentsinc/bahia/internal/controlplane/reactor.go:1284.28,1287.3 2 0
github.com/openagentsinc/bahia/internal/controlplane/reactor.go:1288.2,1288.12 1 0
github.com/openagentsinc/bahia/internal/controlplane/reactor.go:1291.79,1292.35 1 0
github.com/openagentsinc/bahia/internal/controlplane/reactor.go:1292.35,1295.3 2 0
github.com/openagentsinc/bahia/internal/controlplane/reactor.go:1296.2,1296.28 1 0
github.com/openagentsinc/bahia/internal/controlplane/reactor.go:1296.28,1299.3 2 0
github.com/openagentsinc/bahia/internal/controlplane/reactor.go:1300.2,1307.68 2 0
github.com/openagentsinc/bahia/internal/controlplane/reactor.go:1307.68,1310.3 2 0
github.com/openagentsinc/bahia/internal/controlplane/reactor.go:1311.2,1312.58 2 0
github.com/openagentsinc/bahia/internal/controlplane/reactor.go:1312.58,1314.17 2 0
github.com/openagentsinc/bahia/internal/controlplane/reactor.go:1314.17,1317.4 2 0
github.com/openagentsinc/bahia/internal/controlplane/reactor.go:1318.3,1318.29 1 0
github.com/openagentsinc/bahia/internal/controlplane/reactor.go:1320.2,1320.30 1 0
github.com/openagentsinc/bahia/internal/controlplane/reactor.go:1320.30,1322.3 1 0
github.com/openagentsinc/bahia/internal/controlplane/reactor.go:1323.2,1323.66 1 0
github.com/openagentsinc/bahia/internal/controlplane/reactor.go:1323.66,1326.3 2 0
github.com/openagentsinc/bahia/internal/controlplane/reactor.go:1327.2,1328.68 2 0
github.com/openagentsinc/bahia/internal/controlplane/reactor.go:1331.79,1332.35 1 0
github.com/openagentsinc/bahia/internal/controlplane/reactor.go:1332.35,1335.3 2 0
github.com/openagentsinc/bahia/internal/controlplane/reactor.go:1336.2,1336.28 1 0
github.com/openagentsinc/bahia/internal/controlplane/reactor.go:1336.28,1339.3 2 0
github.com/openagentsinc/bahia/internal/controlplane/reactor.go:1340.2,1348.68 2 0
github.com/openagentsinc/bahia/internal/controlplane/reactor.go:1348.68,1351.3 2 0
github.com/openagentsinc/bahia/internal/controlplane/reactor.go:1352.2,1352.18 1 0
github.com/openagentsinc/bahia/internal/controlplane/reactor.go:1352.18,1354.3 1 0
github.com/openagentsinc/bahia/internal/controlplane/reactor.go:1355.2,1356.16 2 0
github.com/openagentsinc/bahia/internal/controlplane/reactor.go:1356.16,1359.3 2 0
github.com/openagentsinc/bahia/internal/controlplane/reactor.go:1360.2,1361.58 2 0
github.com/openagentsinc/bahia/internal/controlplane/reactor.go:1361.58,1363.17 2 0
github.com/openagentsinc/bahia/internal/controlplane/reactor.go:1363.17,1366.4 2 0
github.com/openagentsinc/bahia/internal/controlplane/reactor.go:1367.3,1367.32 1 0
github.com/openagentsinc/bahia/internal/controlplane/reactor.go:1369.2,1369.30 1 0
github.com/openagentsinc/bahia/internal/controlplane/reactor.go:1369.30,1371.3 1 0
github.com/openagentsinc/bahia/internal/controlplane/reactor.go:1372.2,1372.66 1 0
github.com/openagentsinc/bahia/internal/controlplane/reactor.go:1372.66,1375.3 2 0
github.com/openagentsinc/bahia/internal/controlplane/reactor.go:1376.2,1377.68 2 0
github.com/openagentsinc/bahia/internal/controlplane/reactor.go:1380.79,1381.35 1 0
github.com/openagentsinc/bahia/internal/controlplane/reactor.go:1381.35,1384.3 2 0
github.com/openagentsinc/bahia/internal/controlplane/reactor.go:1385.2,1385.28 1 0
github.com/openagentsinc/bahia/internal/controlplane/reactor.go:1385.28,1388.3 2 0
github.com/openagentsinc/bahia/internal/controlplane/reactor.go:1389.2,1393.18 3 0
github.com/openagentsinc/bahia/internal/controlplane/reactor.go:1393.18,1395.3 1 0
github.com/openagentsinc/bahia/internal/controlplane/reactor.go:1396.2,1397.16 2 0
github.com/openagentsinc/bahia/internal/controlplane/reactor.go:1397.16,1400.3 2 0
github.com/openagentsinc/bahia/internal/controlplane/reactor.go:1401.2,1401.62 1 0
github.com/openagentsinc/bahia/internal/controlplane/reactor.go:1401.62,1404.3 2 0
github.com/openagentsinc/bahia/internal/controlplane/reactor.go:1405.2,1406.68 2 0
github.com/openagentsinc/bahia/internal/controlplane/reactor.go:1409.81,1410.35 1 0
github.com/openagentsinc/bahia/internal/controlplane/reactor.go:1410.35,1413.3 2 0
github.com/openagentsinc/bahia/internal/controlplane/reactor.go:1414.2,1414.28 1 0
github.com/openagentsinc/bahia/internal/controlplane/reactor.go:1414.28,1417.3 2 0
github.com/openagentsinc/bahia/internal/controlplane/reactor.go:1418.2,1422.68 2 0
github.com/openagentsinc/bahia/internal/controlplane/reactor.go:1422.68,1425.3 2 0
github.com/openagentsinc/bahia/internal/controlplane/reactor.go:1426.2,1427.16 2 0
github.com/openagentsinc/bahia/internal/controlplane/reactor.go:1427.16,1430.3 2 0
github.com/openagentsinc/bahia/internal/controlplane/reactor.go:1431.2,1432.16 2 0
github.com/openagentsinc/bahia/internal/controlplane/reactor.go:1432.16,1435.3 2 0
github.com/openagentsinc/bahia/internal/controlplane/reactor.go:1436.2,1437.16 2 0
github.com/openagentsinc/bahia/internal/controlplane/reactor.go:1437.16,1440.3 2 0
github.com/openagentsinc/bahia/internal/controlplane/reactor.go:1441.2,1444.49 4 0
github.com/openagentsinc/bahia/internal/controlplane/reactor.go:1444.49,1446.3 1 0
github.com/openagentsinc/bahia/internal/controlplane/reactor.go:1449.98,1450.35 1 1
github.com/openagentsinc/bahia/internal/controlplane/reactor.go:1450.35,1453.3 2 0
github.com/openagentsinc/bahia/internal/controlplane/reactor.go:1454.2,1454.26 1 1
github.com/openagentsinc/bahia/internal/controlplane/reactor.go:1454.26,1457.3 2 0
github.com/openagentsinc/bahia/internal/controlplane/reactor.go:1458.2,1458.13 1 1
github.com/openagentsinc/bahia/internal/controlplane/reactor.go:1461.56,1462.27 1 1
github.com/openagentsinc/bahia/internal/controlplane/reactor.go:1462.27,1463.37 1 1
github.com/openagentsinc/bahia/internal/controlplane/reactor.go:1463.37,1465.4 1 1
github.com/openagentsinc/bahia/internal/controlplane/reactor.go:1467.2,1467.11 1 0
github.com/openagentsinc/bahia/internal/controlplane/reactor.go:1470.34,1471.23 1 1
github.com/openagentsinc/bahia/internal/controlplane/reactor.go:1472.14,1473.11 1 1
github.com/openagentsinc/bahia/internal/controlplane/reactor.go:1474.20,1475.20 1 0
github.com/openagentsinc/bahia/internal/controlplane/reactor.go:1476.11,1477.12 1 1
github.com/openagentsinc/bahia/internal/controlplane/reactor.go:1478.10,1479.23 1 0
github.com/openagentsinc/bahia/internal/controlplane/reactor.go:1491.57,1494.52 3 0
github.com/openagentsinc/bahia/internal/controlplane/reactor.go:1494.52,1495.19 1 0
github.com/openagentsinc/bahia/internal/controlplane/reactor.go:1495.19,1496.12 1 0
github.com/openagentsinc/bahia/internal/controlplane/reactor.go:1498.3,1498.32 1 0
github.com/openagentsinc/bahia/internal/controlplane/reactor.go:1498.32,1499.12 1 0
github.com/openagentsinc/bahia/internal/controlplane/reactor.go:1501.3,1502.36 2 0
github.com/openagentsinc/bahia/internal/controlplane/reactor.go:1504.2,1504.16 1 0
github.com/openagentsinc/bahia/internal/controlplane/reactor.go:1508.52,1510.2 1 1
github.com/openagentsinc/bahia/internal/controlplane/reactor.go:1513.76,1514.18 1 1
github.com/openagentsinc/bahia/internal/controlplane/reactor.go:1514.18,1516.3 1 0
github.com/openagentsinc/bahia/internal/controlplane/reactor.go:1517.2,1517.57 1 1
github.com/openagentsinc/bahia/internal/controlplane/reactor.go:1517.57,1519.3 1 1
github.com/openagentsinc/bahia/internal/controlplane/reactor.go:1520.2,1520.15 1 1
github.com/openagentsinc/bahia/internal/controlplane/reactor.go:1521.29,1522.69 1 1
github.com/openagentsinc/bahia/internal/controlplane/reactor.go:1523.34,1524.74 1 1
github.com/openagentsinc/bahia/internal/controlplane/reactor.go:1525.10,1526.15 1 1
github.com/openagentsinc/bahia/internal/controlplane/reactor.go:1531.82,1540.72 3 0
github.com/openagentsinc/bahia/internal/controlplane/reactor.go:1540.72,1542.3 1 0
github.com/openagentsinc/bahia/internal/controlplane/reactor.go:1544.2,1546.16 3 0
github.com/openagentsinc/bahia/internal/controlplane/reactor.go:1546.16,1548.3 1 0
github.com/openagentsinc/bahia/internal/controlplane/reactor.go:1550.2,1551.16 2 0
github.com/openagentsinc/bahia/internal/controlplane/reactor.go:1551.16,1553.3 1 0
github.com/openagentsinc/bahia/internal/controlplane/reactor.go:1555.2,1556.16 2 0
github.com/openagentsinc/bahia/internal/controlplane/reactor.go:1556.16,1558.3 1 0
github.com/openagentsinc/bahia/internal/controlplane/reactor.go:1560.2,1560.18 1 0
github.com/openagentsinc/bahia/internal/controlplane/reactor.go:1571.121,1573.27 2 1
github.com/openagentsinc/bahia/internal/controlplane/reactor.go:1573.27,1574.20 1 1
github.com/openagentsinc/bahia/internal/controlplane/reactor.go:1574.20,1576.4 1 1
github.com/openagentsinc/bahia/internal/controlplane/reactor.go:1578.2,1578.33 1 1
github.com/openagentsinc/bahia/internal/controlplane/reactor.go:1578.33,1579.18 1 1
github.com/openagentsinc/bahia/internal/controlplane/reactor.go:1579.18,1581.4 1 1
github.com/openagentsinc/bahia/internal/controlplane/reactor.go:1582.3,1583.35 2 1
github.com/openagentsinc/bahia/internal/controlplane/reactor.go:1583.35,1585.4 1 1
github.com/openagentsinc/bahia/internal/controlplane/reactor.go:1586.3,1587.45 2 1
github.com/openagentsinc/bahia/internal/controlplane/reactor.go:1590.2,1593.16 4 1
github.com/openagentsinc/bahia/internal/controlplane/reactor.go:1593.16,1596.33 3 1
github.com/openagentsinc/bahia/internal/controlplane/reactor.go:1596.33,1598.4 1 1
github.com/openagentsinc/bahia/internal/controlplane/reactor.go:1599.3,1599.26 1 1
github.com/openagentsinc/bahia/internal/controlplane/reactor.go:1599.26,1601.4 1 1
github.com/openagentsinc/bahia/internal/controlplane/reactor.go:1602.3,1602.30 1 1
github.com/openagentsinc/bahia/internal/controlplane/reactor.go:1605.2,1612.32 2 1
github.com/openagentsinc/bahia/internal/controlplane/reactor.go:1612.32,1614.3 1 1
github.com/openagentsinc/bahia/internal/controlplane/reactor.go:1615.2,1621.40 6 1
github.com/openagentsinc/bahia/internal/controlplane/reactor.go:1621.40,1622.19 1 1
github.com/openagentsinc/bahia/internal/controlplane/reactor.go:1622.19,1623.12 1 0
github.com/openagentsinc/bahia/internal/controlplane/reactor.go:1625.3,1625.17 1 1
github.com/openagentsinc/bahia/internal/controlplane/reactor.go:1626.62,1627.23 1 1
github.com/openagentsinc/bahia/internal/controlplane/reactor.go:1633.2,1633.28 1 1
github.com/openagentsinc/bahia/internal/controlplane/reactor.go:1633.28,1634.28 1 1
github.com/openagentsinc/bahia/internal/controlplane/reactor.go:1634.28,1635.43 1 1
github.com/openagentsinc/bahia/internal/controlplane/reactor.go:1635.43,1637.10 2 1
github.com/openagentsinc/bahia/internal/controlplane/reactor.go:1641.2,1641.23 1 1
github.com/openagentsinc/bahia/internal/controlplane/reactor.go:1641.23,1642.64 1 0
github.com/openagentsinc/bahia/internal/controlplane/reactor.go:1642.64,1643.97 1 0
github.com/openagentsinc/bahia/internal/controlplane/reactor.go:1643.97,1647.5 3 0
github.com/openagentsinc/bahia/internal/controlplane/reactor.go:1650.2,1650.13 1 1
github.com/openagentsinc/bahia/internal/controlplane/reactor.go:1654.109,1670.48 4 0
github.com/openagentsinc/bahia/internal/controlplane/reactor.go:1670.48,1672.3 1 0
github.com/openagentsinc/bahia/internal/controlplane/reactor.go:1674.2,1675.12 2 0
github.com/openagentsinc/bahia/internal/controlplane/reactor.go:1679.130,1703.48 3 0
github.com/openagentsinc/bahia/internal/controlplane/reactor.go:1703.48,1705.3 1 0
github.com/openagentsinc/bahia/internal/controlplane/reactor.go:1707.2,1708.12 2 0
github.com/openagentsinc/bahia/internal/controlplane/reactor.go:1712.127,1725.16 4 1
github.com/openagentsinc/bahia/internal/controlplane/reactor.go:1725.16,1728.3 2 1
github.com/openagentsinc/bahia/internal/controlplane/reactor.go:1730.2,1739.56 3 1
github.com/openagentsinc/bahia/internal/controlplane/reactor.go:1739.56,1741.3 1 0
github.com/openagentsinc/bahia/internal/controlplane/reactor.go:1743.2,1744.15 2 1
github.com/openagentsinc/bahia/internal/controlplane/reactor.go:1748.122,1760.61 3 0
github.com/openagentsinc/bahia/internal/controlplane/reactor.go:1760.61,1761.102 1 0
github.com/openagentsinc/bahia/internal/controlplane/reactor.go:1761.102,1767.4 1 0
github.com/openagentsinc/bahia/internal/controlplane/reactor.go:1770.2,1777.48 2 0
github.com/openagentsinc/bahia/internal/controlplane/reactor.go:1777.48,1779.3 1 0
github.com/openagentsinc/bahia/internal/controlplane/reactor.go:1781.2,1782.12 2 0
github.com/openagentsinc/bahia/internal/controlplane/reactor.go:1785.125,1802.48 3 1
github.com/openagentsinc/bahia/internal/controlplane/reactor.go:1802.48,1804.3 1 0
github.com/openagentsinc/bahia/internal/controlplane/reactor.go:1805.2,1806.12 2 1
github.com/openagentsinc/bahia/internal/controlplane/reactor.go:1809.133,1828.48 3 1
github.com/openagentsinc/bahia/internal/controlplane/reactor.go:1828.48,1830.3 1 0
github.com/openagentsinc/bahia/internal/controlplane/reactor.go:1831.2,1832.12 2 1
github.com/openagentsinc/bahia/internal/controlplane/reactor.go:1835.158,1856.48 4 1
github.com/openagentsinc/bahia/internal/controlplane/reactor.go:1856.48,1858.3 1 0
github.com/openagentsinc/bahia/internal/controlplane/reactor.go:1859.2,1860.12 2 1
github.com/openagentsinc/bahia/internal/controlplane/reactor.go:1863.160,1883.48 4 1
github.com/openagentsinc/bahia/internal/controlplane/reactor.go:1883.48,1885.3 1 0
github.com/openagentsinc/bahia/internal/controlplane/reactor.go:1886.2,1887.12 2 1
github.com/openagentsinc/bahia/internal/controlplane/reactor.go:1890.111,1892.27 2 1
github.com/openagentsinc/bahia/internal/controlplane/reactor.go:1893.26,1894.34 1 0
github.com/openagentsinc/bahia/internal/controlplane/reactor.go:1895.30,1896.38 1 0
github.com/openagentsinc/bahia/internal/controlplane/reactor.go:1898.2,1908.48 5 1
github.com/openagentsinc/bahia/internal/controlplane/reactor.go:1908.48,1910.3 1 0
github.com/openagentsinc/bahia/internal/controlplane/reactor.go:1911.2,1912.12 2 1
github.com/openagentsinc/bahia/internal/controlplane/reactor.go:1915.82,1917.27 2 1
github.com/openagentsinc/bahia/internal/controlplane/reactor.go:1917.27,1918.20 1 1
github.com/openagentsinc/bahia/internal/controlplane/reactor.go:1918.20,1920.4 1 1
github.com/openagentsinc/bahia/internal/controlplane/reactor.go:1922.2,1922.33 1 1
github.com/openagentsinc/bahia/internal/controlplane/reactor.go:1922.33,1923.18 1 1
github.com/openagentsinc/bahia/internal/controlplane/reactor.go:1923.18,1925.4 1 1
github.com/openagentsinc/bahia/internal/controlplane/reactor.go:1926.3,1927.27 2 1
github.com/openagentsinc/bahia/internal/controlplane/reactor.go:1927.27,1929.4 1 0
github.com/openagentsinc/bahia/internal/controlplane/reactor.go:1930.3,1931.45 2 1
github.com/openagentsinc/bahia/internal/controlplane/reactor.go:1933.2,1933.32 1 1
github.com/openagentsinc/bahia/internal/controlplane/reactor.go:1933.32,1935.64 2 1
github.com/openagentsinc/bahia/internal/controlplane/reactor.go:1935.64,1941.4 5 1
github.com/openagentsinc/bahia/internal/controlplane/reactor.go:1943.2,1943.40 1 1
github.com/openagentsinc/bahia/internal/controlplane/reactor.go:1943.40,1944.19 1 1
github.com/openagentsinc/bahia/internal/controlplane/reactor.go:1944.19,1945.12 1 0
github.com/openagentsinc/bahia/internal/controlplane/reactor.go:1947.3,1947.17 1 1
github.com/openagentsinc/bahia/internal/controlplane/reactor.go:1948.59,1949.23 1 1
github.com/openagentsinc/bahia/internal/controlplane/reactor.go:1952.2,1952.13 1 1
github.com/openagentsinc/bahia/internal/controlplane/reactor.go:1956.116,1977.48 3 0
github.com/openagentsinc/bahia/internal/controlplane/reactor.go:1977.48,1979.3 1 0
github.com/openagentsinc/bahia/internal/controlplane/reactor.go:1981.2,1982.12 2 0
github.com/openagentsinc/bahia/internal/controlplane/reactor.go:1986.124,2007.48 3 0
github.com/openagentsinc/bahia/internal/controlplane/reactor.go:2007.48,2009.3 1 0
github.com/openagentsinc/bahia/internal/controlplane/reactor.go:2011.2,2012.12 2 0
github.com/openagentsinc/bahia/internal/controlplane/reactor.go:2016.108,2032.48 4 0
github.com/openagentsinc/bahia/internal/controlplane/reactor.go:2032.48,2034.3 1 0
github.com/openagentsinc/bahia/internal/controlplane/reactor.go:2036.2,2037.12 2 0
github.com/openagentsinc/bahia/internal/controlplane/reactor.go:2041.76,2043.2 1 1
github.com/openagentsinc/bahia/internal/controlplane/reactor.go:2045.86,2046.24 1 1
github.com/openagentsinc/bahia/internal/controlplane/reactor.go:2046.24,2048.3 1 0
github.com/openagentsinc/bahia/internal/controlplane/reactor.go:2049.2,2049.18 1 1
github.com/openagentsinc/bahia/internal/controlplane/reactor.go:2049.18,2051.3 1 0
github.com/openagentsinc/bahia/internal/controlplane/reactor.go:2052.2,2052.41 1 1
github.com/openagentsinc/bahia/internal/controlplane/reactor.go:2056.64,2060.2 3 0
github.com/openagentsinc/bahia/internal/controlplane/reactor.go:2076.84,2081.35 3 0
github.com/openagentsinc/bahia/internal/controlplane/reactor.go:2081.35,2085.3 3 0
github.com/openagentsinc/bahia/internal/controlplane/reactor.go:2088.2,2089.68 2 0
github.com/openagentsinc/bahia/internal/controlplane/reactor.go:2089.68,2093.3 3 0
github.com/openagentsinc/bahia/internal/controlplane/reactor.go:2096.2,2096.31 1 0
github.com/openagentsinc/bahia/internal/controlplane/reactor.go:2096.31,2099.3 2 0
github.com/openagentsinc/bahia/internal/controlplane/reactor.go:2100.2,2100.35 1 0
github.com/openagentsinc/bahia/internal/controlplane/reactor.go:2100.35,2103.3 2 0
github.com/openagentsinc/bahia/internal/controlplane/reactor.go:2104.2,2104.35 1 0
github.com/openagentsinc/bahia/internal/controlplane/reactor.go:2104.35,2107.3 2 0
github.com/openagentsinc/bahia/internal/controlplane/reactor.go:2110.2,2111.24 2 0
github.com/openagentsinc/bahia/internal/controlplane/reactor.go:2111.24,2113.3 1 0
github.com/openagentsinc/bahia/internal/controlplane/reactor.go:2116.2,2130.63 2 0
github.com/openagentsinc/bahia/internal/controlplane/reactor.go:2130.63,2134.3 3 0
github.com/openagentsinc/bahia/internal/controlplane/reactor.go:2136.2,2139.68 2 0
github.com/openagentsinc/bahia/internal/controlplane/reactor.go:2139.68,2141.3 1 0
github.com/openagentsinc/bahia/internal/controlplane/reactor.go:2144.2,2144.83 1 0
github.com/openagentsinc/bahia/internal/controlplane/reactor.go:2144.83,2146.3 1 0
github.com/openagentsinc/bahia/internal/controlplane/reactor.go:2150.81,2155.35 3 0
github.com/openagentsinc/bahia/internal/controlplane/reactor.go:2155.35,2159.3 3 0
github.com/openagentsinc/bahia/internal/controlplane/reactor.go:2162.2,2166.68 2 0
github.com/openagentsinc/bahia/internal/controlplane/reactor.go:2166.68,2170.3 3 0
github.com/openagentsinc/bahia/internal/controlplane/reactor.go:2173.2,2174.16 2 0
github.com/openagentsinc/bahia/internal/controlplane/reactor.go:2174.16,2178.3 3 0
github.com/openagentsinc/bahia/internal/controlplane/reactor.go:2181.2,2181.52 1 0
github.com/openagentsinc/bahia/internal/controlplane/reactor.go:2181.52,2184.3 2 0
github.com/openagentsinc/bahia/internal/controlplane/reactor.go:2187.2,2187.36 1 0
github.com/openagentsinc/bahia/internal/controlplane/reactor.go:2187.36,2190.3 2 0
github.com/openagentsinc/bahia/internal/controlplane/reactor.go:2193.2,2205.71 2 0
github.com/openagentsinc/bahia/internal/controlplane/reactor.go:2205.71,2209.3 3 0
github.com/openagentsinc/bahia/internal/controlplane/reactor.go:2211.2,2212.126 2 0
github.com/openagentsinc/bahia/internal/controlplane/reactor.go:2216.130,2240.48 3 0
github.com/openagentsinc/bahia/internal/controlplane/reactor.go:2240.48,2242.3 1 0
github.com/openagentsinc/bahia/internal/controlplane/reactor.go:2244.2,2245.12 2 0
github.com/openagentsinc/bahia/internal/controlplane/reactor.go:2249.161,2270.36 3 0
github.com/openagentsinc/bahia/internal/controlplane/reactor.go:2270.36,2272.3 1 0
github.com/openagentsinc/bahia/internal/controlplane/reactor.go:2273.2,2273.34 1 0
github.com/openagentsinc/bahia/internal/controlplane/reactor.go:2273.34,2275.3 1 0
github.com/openagentsinc/bahia/internal/controlplane/reactor.go:2277.2,2277.48 1 0
github.com/openagentsinc/bahia/internal/controlplane/reactor.go:2277.48,2279.3 1 0
github.com/openagentsinc/bahia/internal/controlplane/reactor.go:2281.2,2282.12 2 0
github.com/openagentsinc/bahia/internal/controlplane/reactor.go:2287.92,2289.16 2 0
github.com/openagentsinc/bahia/internal/controlplane/reactor.go:2289.16,2291.3 1 0
github.com/openagentsinc/bahia/internal/controlplane/reactor.go:2294.2,2301.36 2 0
github.com/openagentsinc/bahia/internal/controlplane/reactor.go:2301.36,2303.3 1 0
github.com/openagentsinc/bahia/internal/controlplane/reactor.go:2304.2,2304.34 1 0
github.com/openagentsinc/bahia/internal/controlplane/reactor.go:2304.34,2306.3 1 0
github.com/openagentsinc/bahia/internal/controlplane/reactor.go:2307.2,2307.38 1 0
github.com/openagentsinc/bahia/internal/controlplane/reactor.go:2307.38,2309.3 1 0
github.com/openagentsinc/bahia/internal/controlplane/reactor.go:2310.2,2310.39 1 0
github.com/openagentsinc/bahia/internal/controlplane/reactor.go:2310.39,2312.3 1 0
github.com/openagentsinc/bahia/internal/controlplane/reactor.go:2313.2,2313.35 1 0
github.com/openagentsinc/bahia/internal/controlplane/reactor.go:2313.35,2315.3 1 0
github.com/openagentsinc/bahia/internal/controlplane/reactor.go:2317.2,2332.36 4 0
github.com/openagentsinc/bahia/internal/controlplane/reactor.go:2332.36,2334.3 1 0
github.com/openagentsinc/bahia/internal/controlplane/reactor.go:2335.2,2335.34 1 0
github.com/openagentsinc/bahia/internal/controlplane/reactor.go:2335.34,2337.3 1 0
github.com/openagentsinc/bahia/internal/controlplane/reactor.go:2338.2,2338.38 1 0
github.com/openagentsinc/bahia/internal/controlplane/reactor.go:2338.38,2340.3 1 0
github.com/openagentsinc/bahia/internal/controlplane/reactor.go:2342.2,2342.48 1 0
github.com/openagentsinc/bahia/internal/controlplane/reactor.go:2342.48,2344.3 1 0
github.com/openagentsinc/bahia/internal/controlplane/reactor.go:2346.2,2347.12 2 0
github.com/openagentsinc/bahia/internal/controlplane/reactor.go:2350.115,2352.14 2 0
github.com/openagentsinc/bahia/internal/controlplane/reactor.go:2352.14,2355.34 3 0
github.com/openagentsinc/bahia/internal/controlplane/reactor.go:2355.34,2357.4 1 0
github.com/openagentsinc/bahia/internal/controlplane/reactor.go:2358.3,2362.64 5 0
github.com/openagentsinc/bahia/internal/controlplane/reactor.go:2364.2,2367.14 4 0
github.com/openagentsinc/bahia/internal/controlplane/reactor.go:2367.14,2369.34 2 0
github.com/openagentsinc/bahia/internal/controlplane/reactor.go:2369.34,2371.4 1 0
github.com/openagentsinc/bahia/internal/controlplane/reactor.go:2373.2,2374.48 2 0
github.com/openagentsinc/bahia/internal/controlplane/reactor.go:2374.48,2376.3 1 0
github.com/openagentsinc/bahia/internal/controlplane/reactor.go:2377.2,2378.12 2 0
github.com/openagentsinc/bahia/internal/controlplane/reactor.go:2382.90,2407.48 3 0
github.com/openagentsinc/bahia/internal/controlplane/reactor.go:2407.48,2409.3 1 0
github.com/openagentsinc/bahia/internal/controlplane/reactor.go:2411.2,2412.12 2 0
github.com/openagentsinc/bahia/internal/controlplane/reactor.go:2416.98,2439.48 3 0
github.com/openagentsinc/bahia/internal/controlplane/reactor.go:2439.48,2441.3 1 0
github.com/openagentsinc/bahia/internal/controlplane/reactor.go:2443.2,2444.12 2 0
github.com/openagentsinc/bahia/internal/controlplane/reactor.go:2448.52,2452.6 3 0
github.com/openagentsinc/bahia/internal/controlplane/reactor.go:2452.6,2453.10 1 0
github.com/openagentsinc/bahia/internal/controlplane/reactor.go:2454.21,2455.10 1 0
github.com/openagentsinc/bahia/internal/controlplane/reactor.go:2456.19,2460.32 4 0
github.com/openagentsinc/bahia/internal/controlplane/reactor.go:2460.32,2461.65 1 0
github.com/openagentsinc/bahia/internal/controlplane/reactor.go:2461.65,2464.6 2 0
github.com/openagentsinc/bahia/internal/controlplane/reactor.go:2466.4,2467.19 2 0
github.com/openagentsinc/bahia/internal/controlplane/reactor.go:2467.19,2469.5 1 0
github.com/openagentsinc/bahia/internal/controlplane/signer.go:17.79,19.25 2 1
github.com/openagentsinc/bahia/internal/controlplane/signer.go:19.25,21.3 1 0
github.com/openagentsinc/bahia/internal/controlplane/signer.go:23.2,24.16 2 1
github.com/openagentsinc/bahia/internal/controlplane/signer.go:24.16,26.3 1 0
github.com/openagentsinc/bahia/internal/controlplane/signer.go:27.2,27.24 1 1
github.com/openagentsinc/bahia/internal/controlplane/signer.go:27.24,29.3 1 0
github.com/openagentsinc/bahia/internal/controlplane/signer.go:31.2,34.20 4 1
github.com/openagentsinc/bahia/internal/controlplane/signer.go:41.99,42.15 1 1
github.com/openagentsinc/bahia/internal/controlplane/signer.go:42.15,44.3 1 0
github.com/openagentsinc/bahia/internal/controlplane/signer.go:45.2,45.19 1 1
github.com/openagentsinc/bahia/internal/controlplane/signer.go:45.19,47.3 1 1
github.com/openagentsinc/bahia/internal/controlplane/signer.go:49.2,50.63 2 1
github.com/openagentsinc/bahia/internal/controlplane/signer.go:50.63,52.3 1 0
github.com/openagentsinc/bahia/internal/controlplane/signer.go:53.2,54.12 2 1
github.com/openagentsinc/bahia/internal/controlplane/signer.go:57.63,64.2 1 1
github.com/openagentsinc/bahia/internal/controlplane/signer.go:66.71,74.2 7 1
github.com/openagentsinc/bahia/internal/controlplane/signer.go:76.61,78.27 2 1
github.com/openagentsinc/bahia/internal/controlplane/signer.go:78.27,80.3 1 1
github.com/openagentsinc/bahia/internal/controlplane/signer.go:81.2,81.18 1 1
github.com/openagentsinc/bahia/internal/controlplane/signer.go:84.59,86.27 2 1
github.com/openagentsinc/bahia/internal/controlplane/signer.go:86.27,88.3 1 1
github.com/openagentsinc/bahia/internal/controlplane/signer.go:89.2,89.18 1 1
github.com/openagentsinc/bahia/internal/controlplane/tool_responder.go:24.162,25.19 1 0
github.com/openagentsinc/bahia/internal/controlplane/tool_responder.go:25.19,27.3 1 0
github.com/openagentsinc/bahia/internal/controlplane/tool_responder.go:28.2,28.123 1 0
github.com/openagentsinc/bahia/internal/controlplane/tool_responder.go:32.158,34.2 1 0
github.com/openagentsinc/bahia/internal/controlplane/tool_responder.go:37.158,41.14 4 0
github.com/openagentsinc/bahia/internal/controlplane/tool_responder.go:41.14,45.3 3 0
github.com/openagentsinc/bahia/internal/controlplane/tool_responder.go:46.2,46.106 1 0
github.com/openagentsinc/bahia/internal/controlplane/tool_responder.go:50.134,51.77 1 0
github.com/openagentsinc/bahia/internal/controlplane/tool_responder.go:51.77,53.3 1 0
github.com/openagentsinc/bahia/internal/controlplane/tool_responder.go:54.2,71.60 4 0
github.com/openagentsinc/bahia/internal/controlplane/tool_responder.go:71.60,73.3 1 0
github.com/openagentsinc/bahia/internal/controlplane/tool_responder.go:74.2,74.57 1 0
github.com/openagentsinc/bahia/internal/controlplane/tool_responder.go:74.57,76.3 1 0
github.com/openagentsinc/bahia/internal/controlplane/tool_responder.go:77.2,78.12 2 0
github.com/openagentsinc/bahia/internal/controlplane/tool_responder.go:81.176,82.76 1 0
github.com/openagentsinc/bahia/internal/controlplane/tool_responder.go:82.76,84.3 1 0
github.com/openagentsinc/bahia/internal/controlplane/tool_responder.go:85.2,94.18 2 0
github.com/openagentsinc/bahia/internal/controlplane/tool_responder.go:94.18,96.3 1 0
github.com/openagentsinc/bahia/internal/controlplane/tool_responder.go:97.2,107.18 3 0
github.com/openagentsinc/bahia/internal/controlplane/tool_responder.go:107.18,109.3 1 0
github.com/openagentsinc/bahia/internal/controlplane/tool_responder.go:110.2,111.60 2 0
github.com/openagentsinc/bahia/internal/controlplane/tool_responder.go:111.60,113.3 1 0
github.com/openagentsinc/bahia/internal/controlplane/tool_responder.go:114.2,114.57 1 0
github.com/openagentsinc/bahia/internal/controlplane/tool_responder.go:114.57,116.3 1 0
github.com/openagentsinc/bahia/internal/controlplane/tool_responder.go:117.2,118.12 2 0
github.com/openagentsinc/bahia/internal/controlplane/tool_responder.go:121.110,122.37 1 0
github.com/openagentsinc/bahia/internal/controlplane/tool_responder.go:122.37,124.3 1 0
github.com/openagentsinc/bahia/internal/controlplane/tool_responder.go:125.2,126.282 2 0
github.com/openagentsinc/bahia/internal/controlplane/tool_responder.go:126.282,128.3 1 0
